-20,22,nCIsa0l2smZIDyQ/KDNSA4HSI7I=,oGIpQmdk1gyP9OjsK2kUb8WuJzA=
-21,22,nCIsa0l2smZIDyQ/KDNSA4HSI7I=,oGIpQmdk1gyP9OjsK2kUb8WuJzA=
-17,19,yhe54ZTu6vmwP3LS2jW+/Et+cjw=,oGIpQmdk1gyP9OjsK2kUb8WuJzA=
-18,19,yhe54ZTu6vmwP3LS2jW+/Et+cjw=,oGIpQmdk1gyP9OjsK2kUb8WuJzA=
-19,22,nCIsa0l2smZIDyQ/KDNSA4HSI7I=,oGIpQmdk1gyP9OjsK2kUb8WuJzA=
-22,22,nCIsa0l2smZIDyQ/KDNSA4HSI7I=,oGIpQmdk1gyP9OjsK2kUb8WuJzA=
-18,22,nCIsa0l2smZIDyQ/KDNSA4HSI7I=,oGIpQmdk1gyP9OjsK2kUb8WuJzA=
-19,19,yhe54ZTu6vmwP3LS2jW+/Et+cjw=,oGIpQmdk1gyP9OjsK2kUb8WuJzA=
-23,22,nCIsa0l2smZIDyQ/KDNSA4HSI7I=,oGIpQmdk1gyP9OjsK2kUb8WuJzA=
-17,21,nCIsa0l2smZIDyQ/KDNSA4HSI7I=,oGIpQmdk1gyP9OjsK2kUb8WuJzA=
-18,21,nCIsa0l2smZIDyQ/KDNSA4HSI7I=,oGIpQmdk1gyP9OjsK2kUb8WuJzA=
-19,21,nCIsa0l2smZIDyQ/KDNSA4HSI7I=,oGIpQmdk1gyP9OjsK2kUb8WuJzA=
-20,21,nCIsa0l2smZIDyQ/KDNSA4HSI7I=,oGIpQmdk1gyP9OjsK2kUb8WuJzA=
-20,19,yhe54ZTu6vmwP3LS2jW+/Et+cjw=,oGIpQmdk1gyP9OjsK2kUb8WuJzA=
-21,19,yhe54ZTu6vmwP3LS2jW+/Et+cjw=,oGIpQmdk1gyP9OjsK2kUb8WuJzA=
-21,21,nCIsa0l2smZIDyQ/KDNSA4HSI7I=,oGIpQmdk1gyP9OjsK2kUb8WuJzA=
-22,21,nCIsa0l2smZIDyQ/KDNSA4HSI7I=,oGIpQmdk1gyP9OjsK2kUb8WuJzA=
-22,19,yhe54ZTu6vmwP3LS2jW+/Et+cjw=,oGIpQmdk1gyP9OjsK2kUb8WuJzA=
-23,21,nCIsa0l2smZIDyQ/KDNSA4HSI7I=,oGIpQmdk1gyP9OjsK2kUb8WuJzA=
-17,20,nCIsa0l2smZIDyQ/KDNSA4HSI7I=,oGIpQmdk1gyP9OjsK2kUb8WuJzA=
-18,20,nCIsa0l2smZIDyQ/KDNSA4HSI7I=,oGIpQmdk1gyP9OjsK2kUb8WuJzA=
-19,20,nCIsa0l2smZIDyQ/KDNSA4HSI7I=,oGIpQmdk1gyP9OjsK2kUb8WuJzA=
-20,20,nCIsa0l2smZIDyQ/KDNSA4HSI7I=,oGIpQmdk1gyP9OjsK2kUb8WuJzA=
-21,20,yhe54ZTu6vmwP3LS2jW+/Et+cjw=,oGIpQmdk1gyP9OjsK2kUb8WuJzA=
-22,20,nCIsa0l2smZIDyQ/KDNSA4HSI7I=,oGIpQmdk1gyP9OjsK2kUb8WuJzA=
-23,20,nCIsa0l2smZIDyQ/KDNSA4HSI7I=,oGIpQmdk1gyP9OjsK2kUb8WuJzA=
-23,19,nCIsa0l2smZIDyQ/KDNSA4HSI7I=,oGIpQmdk1gyP9OjsK2kUb8WuJzA=
-17,18,nCIsa0l2smZIDyQ/KDNSA4HSI7I=,oGIpQmdk1gyP9OjsK2kUb8WuJzA=
-18,18,nCIsa0l2smZIDyQ/KDNSA4HSI7I=,oGIpQmdk1gyP9OjsK2kUb8WuJzA=
-19,18,yhe54ZTu6vmwP3LS2jW+/Et+cjw=,oGIpQmdk1gyP9OjsK2kUb8WuJzA=
-20,18,yhe54ZTu6vmwP3LS2jW+/Et+cjw=,oGIpQmdk1gyP9OjsK2kUb8WuJzA=
-21,18,yhe54ZTu6vmwP3LS2jW+/Et+cjw=,oGIpQmdk1gyP9OjsK2kUb8WuJzA=
-22,18,yhe54ZTu6vmwP3LS2jW+/Et+cjw=,oGIpQmdk1gyP9OjsK2kUb8WuJzA=
-23,18,yhe54ZTu6vmwP3LS2jW+/Et+cjw=,oGIpQmdk1gyP9OjsK2kUb8WuJzA=
-17,17,nCIsa0l2smZIDyQ/KDNSA4HSI7I=,oGIpQmdk1gyP9OjsK2kUb8WuJzA=
-18,17,nCIsa0l2smZIDyQ/KDNSA4HSI7I=,oGIpQmdk1gyP9OjsK2kUb8WuJzA=
-19,17,nCIsa0l2smZIDyQ/KDNSA4HSI7I=,oGIpQmdk1gyP9OjsK2kUb8WuJzA=
-21,17,nCIsa0l2smZIDyQ/KDNSA4HSI7I=,oGIpQmdk1gyP9OjsK2kUb8WuJzA=
-20,17,nCIsa0l2smZIDyQ/KDNSA4HSI7I=,oGIpQmdk1gyP9OjsK2kUb8WuJzA=
-22,17,nCIsa0l2smZIDyQ/KDNSA4HSI7I=,oGIpQmdk1gyP9OjsK2kUb8WuJzA=
-23,17,yhe54ZTu6vmwP3LS2jW+/Et+cjw=,oGIpQmdk1gyP9OjsK2kUb8WuJzA=
-17,22,nCIsa0l2smZIDyQ/KDNSA4HSI7I=,oGIpQmdk1gyP9OjsK2kUb8WuJzA=
-23,16,yhe54ZTu6vmwP3LS2jW+/Et+cjw=,oGIpQmdk1gyP9OjsK2kUb8WuJzA=
-22,16,nCIsa0l2smZIDyQ/KDNSA4HSI7I=,oGIpQmdk1gyP9OjsK2kUb8WuJzA=
-21,16,nCIsa0l2smZIDyQ/KDNSA4HSI7I=,oGIpQmdk1gyP9OjsK2kUb8WuJzA=
-20,16,nCIsa0l2smZIDyQ/KDNSA4HSI7I=,oGIpQmdk1gyP9OjsK2kUb8WuJzA=
-19,16,nCIsa0l2smZIDyQ/KDNSA4HSI7I=,oGIpQmdk1gyP9OjsK2kUb8WuJzA=
-18,16,nCIsa0l2smZIDyQ/KDNSA4HSI7I=,oGIpQmdk1gyP9OjsK2kUb8WuJzA=
-17,30,nCIsa0l2smZIDyQ/KDNSA4HSI7I=,zWqF2UTDERRrSjcweViXv55zsiU=
-20,24,nCIsa0l2smZIDyQ/KDNSA4HSI7I=,zWqF2UTDERRrSjcweViXv55zsiU=
-19,24,nCIsa0l2smZIDyQ/KDNSA4HSI7I=,zWqF2UTDERRrSjcweViXv55zsiU=
-18,24,nCIsa0l2smZIDyQ/KDNSA4HSI7I=,zWqF2UTDERRrSjcweViXv55zsiU=
-17,24,nCIsa0l2smZIDyQ/KDNSA4HSI7I=,zWqF2UTDERRrSjcweViXv55zsiU=
-22,25,nCIsa0l2smZIDyQ/KDNSA4HSI7I=,zWqF2UTDERRrSjcweViXv55zsiU=
-21,25,nCIsa0l2smZIDyQ/KDNSA4HSI7I=,zWqF2UTDERRrSjcweViXv55zsiU=
-23,23,nCIsa0l2smZIDyQ/KDNSA4HSI7I=,oGIpQmdk1gyP9OjsK2kUb8WuJzA=
-20,25,nCIsa0l2smZIDyQ/KDNSA4HSI7I=,zWqF2UTDERRrSjcweViXv55zsiU=
-23,31,yhe54ZTu6vmwP3LS2jW+/Et+cjw=,zWqF2UTDERRrSjcweViXv55zsiU=
-22,31,yhe54ZTu6vmwP3LS2jW+/Et+cjw=,zWqF2UTDERRrSjcweViXv55zsiU=
-21,31,yhe54ZTu6vmwP3LS2jW+/Et+cjw=,zWqF2UTDERRrSjcweViXv55zsiU=
-20,31,yhe54ZTu6vmwP3LS2jW+/Et+cjw=,zWqF2UTDERRrSjcweViXv55zsiU=
-18,30,nCIsa0l2smZIDyQ/KDNSA4HSI7I=,zWqF2UTDERRrSjcweViXv55zsiU=
-19,31,yhe54ZTu6vmwP3LS2jW+/Et+cjw=,zWqF2UTDERRrSjcweViXv55zsiU=
-19,25,nCIsa0l2smZIDyQ/KDNSA4HSI7I=,zWqF2UTDERRrSjcweViXv55zsiU=
-19,30,nCIsa0l2smZIDyQ/KDNSA4HSI7I=,zWqF2UTDERRrSjcweViXv55zsiU=
-18,25,nCIsa0l2smZIDyQ/KDNSA4HSI7I=,zWqF2UTDERRrSjcweViXv55zsiU=
-21,24,nCIsa0l2smZIDyQ/KDNSA4HSI7I=,zWqF2UTDERRrSjcweViXv55zsiU=
-18,31,yhe54ZTu6vmwP3LS2jW+/Et+cjw=,zWqF2UTDERRrSjcweViXv55zsiU=
-20,30,nCIsa0l2smZIDyQ/KDNSA4HSI7I=,zWqF2UTDERRrSjcweViXv55zsiU=
-17,25,nCIsa0l2smZIDyQ/KDNSA4HSI7I=,zWqF2UTDERRrSjcweViXv55zsiU=
-21,30,nCIsa0l2smZIDyQ/KDNSA4HSI7I=,zWqF2UTDERRrSjcweViXv55zsiU=
-22,26,nCIsa0l2smZIDyQ/KDNSA4HSI7I=,zWqF2UTDERRrSjcweViXv55zsiU=
-22,30,nCIsa0l2smZIDyQ/KDNSA4HSI7I=,zWqF2UTDERRrSjcweViXv55zsiU=
-21,26,nCIsa0l2smZIDyQ/KDNSA4HSI7I=,zWqF2UTDERRrSjcweViXv55zsiU=
-22,24,nCIsa0l2smZIDyQ/KDNSA4HSI7I=,zWqF2UTDERRrSjcweViXv55zsiU=
-20,26,nCIsa0l2smZIDyQ/KDNSA4HSI7I=,zWqF2UTDERRrSjcweViXv55zsiU=
-19,26,nCIsa0l2smZIDyQ/KDNSA4HSI7I=,zWqF2UTDERRrSjcweViXv55zsiU=
-23,30,nCIsa0l2smZIDyQ/KDNSA4HSI7I=,zWqF2UTDERRrSjcweViXv55zsiU=
-18,26,nCIsa0l2smZIDyQ/KDNSA4HSI7I=,zWqF2UTDERRrSjcweViXv55zsiU=
-17,29,nCIsa0l2smZIDyQ/KDNSA4HSI7I=,zWqF2UTDERRrSjcweViXv55zsiU=
-17,26,nCIsa0l2smZIDyQ/KDNSA4HSI7I=,zWqF2UTDERRrSjcweViXv55zsiU=
-22,27,nCIsa0l2smZIDyQ/KDNSA4HSI7I=,zWqF2UTDERRrSjcweViXv55zsiU=
-21,27,nCIsa0l2smZIDyQ/KDNSA4HSI7I=,zWqF2UTDERRrSjcweViXv55zsiU=
-20,27,nCIsa0l2smZIDyQ/KDNSA4HSI7I=,zWqF2UTDERRrSjcweViXv55zsiU=
-19,27,nCIsa0l2smZIDyQ/KDNSA4HSI7I=,zWqF2UTDERRrSjcweViXv55zsiU=
-18,27,nCIsa0l2smZIDyQ/KDNSA4HSI7I=,zWqF2UTDERRrSjcweViXv55zsiU=
-18,29,nCIsa0l2smZIDyQ/KDNSA4HSI7I=,zWqF2UTDERRrSjcweViXv55zsiU=
-17,27,nCIsa0l2smZIDyQ/KDNSA4HSI7I=,zWqF2UTDERRrSjcweViXv55zsiU=
-23,24,nCIsa0l2smZIDyQ/KDNSA4HSI7I=,zWqF2UTDERRrSjcweViXv55zsiU=
-22,23,nCIsa0l2smZIDyQ/KDNSA4HSI7I=,oGIpQmdk1gyP9OjsK2kUb8WuJzA=
-19,29,nCIsa0l2smZIDyQ/KDNSA4HSI7I=,zWqF2UTDERRrSjcweViXv55zsiU=
-22,28,nCIsa0l2smZIDyQ/KDNSA4HSI7I=,zWqF2UTDERRrSjcweViXv55zsiU=
-20,29,nCIsa0l2smZIDyQ/KDNSA4HSI7I=,zWqF2UTDERRrSjcweViXv55zsiU=
-21,28,nCIsa0l2smZIDyQ/KDNSA4HSI7I=,zWqF2UTDERRrSjcweViXv55zsiU=
-21,29,nCIsa0l2smZIDyQ/KDNSA4HSI7I=,zWqF2UTDERRrSjcweViXv55zsiU=
-20,28,nCIsa0l2smZIDyQ/KDNSA4HSI7I=,zWqF2UTDERRrSjcweViXv55zsiU=
-21,23,nCIsa0l2smZIDyQ/KDNSA4HSI7I=,oGIpQmdk1gyP9OjsK2kUb8WuJzA=
-17,23,nCIsa0l2smZIDyQ/KDNSA4HSI7I=,oGIpQmdk1gyP9OjsK2kUb8WuJzA=
-19,28,nCIsa0l2smZIDyQ/KDNSA4HSI7I=,zWqF2UTDERRrSjcweViXv55zsiU=
-18,28,nCIsa0l2smZIDyQ/KDNSA4HSI7I=,zWqF2UTDERRrSjcweViXv55zsiU=
-17,28,nCIsa0l2smZIDyQ/KDNSA4HSI7I=,zWqF2UTDERRrSjcweViXv55zsiU=
-20,23,nCIsa0l2smZIDyQ/KDNSA4HSI7I=,oGIpQmdk1gyP9OjsK2kUb8WuJzA=
-19,23,nCIsa0l2smZIDyQ/KDNSA4HSI7I=,oGIpQmdk1gyP9OjsK2kUb8WuJzA=
-18,23,nCIsa0l2smZIDyQ/KDNSA4HSI7I=,oGIpQmdk1gyP9OjsK2kUb8WuJzA=
-22,29,nCIsa0l2smZIDyQ/KDNSA4HSI7I=,zWqF2UTDERRrSjcweViXv55zsiU=
-30,18,nCIsa0l2smZIDyQ/KDNSA4HSI7I=,XCPQCov9u0G1gH0ZT2Izq+/Ud/s=
-29,16,yhe54ZTu6vmwP3LS2jW+/Et+cjw=,XCPQCov9u0G1gH0ZT2Izq+/Ud/s=
-24,22,yhe54ZTu6vmwP3LS2jW+/Et+cjw=,oGIpQmdk1gyP9OjsK2kUb8WuJzA=
-24,21,yhe54ZTu6vmwP3LS2jW+/Et+cjw=,oGIpQmdk1gyP9OjsK2kUb8WuJzA=
-31,17,yhe54ZTu6vmwP3LS2jW+/Et+cjw=,XCPQCov9u0G1gH0ZT2Izq+/Ud/s=
-31,16,yhe54ZTu6vmwP3LS2jW+/Et+cjw=,XCPQCov9u0G1gH0ZT2Izq+/Ud/s=
-24,20,yhe54ZTu6vmwP3LS2jW+/Et+cjw=,oGIpQmdk1gyP9OjsK2kUb8WuJzA=
-30,16,yhe54ZTu6vmwP3LS2jW+/Et+cjw=,XCPQCov9u0G1gH0ZT2Izq+/Ud/s=
-25,21,yhe54ZTu6vmwP3LS2jW+/Et+cjw=,XCPQCov9u0G1gH0ZT2Izq+/Ud/s=
-26,21,nCIsa0l2smZIDyQ/KDNSA4HSI7I=,XCPQCov9u0G1gH0ZT2Izq+/Ud/s=
-25,16,yhe54ZTu6vmwP3LS2jW+/Et+cjw=,XCPQCov9u0G1gH0ZT2Izq+/Ud/s=
-31,18,yhe54ZTu6vmwP3LS2jW+/Et+cjw=,XCPQCov9u0G1gH0ZT2Izq+/Ud/s=
-25,19,nCIsa0l2smZIDyQ/KDNSA4HSI7I=,XCPQCov9u0G1gH0ZT2Izq+/Ud/s=
-24,19,yhe54ZTu6vmwP3LS2jW+/Et+cjw=,oGIpQmdk1gyP9OjsK2kUb8WuJzA=
-26,16,yhe54ZTu6vmwP3LS2jW+/Et+cjw=,XCPQCov9u0G1gH0ZT2Izq+/Ud/s=
-29,19,yhe54ZTu6vmwP3LS2jW+/Et+cjw=,XCPQCov9u0G1gH0ZT2Izq+/Ud/s=
-26,19,nCIsa0l2smZIDyQ/KDNSA4HSI7I=,XCPQCov9u0G1gH0ZT2Izq+/Ud/s=
-24,18,yhe54ZTu6vmwP3LS2jW+/Et+cjw=,oGIpQmdk1gyP9OjsK2kUb8WuJzA=
-30,19,yhe54ZTu6vmwP3LS2jW+/Et+cjw=,XCPQCov9u0G1gH0ZT2Izq+/Ud/s=
-25,20,yhe54ZTu6vmwP3LS2jW+/Et+cjw=,XCPQCov9u0G1gH0ZT2Izq+/Ud/s=
-24,17,yhe54ZTu6vmwP3LS2jW+/Et+cjw=,oGIpQmdk1gyP9OjsK2kUb8WuJzA=
-26,20,yhe54ZTu6vmwP3LS2jW+/Et+cjw=,XCPQCov9u0G1gH0ZT2Izq+/Ud/s=
-25,17,yhe54ZTu6vmwP3LS2jW+/Et+cjw=,XCPQCov9u0G1gH0ZT2Izq+/Ud/s=
-31,19,yhe54ZTu6vmwP3LS2jW+/Et+cjw=,XCPQCov9u0G1gH0ZT2Izq+/Ud/s=
-24,16,yhe54ZTu6vmwP3LS2jW+/Et+cjw=,oGIpQmdk1gyP9OjsK2kUb8WuJzA=
-27,19,nCIsa0l2smZIDyQ/KDNSA4HSI7I=,XCPQCov9u0G1gH0ZT2Izq+/Ud/s=
-27,20,yhe54ZTu6vmwP3LS2jW+/Et+cjw=,XCPQCov9u0G1gH0ZT2Izq+/Ud/s=
-26,17,yhe54ZTu6vmwP3LS2jW+/Et+cjw=,XCPQCov9u0G1gH0ZT2Izq+/Ud/s=
-27,17,yhe54ZTu6vmwP3LS2jW+/Et+cjw=,XCPQCov9u0G1gH0ZT2Izq+/Ud/s=
-27,16,yhe54ZTu6vmwP3LS2jW+/Et+cjw=,XCPQCov9u0G1gH0ZT2Izq+/Ud/s=
-28,20,nCIsa0l2smZIDyQ/KDNSA4HSI7I=,XCPQCov9u0G1gH0ZT2Izq+/Ud/s=
-25,18,yhe54ZTu6vmwP3LS2jW+/Et+cjw=,XCPQCov9u0G1gH0ZT2Izq+/Ud/s=
-28,17,nCIsa0l2smZIDyQ/KDNSA4HSI7I=,XCPQCov9u0G1gH0ZT2Izq+/Ud/s=
-29,17,nCIsa0l2smZIDyQ/KDNSA4HSI7I=,XCPQCov9u0G1gH0ZT2Izq+/Ud/s=
-26,18,yhe54ZTu6vmwP3LS2jW+/Et+cjw=,XCPQCov9u0G1gH0ZT2Izq+/Ud/s=
-27,18,yhe54ZTu6vmwP3LS2jW+/Et+cjw=,XCPQCov9u0G1gH0ZT2Izq+/Ud/s=
-28,18,yhe54ZTu6vmwP3LS2jW+/Et+cjw=,XCPQCov9u0G1gH0ZT2Izq+/Ud/s=
-29,18,nCIsa0l2smZIDyQ/KDNSA4HSI7I=,XCPQCov9u0G1gH0ZT2Izq+/Ud/s=
-28,16,yhe54ZTu6vmwP3LS2jW+/Et+cjw=,XCPQCov9u0G1gH0ZT2Izq+/Ud/s=
-28,19,nCIsa0l2smZIDyQ/KDNSA4HSI7I=,XCPQCov9u0G1gH0ZT2Izq+/Ud/s=
-30,17,nCIsa0l2smZIDyQ/KDNSA4HSI7I=,XCPQCov9u0G1gH0ZT2Izq+/Ud/s=
-32,17,yhe54ZTu6vmwP3LS2jW+/Et+cjw=,XCPQCov9u0G1gH0ZT2Izq+/Ud/s=
-32,18,yhe54ZTu6vmwP3LS2jW+/Et+cjw=,XCPQCov9u0G1gH0ZT2Izq+/Ud/s=
-17,31,yhe54ZTu6vmwP3LS2jW+/Et+cjw=,zWqF2UTDERRrSjcweViXv55zsiU=
-17,16,yhe54ZTu6vmwP3LS2jW+/Et+cjw=,oGIpQmdk1gyP9OjsK2kUb8WuJzA=
-32,16,yhe54ZTu6vmwP3LS2jW+/Et+cjw=,XCPQCov9u0G1gH0ZT2Izq+/Ud/s=
-32,19,yhe54ZTu6vmwP3LS2jW+/Et+cjw=,XCPQCov9u0G1gH0ZT2Izq+/Ud/s=
-32,24,yhe54ZTu6vmwP3LS2jW+/Et+cjw=,MPs6a0Ulgmh5Zh62I64BSOHGu6A=
-27,22,yhe54ZTu6vmwP3LS2jW+/Et+cjw=,XCPQCov9u0G1gH0ZT2Izq+/Ud/s=
-23,29,yhe54ZTu6vmwP3LS2jW+/Et+cjw=,zWqF2UTDERRrSjcweViXv55zsiU=
-23,25,yhe54ZTu6vmwP3LS2jW+/Et+cjw=,zWqF2UTDERRrSjcweViXv55zsiU=
-31,25,yhe54ZTu6vmwP3LS2jW+/Et+cjw=,MPs6a0Ulgmh5Zh62I64BSOHGu6A=
-23,28,yhe54ZTu6vmwP3LS2jW+/Et+cjw=,zWqF2UTDERRrSjcweViXv55zsiU=
-23,26,yhe54ZTu6vmwP3LS2jW+/Et+cjw=,zWqF2UTDERRrSjcweViXv55zsiU=
-29,20,yhe54ZTu6vmwP3LS2jW+/Et+cjw=,XCPQCov9u0G1gH0ZT2Izq+/Ud/s=
-28,25,yhe54ZTu6vmwP3LS2jW+/Et+cjw=,MPs6a0Ulgmh5Zh62I64BSOHGu6A=
-30,22,yhe54ZTu6vmwP3LS2jW+/Et+cjw=,XCPQCov9u0G1gH0ZT2Izq+/Ud/s=
-30,20,yhe54ZTu6vmwP3LS2jW+/Et+cjw=,XCPQCov9u0G1gH0ZT2Izq+/Ud/s=
-23,27,yhe54ZTu6vmwP3LS2jW+/Et+cjw=,zWqF2UTDERRrSjcweViXv55zsiU=
-31,20,yhe54ZTu6vmwP3LS2jW+/Et+cjw=,XCPQCov9u0G1gH0ZT2Izq+/Ud/s=
-25,22,yhe54ZTu6vmwP3LS2jW+/Et+cjw=,XCPQCov9u0G1gH0ZT2Izq+/Ud/s=
-24,30,yhe54ZTu6vmwP3LS2jW+/Et+cjw=,zWqF2UTDERRrSjcweViXv55zsiU=
-29,25,yhe54ZTu6vmwP3LS2jW+/Et+cjw=,MPs6a0Ulgmh5Zh62I64BSOHGu6A=
-30,25,yhe54ZTu6vmwP3LS2jW+/Et+cjw=,MPs6a0Ulgmh5Zh62I64BSOHGu6A=
-26,22,yhe54ZTu6vmwP3LS2jW+/Et+cjw=,XCPQCov9u0G1gH0ZT2Izq+/Ud/s=
-27,21,yhe54ZTu6vmwP3LS2jW+/Et+cjw=,XCPQCov9u0G1gH0ZT2Izq+/Ud/s=
-32,25,yhe54ZTu6vmwP3LS2jW+/Et+cjw=,MPs6a0Ulgmh5Zh62I64BSOHGu6A=
-31,22,yhe54ZTu6vmwP3LS2jW+/Et+cjw=,XCPQCov9u0G1gH0ZT2Izq+/Ud/s=
-28,22,yhe54ZTu6vmwP3LS2jW+/Et+cjw=,XCPQCov9u0G1gH0ZT2Izq+/Ud/s=
-24,24,yhe54ZTu6vmwP3LS2jW+/Et+cjw=,zWqF2UTDERRrSjcweViXv55zsiU=
-28,21,yhe54ZTu6vmwP3LS2jW+/Et+cjw=,XCPQCov9u0G1gH0ZT2Izq+/Ud/s=
-27,25,yhe54ZTu6vmwP3LS2jW+/Et+cjw=,MPs6a0Ulgmh5Zh62I64BSOHGu6A=
-27,31,yhe54ZTu6vmwP3LS2jW+/Et+cjw=,MPs6a0Ulgmh5Zh62I64BSOHGu6A=
-27,24,yhe54ZTu6vmwP3LS2jW+/Et+cjw=,MPs6a0Ulgmh5Zh62I64BSOHGu6A=
-29,22,yhe54ZTu6vmwP3LS2jW+/Et+cjw=,XCPQCov9u0G1gH0ZT2Izq+/Ud/s=
-26,28,yhe54ZTu6vmwP3LS2jW+/Et+cjw=,MPs6a0Ulgmh5Zh62I64BSOHGu6A=
-26,25,yhe54ZTu6vmwP3LS2jW+/Et+cjw=,MPs6a0Ulgmh5Zh62I64BSOHGu6A=
-28,31,yhe54ZTu6vmwP3LS2jW+/Et+cjw=,MPs6a0Ulgmh5Zh62I64BSOHGu6A=
-30,21,yhe54ZTu6vmwP3LS2jW+/Et+cjw=,XCPQCov9u0G1gH0ZT2Izq+/Ud/s=
-32,20,yhe54ZTu6vmwP3LS2jW+/Et+cjw=,XCPQCov9u0G1gH0ZT2Izq+/Ud/s=
-24,23,yhe54ZTu6vmwP3LS2jW+/Et+cjw=,oGIpQmdk1gyP9OjsK2kUb8WuJzA=
-24,31,yhe54ZTu6vmwP3LS2jW+/Et+cjw=,zWqF2UTDERRrSjcweViXv55zsiU=
-30,31,yhe54ZTu6vmwP3LS2jW+/Et+cjw=,MPs6a0Ulgmh5Zh62I64BSOHGu6A=
-32,26,yhe54ZTu6vmwP3LS2jW+/Et+cjw=,MPs6a0Ulgmh5Zh62I64BSOHGu6A=
-31,26,yhe54ZTu6vmwP3LS2jW+/Et+cjw=,MPs6a0Ulgmh5Zh62I64BSOHGu6A=
-26,24,yhe54ZTu6vmwP3LS2jW+/Et+cjw=,MPs6a0Ulgmh5Zh62I64BSOHGu6A=
-29,26,yhe54ZTu6vmwP3LS2jW+/Et+cjw=,MPs6a0Ulgmh5Zh62I64BSOHGu6A=
-28,24,yhe54ZTu6vmwP3LS2jW+/Et+cjw=,MPs6a0Ulgmh5Zh62I64BSOHGu6A=
-25,24,yhe54ZTu6vmwP3LS2jW+/Et+cjw=,MPs6a0Ulgmh5Zh62I64BSOHGu6A=
-31,27,yhe54ZTu6vmwP3LS2jW+/Et+cjw=,MPs6a0Ulgmh5Zh62I64BSOHGu6A=
-28,26,yhe54ZTu6vmwP3LS2jW+/Et+cjw=,MPs6a0Ulgmh5Zh62I64BSOHGu6A=
-29,31,yhe54ZTu6vmwP3LS2jW+/Et+cjw=,MPs6a0Ulgmh5Zh62I64BSOHGu6A=
-30,24,yhe54ZTu6vmwP3LS2jW+/Et+cjw=,MPs6a0Ulgmh5Zh62I64BSOHGu6A=
-29,21,yhe54ZTu6vmwP3LS2jW+/Et+cjw=,XCPQCov9u0G1gH0ZT2Izq+/Ud/s=
-31,31,yhe54ZTu6vmwP3LS2jW+/Et+cjw=,MPs6a0Ulgmh5Zh62I64BSOHGu6A=
-24,29,yhe54ZTu6vmwP3LS2jW+/Et+cjw=,zWqF2UTDERRrSjcweViXv55zsiU=
-25,31,yhe54ZTu6vmwP3LS2jW+/Et+cjw=,MPs6a0Ulgmh5Zh62I64BSOHGu6A=
-29,27,yhe54ZTu6vmwP3LS2jW+/Et+cjw=,MPs6a0Ulgmh5Zh62I64BSOHGu6A=
-30,26,yhe54ZTu6vmwP3LS2jW+/Et+cjw=,MPs6a0Ulgmh5Zh62I64BSOHGu6A=
-26,31,yhe54ZTu6vmwP3LS2jW+/Et+cjw=,MPs6a0Ulgmh5Zh62I64BSOHGu6A=
-30,27,yhe54ZTu6vmwP3LS2jW+/Et+cjw=,MPs6a0Ulgmh5Zh62I64BSOHGu6A=
-32,28,yhe54ZTu6vmwP3LS2jW+/Et+cjw=,MPs6a0Ulgmh5Zh62I64BSOHGu6A=
-24,25,yhe54ZTu6vmwP3LS2jW+/Et+cjw=,zWqF2UTDERRrSjcweViXv55zsiU=
-29,24,yhe54ZTu6vmwP3LS2jW+/Et+cjw=,MPs6a0Ulgmh5Zh62I64BSOHGu6A=
-26,23,yhe54ZTu6vmwP3LS2jW+/Et+cjw=,XCPQCov9u0G1gH0ZT2Izq+/Ud/s=
-32,27,yhe54ZTu6vmwP3LS2jW+/Et+cjw=,MPs6a0Ulgmh5Zh62I64BSOHGu6A=
-31,28,yhe54ZTu6vmwP3LS2jW+/Et+cjw=,MPs6a0Ulgmh5Zh62I64BSOHGu6A=
-31,21,yhe54ZTu6vmwP3LS2jW+/Et+cjw=,XCPQCov9u0G1gH0ZT2Izq+/Ud/s=
-32,22,yhe54ZTu6vmwP3LS2jW+/Et+cjw=,XCPQCov9u0G1gH0ZT2Izq+/Ud/s=
-32,21,yhe54ZTu6vmwP3LS2jW+/Et+cjw=,XCPQCov9u0G1gH0ZT2Izq+/Ud/s=
-32,31,yhe54ZTu6vmwP3LS2jW+/Et+cjw=,MPs6a0Ulgmh5Zh62I64BSOHGu6A=
-31,24,yhe54ZTu6vmwP3LS2jW+/Et+cjw=,MPs6a0Ulgmh5Zh62I64BSOHGu6A=
-24,28,yhe54ZTu6vmwP3LS2jW+/Et+cjw=,zWqF2UTDERRrSjcweViXv55zsiU=
-25,26,yhe54ZTu6vmwP3LS2jW+/Et+cjw=,MPs6a0Ulgmh5Zh62I64BSOHGu6A=
-24,26,yhe54ZTu6vmwP3LS2jW+/Et+cjw=,zWqF2UTDERRrSjcweViXv55zsiU=
-27,26,yhe54ZTu6vmwP3LS2jW+/Et+cjw=,MPs6a0Ulgmh5Zh62I64BSOHGu6A=
-32,29,yhe54ZTu6vmwP3LS2jW+/Et+cjw=,MPs6a0Ulgmh5Zh62I64BSOHGu6A=
-30,28,yhe54ZTu6vmwP3LS2jW+/Et+cjw=,MPs6a0Ulgmh5Zh62I64BSOHGu6A=
-26,26,yhe54ZTu6vmwP3LS2jW+/Et+cjw=,MPs6a0Ulgmh5Zh62I64BSOHGu6A=
-28,27,yhe54ZTu6vmwP3LS2jW+/Et+cjw=,MPs6a0Ulgmh5Zh62I64BSOHGu6A=
-31,29,yhe54ZTu6vmwP3LS2jW+/Et+cjw=,MPs6a0Ulgmh5Zh62I64BSOHGu6A=
-25,30,yhe54ZTu6vmwP3LS2jW+/Et+cjw=,MPs6a0Ulgmh5Zh62I64BSOHGu6A=
-25,25,yhe54ZTu6vmwP3LS2jW+/Et+cjw=,MPs6a0Ulgmh5Zh62I64BSOHGu6A=
-25,27,yhe54ZTu6vmwP3LS2jW+/Et+cjw=,MPs6a0Ulgmh5Zh62I64BSOHGu6A=
-30,29,yhe54ZTu6vmwP3LS2jW+/Et+cjw=,MPs6a0Ulgmh5Zh62I64BSOHGu6A=
-26,27,yhe54ZTu6vmwP3LS2jW+/Et+cjw=,MPs6a0Ulgmh5Zh62I64BSOHGu6A=
-32,30,yhe54ZTu6vmwP3LS2jW+/Et+cjw=,MPs6a0Ulgmh5Zh62I64BSOHGu6A=
-31,30,yhe54ZTu6vmwP3LS2jW+/Et+cjw=,MPs6a0Ulgmh5Zh62I64BSOHGu6A=
-30,30,yhe54ZTu6vmwP3LS2jW+/Et+cjw=,MPs6a0Ulgmh5Zh62I64BSOHGu6A=
-27,27,yhe54ZTu6vmwP3LS2jW+/Et+cjw=,MPs6a0Ulgmh5Zh62I64BSOHGu6A=
-28,30,yhe54ZTu6vmwP3LS2jW+/Et+cjw=,MPs6a0Ulgmh5Zh62I64BSOHGu6A=
-32,23,yhe54ZTu6vmwP3LS2jW+/Et+cjw=,XCPQCov9u0G1gH0ZT2Izq+/Ud/s=
-25,28,yhe54ZTu6vmwP3LS2jW+/Et+cjw=,MPs6a0Ulgmh5Zh62I64BSOHGu6A=
-28,29,yhe54ZTu6vmwP3LS2jW+/Et+cjw=,MPs6a0Ulgmh5Zh62I64BSOHGu6A=
-31,23,yhe54ZTu6vmwP3LS2jW+/Et+cjw=,XCPQCov9u0G1gH0ZT2Izq+/Ud/s=
-24,27,yhe54ZTu6vmwP3LS2jW+/Et+cjw=,zWqF2UTDERRrSjcweViXv55zsiU=
-30,23,yhe54ZTu6vmwP3LS2jW+/Et+cjw=,XCPQCov9u0G1gH0ZT2Izq+/Ud/s=
-27,29,yhe54ZTu6vmwP3LS2jW+/Et+cjw=,MPs6a0Ulgmh5Zh62I64BSOHGu6A=
-25,29,yhe54ZTu6vmwP3LS2jW+/Et+cjw=,MPs6a0Ulgmh5Zh62I64BSOHGu6A=
-27,23,yhe54ZTu6vmwP3LS2jW+/Et+cjw=,XCPQCov9u0G1gH0ZT2Izq+/Ud/s=
-29,29,yhe54ZTu6vmwP3LS2jW+/Et+cjw=,MPs6a0Ulgmh5Zh62I64BSOHGu6A=
-28,23,yhe54ZTu6vmwP3LS2jW+/Et+cjw=,XCPQCov9u0G1gH0ZT2Izq+/Ud/s=
-29,23,yhe54ZTu6vmwP3LS2jW+/Et+cjw=,XCPQCov9u0G1gH0ZT2Izq+/Ud/s=
-29,28,yhe54ZTu6vmwP3LS2jW+/Et+cjw=,MPs6a0Ulgmh5Zh62I64BSOHGu6A=
-29,30,yhe54ZTu6vmwP3LS2jW+/Et+cjw=,MPs6a0Ulgmh5Zh62I64BSOHGu6A=
-27,30,yhe54ZTu6vmwP3LS2jW+/Et+cjw=,MPs6a0Ulgmh5Zh62I64BSOHGu6A=
-26,29,yhe54ZTu6vmwP3LS2jW+/Et+cjw=,MPs6a0Ulgmh5Zh62I64BSOHGu6A=
-28,28,yhe54ZTu6vmwP3LS2jW+/Et+cjw=,MPs6a0Ulgmh5Zh62I64BSOHGu6A=
-26,30,yhe54ZTu6vmwP3LS2jW+/Et+cjw=,MPs6a0Ulgmh5Zh62I64BSOHGu6A=
-27,28,yhe54ZTu6vmwP3LS2jW+/Et+cjw=,MPs6a0Ulgmh5Zh62I64BSOHGu6A=
-25,23,yhe54ZTu6vmwP3LS2jW+/Et+cjw=,XCPQCov9u0G1gH0ZT2Izq+/Ud/s=
-23,1,nCIsa0l2smZIDyQ/KDNSA4HSI7I=,PKqovoyAI36jf9dKp3PZuscltgU=
-18,0,nCIsa0l2smZIDyQ/KDNSA4HSI7I=,PKqovoyAI36jf9dKp3PZuscltgU=
-19,0,nCIsa0l2smZIDyQ/KDNSA4HSI7I=,PKqovoyAI36jf9dKp3PZuscltgU=
-18,6,nCIsa0l2smZIDyQ/KDNSA4HSI7I=,PKqovoyAI36jf9dKp3PZuscltgU=
-19,6,nCIsa0l2smZIDyQ/KDNSA4HSI7I=,PKqovoyAI36jf9dKp3PZuscltgU=
-21,6,nCIsa0l2smZIDyQ/KDNSA4HSI7I=,PKqovoyAI36jf9dKp3PZuscltgU=
-20,6,nCIsa0l2smZIDyQ/KDNSA4HSI7I=,PKqovoyAI36jf9dKp3PZuscltgU=
-20,0,nCIsa0l2smZIDyQ/KDNSA4HSI7I=,PKqovoyAI36jf9dKp3PZuscltgU=
-19,5,nCIsa0l2smZIDyQ/KDNSA4HSI7I=,PKqovoyAI36jf9dKp3PZuscltgU=
-18,5,nCIsa0l2smZIDyQ/KDNSA4HSI7I=,PKqovoyAI36jf9dKp3PZuscltgU=
-20,5,nCIsa0l2smZIDyQ/KDNSA4HSI7I=,PKqovoyAI36jf9dKp3PZuscltgU=
-21,0,nCIsa0l2smZIDyQ/KDNSA4HSI7I=,PKqovoyAI36jf9dKp3PZuscltgU=
-21,5,nCIsa0l2smZIDyQ/KDNSA4HSI7I=,PKqovoyAI36jf9dKp3PZuscltgU=
-22,5,nCIsa0l2smZIDyQ/KDNSA4HSI7I=,PKqovoyAI36jf9dKp3PZuscltgU=
-23,5,nCIsa0l2smZIDyQ/KDNSA4HSI7I=,PKqovoyAI36jf9dKp3PZuscltgU=
-22,0,nCIsa0l2smZIDyQ/KDNSA4HSI7I=,PKqovoyAI36jf9dKp3PZuscltgU=
-23,0,nCIsa0l2smZIDyQ/KDNSA4HSI7I=,PKqovoyAI36jf9dKp3PZuscltgU=
-18,4,nCIsa0l2smZIDyQ/KDNSA4HSI7I=,PKqovoyAI36jf9dKp3PZuscltgU=
-19,4,nCIsa0l2smZIDyQ/KDNSA4HSI7I=,PKqovoyAI36jf9dKp3PZuscltgU=
-20,4,nCIsa0l2smZIDyQ/KDNSA4HSI7I=,PKqovoyAI36jf9dKp3PZuscltgU=
-21,4,nCIsa0l2smZIDyQ/KDNSA4HSI7I=,PKqovoyAI36jf9dKp3PZuscltgU=
-22,4,nCIsa0l2smZIDyQ/KDNSA4HSI7I=,PKqovoyAI36jf9dKp3PZuscltgU=
-23,4,nCIsa0l2smZIDyQ/KDNSA4HSI7I=,PKqovoyAI36jf9dKp3PZuscltgU=
-18,3,nCIsa0l2smZIDyQ/KDNSA4HSI7I=,PKqovoyAI36jf9dKp3PZuscltgU=
-19,3,nCIsa0l2smZIDyQ/KDNSA4HSI7I=,PKqovoyAI36jf9dKp3PZuscltgU=
-20,3,nCIsa0l2smZIDyQ/KDNSA4HSI7I=,PKqovoyAI36jf9dKp3PZuscltgU=
-21,3,nCIsa0l2smZIDyQ/KDNSA4HSI7I=,PKqovoyAI36jf9dKp3PZuscltgU=
-22,3,nCIsa0l2smZIDyQ/KDNSA4HSI7I=,PKqovoyAI36jf9dKp3PZuscltgU=
-23,3,nCIsa0l2smZIDyQ/KDNSA4HSI7I=,PKqovoyAI36jf9dKp3PZuscltgU=
-18,2,nCIsa0l2smZIDyQ/KDNSA4HSI7I=,PKqovoyAI36jf9dKp3PZuscltgU=
-19,2,nCIsa0l2smZIDyQ/KDNSA4HSI7I=,PKqovoyAI36jf9dKp3PZuscltgU=
-20,2,nCIsa0l2smZIDyQ/KDNSA4HSI7I=,PKqovoyAI36jf9dKp3PZuscltgU=
-21,2,nCIsa0l2smZIDyQ/KDNSA4HSI7I=,PKqovoyAI36jf9dKp3PZuscltgU=
-22,2,nCIsa0l2smZIDyQ/KDNSA4HSI7I=,PKqovoyAI36jf9dKp3PZuscltgU=
-23,2,nCIsa0l2smZIDyQ/KDNSA4HSI7I=,PKqovoyAI36jf9dKp3PZuscltgU=
-18,1,nCIsa0l2smZIDyQ/KDNSA4HSI7I=,PKqovoyAI36jf9dKp3PZuscltgU=
-19,1,nCIsa0l2smZIDyQ/KDNSA4HSI7I=,PKqovoyAI36jf9dKp3PZuscltgU=
-20,1,nCIsa0l2smZIDyQ/KDNSA4HSI7I=,PKqovoyAI36jf9dKp3PZuscltgU=
-21,1,nCIsa0l2smZIDyQ/KDNSA4HSI7I=,PKqovoyAI36jf9dKp3PZuscltgU=
-22,1,nCIsa0l2smZIDyQ/KDNSA4HSI7I=,PKqovoyAI36jf9dKp3PZuscltgU=
-24,1,nCIsa0l2smZIDyQ/KDNSA4HSI7I=,PKqovoyAI36jf9dKp3PZuscltgU=
-24,2,nCIsa0l2smZIDyQ/KDNSA4HSI7I=,PKqovoyAI36jf9dKp3PZuscltgU=
-24,3,nCIsa0l2smZIDyQ/KDNSA4HSI7I=,PKqovoyAI36jf9dKp3PZuscltgU=
-24,4,nCIsa0l2smZIDyQ/KDNSA4HSI7I=,PKqovoyAI36jf9dKp3PZuscltgU=
-24,5,nCIsa0l2smZIDyQ/KDNSA4HSI7I=,PKqovoyAI36jf9dKp3PZuscltgU=
-24,6,nCIsa0l2smZIDyQ/KDNSA4HSI7I=,PKqovoyAI36jf9dKp3PZuscltgU=
-24,0,nCIsa0l2smZIDyQ/KDNSA4HSI7I=,PKqovoyAI36jf9dKp3PZuscltgU=
-20,12,nCIsa0l2smZIDyQ/KDNSA4HSI7I=,i+KgE/yPBAiYrHELGnpWgua2VJ8=
-18,15,nCIsa0l2smZIDyQ/KDNSA4HSI7I=,i+KgE/yPBAiYrHELGnpWgua2VJ8=
-20,13,nCIsa0l2smZIDyQ/KDNSA4HSI7I=,i+KgE/yPBAiYrHELGnpWgua2VJ8=
-19,12,nCIsa0l2smZIDyQ/KDNSA4HSI7I=,i+KgE/yPBAiYrHELGnpWgua2VJ8=
-18,12,nCIsa0l2smZIDyQ/KDNSA4HSI7I=,i+KgE/yPBAiYrHELGnpWgua2VJ8=
-22,11,nCIsa0l2smZIDyQ/KDNSA4HSI7I=,i+KgE/yPBAiYrHELGnpWgua2VJ8=
-19,13,nCIsa0l2smZIDyQ/KDNSA4HSI7I=,i+KgE/yPBAiYrHELGnpWgua2VJ8=
-21,11,nCIsa0l2smZIDyQ/KDNSA4HSI7I=,i+KgE/yPBAiYrHELGnpWgua2VJ8=
-18,13,nCIsa0l2smZIDyQ/KDNSA4HSI7I=,i+KgE/yPBAiYrHELGnpWgua2VJ8=
-17,13,nCIsa0l2smZIDyQ/KDNSA4HSI7I=,i+KgE/yPBAiYrHELGnpWgua2VJ8=
-17,12,nCIsa0l2smZIDyQ/KDNSA4HSI7I=,i+KgE/yPBAiYrHELGnpWgua2VJ8=
-17,15,nCIsa0l2smZIDyQ/KDNSA4HSI7I=,i+KgE/yPBAiYrHELGnpWgua2VJ8=
-24,13,nCIsa0l2smZIDyQ/KDNSA4HSI7I=,i+KgE/yPBAiYrHELGnpWgua2VJ8=
-20,8,nCIsa0l2smZIDyQ/KDNSA4HSI7I=,i+KgE/yPBAiYrHELGnpWgua2VJ8=
-18,14,nCIsa0l2smZIDyQ/KDNSA4HSI7I=,i+KgE/yPBAiYrHELGnpWgua2VJ8=
-18,11,nCIsa0l2smZIDyQ/KDNSA4HSI7I=,i+KgE/yPBAiYrHELGnpWgua2VJ8=
-17,14,nCIsa0l2smZIDyQ/KDNSA4HSI7I=,i+KgE/yPBAiYrHELGnpWgua2VJ8=
-24,14,nCIsa0l2smZIDyQ/KDNSA4HSI7I=,i+KgE/yPBAiYrHELGnpWgua2VJ8=
-23,13,nCIsa0l2smZIDyQ/KDNSA4HSI7I=,i+KgE/yPBAiYrHELGnpWgua2VJ8=
-22,13,nCIsa0l2smZIDyQ/KDNSA4HSI7I=,i+KgE/yPBAiYrHELGnpWgua2VJ8=
-23,14,nCIsa0l2smZIDyQ/KDNSA4HSI7I=,i+KgE/yPBAiYrHELGnpWgua2VJ8=
-24,15,nCIsa0l2smZIDyQ/KDNSA4HSI7I=,i+KgE/yPBAiYrHELGnpWgua2VJ8=
-24,10,nCIsa0l2smZIDyQ/KDNSA4HSI7I=,i+KgE/yPBAiYrHELGnpWgua2VJ8=
-23,15,nCIsa0l2smZIDyQ/KDNSA4HSI7I=,i+KgE/yPBAiYrHELGnpWgua2VJ8=
-24,12,nCIsa0l2smZIDyQ/KDNSA4HSI7I=,i+KgE/yPBAiYrHELGnpWgua2VJ8=
-21,13,nCIsa0l2smZIDyQ/KDNSA4HSI7I=,i+KgE/yPBAiYrHELGnpWgua2VJ8=
-19,8,nCIsa0l2smZIDyQ/KDNSA4HSI7I=,i+KgE/yPBAiYrHELGnpWgua2VJ8=
-21,7,nCIsa0l2smZIDyQ/KDNSA4HSI7I=,PKqovoyAI36jf9dKp3PZuscltgU=
-22,14,nCIsa0l2smZIDyQ/KDNSA4HSI7I=,i+KgE/yPBAiYrHELGnpWgua2VJ8=
-20,7,nCIsa0l2smZIDyQ/KDNSA4HSI7I=,PKqovoyAI36jf9dKp3PZuscltgU=
-22,15,nCIsa0l2smZIDyQ/KDNSA4HSI7I=,i+KgE/yPBAiYrHELGnpWgua2VJ8=
-19,7,nCIsa0l2smZIDyQ/KDNSA4HSI7I=,PKqovoyAI36jf9dKp3PZuscltgU=
-23,12,nCIsa0l2smZIDyQ/KDNSA4HSI7I=,i+KgE/yPBAiYrHELGnpWgua2VJ8=
-18,7,nCIsa0l2smZIDyQ/KDNSA4HSI7I=,PKqovoyAI36jf9dKp3PZuscltgU=
-18,8,nCIsa0l2smZIDyQ/KDNSA4HSI7I=,i+KgE/yPBAiYrHELGnpWgua2VJ8=
-21,14,nCIsa0l2smZIDyQ/KDNSA4HSI7I=,i+KgE/yPBAiYrHELGnpWgua2VJ8=
-20,14,nCIsa0l2smZIDyQ/KDNSA4HSI7I=,i+KgE/yPBAiYrHELGnpWgua2VJ8=
-22,12,nCIsa0l2smZIDyQ/KDNSA4HSI7I=,i+KgE/yPBAiYrHELGnpWgua2VJ8=
-21,15,nCIsa0l2smZIDyQ/KDNSA4HSI7I=,i+KgE/yPBAiYrHELGnpWgua2VJ8=
-24,11,nCIsa0l2smZIDyQ/KDNSA4HSI7I=,i+KgE/yPBAiYrHELGnpWgua2VJ8=
-23,11,nCIsa0l2smZIDyQ/KDNSA4HSI7I=,i+KgE/yPBAiYrHELGnpWgua2VJ8=
-19,14,nCIsa0l2smZIDyQ/KDNSA4HSI7I=,i+KgE/yPBAiYrHELGnpWgua2VJ8=
-20,15,nCIsa0l2smZIDyQ/KDNSA4HSI7I=,i+KgE/yPBAiYrHELGnpWgua2VJ8=
-17,3,nCIsa0l2smZIDyQ/KDNSA4HSI7I=,PKqovoyAI36jf9dKp3PZuscltgU=
-17,4,nCIsa0l2smZIDyQ/KDNSA4HSI7I=,PKqovoyAI36jf9dKp3PZuscltgU=
-17,5,nCIsa0l2smZIDyQ/KDNSA4HSI7I=,PKqovoyAI36jf9dKp3PZuscltgU=
-17,6,nCIsa0l2smZIDyQ/KDNSA4HSI7I=,PKqovoyAI36jf9dKp3PZuscltgU=
-17,7,nCIsa0l2smZIDyQ/KDNSA4HSI7I=,PKqovoyAI36jf9dKp3PZuscltgU=
-17,8,nCIsa0l2smZIDyQ/KDNSA4HSI7I=,i+KgE/yPBAiYrHELGnpWgua2VJ8=
-21,12,nCIsa0l2smZIDyQ/KDNSA4HSI7I=,i+KgE/yPBAiYrHELGnpWgua2VJ8=
-19,15,nCIsa0l2smZIDyQ/KDNSA4HSI7I=,i+KgE/yPBAiYrHELGnpWgua2VJ8=
-22,6,nCIsa0l2smZIDyQ/KDNSA4HSI7I=,PKqovoyAI36jf9dKp3PZuscltgU=
-24,7,nCIsa0l2smZIDyQ/KDNSA4HSI7I=,PKqovoyAI36jf9dKp3PZuscltgU=
-24,9,nCIsa0l2smZIDyQ/KDNSA4HSI7I=,i+KgE/yPBAiYrHELGnpWgua2VJ8=
-21,10,nCIsa0l2smZIDyQ/KDNSA4HSI7I=,i+KgE/yPBAiYrHELGnpWgua2VJ8=
-22,10,nCIsa0l2smZIDyQ/KDNSA4HSI7I=,i+KgE/yPBAiYrHELGnpWgua2VJ8=
-22,7,nCIsa0l2smZIDyQ/KDNSA4HSI7I=,PKqovoyAI36jf9dKp3PZuscltgU=
-17,10,nCIsa0l2smZIDyQ/KDNSA4HSI7I=,i+KgE/yPBAiYrHELGnpWgua2VJ8=
-20,9,nCIsa0l2smZIDyQ/KDNSA4HSI7I=,i+KgE/yPBAiYrHELGnpWgua2VJ8=
-24,8,nCIsa0l2smZIDyQ/KDNSA4HSI7I=,i+KgE/yPBAiYrHELGnpWgua2VJ8=
-20,11,nCIsa0l2smZIDyQ/KDNSA4HSI7I=,i+KgE/yPBAiYrHELGnpWgua2VJ8=
-23,6,nCIsa0l2smZIDyQ/KDNSA4HSI7I=,PKqovoyAI36jf9dKp3PZuscltgU=
-18,9,nCIsa0l2smZIDyQ/KDNSA4HSI7I=,i+KgE/yPBAiYrHELGnpWgua2VJ8=
-23,9,nCIsa0l2smZIDyQ/KDNSA4HSI7I=,i+KgE/yPBAiYrHELGnpWgua2VJ8=
-22,9,nCIsa0l2smZIDyQ/KDNSA4HSI7I=,i+KgE/yPBAiYrHELGnpWgua2VJ8=
-19,9,nCIsa0l2smZIDyQ/KDNSA4HSI7I=,i+KgE/yPBAiYrHELGnpWgua2VJ8=
-17,11,nCIsa0l2smZIDyQ/KDNSA4HSI7I=,i+KgE/yPBAiYrHELGnpWgua2VJ8=
-23,7,nCIsa0l2smZIDyQ/KDNSA4HSI7I=,PKqovoyAI36jf9dKp3PZuscltgU=
-21,8,nCIsa0l2smZIDyQ/KDNSA4HSI7I=,i+KgE/yPBAiYrHELGnpWgua2VJ8=
-21,9,nCIsa0l2smZIDyQ/KDNSA4HSI7I=,i+KgE/yPBAiYrHELGnpWgua2VJ8=
-20,10,nCIsa0l2smZIDyQ/KDNSA4HSI7I=,i+KgE/yPBAiYrHELGnpWgua2VJ8=
-19,11,nCIsa0l2smZIDyQ/KDNSA4HSI7I=,i+KgE/yPBAiYrHELGnpWgua2VJ8=
-23,10,nCIsa0l2smZIDyQ/KDNSA4HSI7I=,i+KgE/yPBAiYrHELGnpWgua2VJ8=
-17,9,nCIsa0l2smZIDyQ/KDNSA4HSI7I=,i+KgE/yPBAiYrHELGnpWgua2VJ8=
-17,1,nCIsa0l2smZIDyQ/KDNSA4HSI7I=,PKqovoyAI36jf9dKp3PZuscltgU=
-18,10,nCIsa0l2smZIDyQ/KDNSA4HSI7I=,i+KgE/yPBAiYrHELGnpWgua2VJ8=
-17,2,nCIsa0l2smZIDyQ/KDNSA4HSI7I=,PKqovoyAI36jf9dKp3PZuscltgU=
-17,0,nCIsa0l2smZIDyQ/KDNSA4HSI7I=,PKqovoyAI36jf9dKp3PZuscltgU=
-19,10,nCIsa0l2smZIDyQ/KDNSA4HSI7I=,i+KgE/yPBAiYrHELGnpWgua2VJ8=
-22,8,nCIsa0l2smZIDyQ/KDNSA4HSI7I=,i+KgE/yPBAiYrHELGnpWgua2VJ8=
-23,8,nCIsa0l2smZIDyQ/KDNSA4HSI7I=,i+KgE/yPBAiYrHELGnpWgua2VJ8=
-12,14,w/PN236BYXzhFZazFEdCmOlQ99w=,7bZEIEzABH8MxH13+ladIUPhFT8=
-13,14,w/PN236BYXzhFZazFEdCmOlQ99w=,7bZEIEzABH8MxH13+ladIUPhFT8=
-10,9,w/PN236BYXzhFZazFEdCmOlQ99w=,7bZEIEzABH8MxH13+ladIUPhFT8=
-14,13,w/PN236BYXzhFZazFEdCmOlQ99w=,7bZEIEzABH8MxH13+ladIUPhFT8=
-15,13,w/PN236BYXzhFZazFEdCmOlQ99w=,7bZEIEzABH8MxH13+ladIUPhFT8=
-14,14,w/PN236BYXzhFZazFEdCmOlQ99w=,7bZEIEzABH8MxH13+ladIUPhFT8=
-15,14,w/PN236BYXzhFZazFEdCmOlQ99w=,7bZEIEzABH8MxH13+ladIUPhFT8=
-10,12,w/PN236BYXzhFZazFEdCmOlQ99w=,7bZEIEzABH8MxH13+ladIUPhFT8=
-11,12,w/PN236BYXzhFZazFEdCmOlQ99w=,7bZEIEzABH8MxH13+ladIUPhFT8=
-12,12,w/PN236BYXzhFZazFEdCmOlQ99w=,7bZEIEzABH8MxH13+ladIUPhFT8=
-13,12,w/PN236BYXzhFZazFEdCmOlQ99w=,7bZEIEzABH8MxH13+ladIUPhFT8=
-14,12,w/PN236BYXzhFZazFEdCmOlQ99w=,7bZEIEzABH8MxH13+ladIUPhFT8=
-15,12,w/PN236BYXzhFZazFEdCmOlQ99w=,7bZEIEzABH8MxH13+ladIUPhFT8=
-10,11,w/PN236BYXzhFZazFEdCmOlQ99w=,7bZEIEzABH8MxH13+ladIUPhFT8=
-11,11,w/PN236BYXzhFZazFEdCmOlQ99w=,7bZEIEzABH8MxH13+ladIUPhFT8=
-10,13,w/PN236BYXzhFZazFEdCmOlQ99w=,7bZEIEzABH8MxH13+ladIUPhFT8=
-11,13,w/PN236BYXzhFZazFEdCmOlQ99w=,7bZEIEzABH8MxH13+ladIUPhFT8=
-15,11,w/PN236BYXzhFZazFEdCmOlQ99w=,7bZEIEzABH8MxH13+ladIUPhFT8=
-10,10,w/PN236BYXzhFZazFEdCmOlQ99w=,7bZEIEzABH8MxH13+ladIUPhFT8=
-12,13,w/PN236BYXzhFZazFEdCmOlQ99w=,7bZEIEzABH8MxH13+ladIUPhFT8=
-13,13,w/PN236BYXzhFZazFEdCmOlQ99w=,7bZEIEzABH8MxH13+ladIUPhFT8=
-10,14,w/PN236BYXzhFZazFEdCmOlQ99w=,7bZEIEzABH8MxH13+ladIUPhFT8=
-11,14,w/PN236BYXzhFZazFEdCmOlQ99w=,7bZEIEzABH8MxH13+ladIUPhFT8=
-9,14,w/PN236BYXzhFZazFEdCmOlQ99w=,7bZEIEzABH8MxH13+ladIUPhFT8=
-5,11,w/PN236BYXzhFZazFEdCmOlQ99w=,JG2ydSdkvejOM/cPh+geFWlHI7Y=
-6,11,w/PN236BYXzhFZazFEdCmOlQ99w=,JG2ydSdkvejOM/cPh+geFWlHI7Y=
-9,9,w/PN236BYXzhFZazFEdCmOlQ99w=,7bZEIEzABH8MxH13+ladIUPhFT8=
-7,11,w/PN236BYXzhFZazFEdCmOlQ99w=,JG2ydSdkvejOM/cPh+geFWlHI7Y=
-8,11,w/PN236BYXzhFZazFEdCmOlQ99w=,JG2ydSdkvejOM/cPh+geFWlHI7Y=
-4,14,w/PN236BYXzhFZazFEdCmOlQ99w=,JG2ydSdkvejOM/cPh+geFWlHI7Y=
-5,10,w/PN236BYXzhFZazFEdCmOlQ99w=,JG2ydSdkvejOM/cPh+geFWlHI7Y=
-6,10,w/PN236BYXzhFZazFEdCmOlQ99w=,JG2ydSdkvejOM/cPh+geFWlHI7Y=
-5,14,w/PN236BYXzhFZazFEdCmOlQ99w=,JG2ydSdkvejOM/cPh+geFWlHI7Y=
-7,10,w/PN236BYXzhFZazFEdCmOlQ99w=,JG2ydSdkvejOM/cPh+geFWlHI7Y=
-8,10,w/PN236BYXzhFZazFEdCmOlQ99w=,JG2ydSdkvejOM/cPh+geFWlHI7Y=
-6,14,w/PN236BYXzhFZazFEdCmOlQ99w=,JG2ydSdkvejOM/cPh+geFWlHI7Y=
-7,14,w/PN236BYXzhFZazFEdCmOlQ99w=,JG2ydSdkvejOM/cPh+geFWlHI7Y=
-8,14,w/PN236BYXzhFZazFEdCmOlQ99w=,JG2ydSdkvejOM/cPh+geFWlHI7Y=
-9,12,w/PN236BYXzhFZazFEdCmOlQ99w=,7bZEIEzABH8MxH13+ladIUPhFT8=
-4,13,w/PN236BYXzhFZazFEdCmOlQ99w=,JG2ydSdkvejOM/cPh+geFWlHI7Y=
-9,11,w/PN236BYXzhFZazFEdCmOlQ99w=,7bZEIEzABH8MxH13+ladIUPhFT8=
-5,13,w/PN236BYXzhFZazFEdCmOlQ99w=,JG2ydSdkvejOM/cPh+geFWlHI7Y=
-6,13,w/PN236BYXzhFZazFEdCmOlQ99w=,JG2ydSdkvejOM/cPh+geFWlHI7Y=
-7,13,w/PN236BYXzhFZazFEdCmOlQ99w=,JG2ydSdkvejOM/cPh+geFWlHI7Y=
-8,13,w/PN236BYXzhFZazFEdCmOlQ99w=,JG2ydSdkvejOM/cPh+geFWlHI7Y=
-9,13,w/PN236BYXzhFZazFEdCmOlQ99w=,7bZEIEzABH8MxH13+ladIUPhFT8=
-4,9,w/PN236BYXzhFZazFEdCmOlQ99w=,JG2ydSdkvejOM/cPh+geFWlHI7Y=
-5,12,w/PN236BYXzhFZazFEdCmOlQ99w=,JG2ydSdkvejOM/cPh+geFWlHI7Y=
-6,12,w/PN236BYXzhFZazFEdCmOlQ99w=,JG2ydSdkvejOM/cPh+geFWlHI7Y=
-7,12,w/PN236BYXzhFZazFEdCmOlQ99w=,JG2ydSdkvejOM/cPh+geFWlHI7Y=
-8,12,w/PN236BYXzhFZazFEdCmOlQ99w=,JG2ydSdkvejOM/cPh+geFWlHI7Y=
-9,10,w/PN236BYXzhFZazFEdCmOlQ99w=,7bZEIEzABH8MxH13+ladIUPhFT8=
-5,9,w/PN236BYXzhFZazFEdCmOlQ99w=,JG2ydSdkvejOM/cPh+geFWlHI7Y=
-6,9,w/PN236BYXzhFZazFEdCmOlQ99w=,JG2ydSdkvejOM/cPh+geFWlHI7Y=
-7,9,w/PN236BYXzhFZazFEdCmOlQ99w=,JG2ydSdkvejOM/cPh+geFWlHI7Y=
-8,9,w/PN236BYXzhFZazFEdCmOlQ99w=,JG2ydSdkvejOM/cPh+geFWlHI7Y=
-15,4,w/PN236BYXzhFZazFEdCmOlQ99w=,VINdZZS6QDYgVaVMCnWamFPDqjo=
-12,4,eFJA3mFwvQnOt2+66rmirS+KBy8=,VINdZZS6QDYgVaVMCnWamFPDqjo=
-10,8,w/PN236BYXzhFZazFEdCmOlQ99w=,7bZEIEzABH8MxH13+ladIUPhFT8=
-11,8,w/PN236BYXzhFZazFEdCmOlQ99w=,7bZEIEzABH8MxH13+ladIUPhFT8=
-15,8,w/PN236BYXzhFZazFEdCmOlQ99w=,7bZEIEzABH8MxH13+ladIUPhFT8=
-10,7,w/PN236BYXzhFZazFEdCmOlQ99w=,VINdZZS6QDYgVaVMCnWamFPDqjo=
-11,3,eFJA3mFwvQnOt2+66rmirS+KBy8=,VINdZZS6QDYgVaVMCnWamFPDqjo=
-12,3,eFJA3mFwvQnOt2+66rmirS+KBy8=,VINdZZS6QDYgVaVMCnWamFPDqjo=
-12,2,eFJA3mFwvQnOt2+66rmirS+KBy8=,VINdZZS6QDYgVaVMCnWamFPDqjo=
-14,7,w/PN236BYXzhFZazFEdCmOlQ99w=,VINdZZS6QDYgVaVMCnWamFPDqjo=
-15,7,w/PN236BYXzhFZazFEdCmOlQ99w=,VINdZZS6QDYgVaVMCnWamFPDqjo=
-13,4,eFJA3mFwvQnOt2+66rmirS+KBy8=,VINdZZS6QDYgVaVMCnWamFPDqjo=
-13,3,eFJA3mFwvQnOt2+66rmirS+KBy8=,VINdZZS6QDYgVaVMCnWamFPDqjo=
-13,2,eFJA3mFwvQnOt2+66rmirS+KBy8=,VINdZZS6QDYgVaVMCnWamFPDqjo=
-14,3,w/PN236BYXzhFZazFEdCmOlQ99w=,VINdZZS6QDYgVaVMCnWamFPDqjo=
-10,6,w/PN236BYXzhFZazFEdCmOlQ99w=,VINdZZS6QDYgVaVMCnWamFPDqjo=
-14,4,eFJA3mFwvQnOt2+66rmirS+KBy8=,VINdZZS6QDYgVaVMCnWamFPDqjo=
-11,6,w/PN236BYXzhFZazFEdCmOlQ99w=,VINdZZS6QDYgVaVMCnWamFPDqjo=
-14,6,w/PN236BYXzhFZazFEdCmOlQ99w=,VINdZZS6QDYgVaVMCnWamFPDqjo=
-15,6,w/PN236BYXzhFZazFEdCmOlQ99w=,VINdZZS6QDYgVaVMCnWamFPDqjo=
-10,5,w/PN236BYXzhFZazFEdCmOlQ99w=,VINdZZS6QDYgVaVMCnWamFPDqjo=
-12,5,eFJA3mFwvQnOt2+66rmirS+KBy8=,VINdZZS6QDYgVaVMCnWamFPDqjo=
-13,5,eFJA3mFwvQnOt2+66rmirS+KBy8=,VINdZZS6QDYgVaVMCnWamFPDqjo=
-14,5,eFJA3mFwvQnOt2+66rmirS+KBy8=,VINdZZS6QDYgVaVMCnWamFPDqjo=
-15,5,w/PN236BYXzhFZazFEdCmOlQ99w=,VINdZZS6QDYgVaVMCnWamFPDqjo=
-15,3,w/PN236BYXzhFZazFEdCmOlQ99w=,VINdZZS6QDYgVaVMCnWamFPDqjo=
-4,6,6X2QYxynNMqYQ8dTZ+WfBHvHENY=,GlRBWaceWz/rd4cLLLtdSXbpcf8=
-5,6,6X2QYxynNMqYQ8dTZ+WfBHvHENY=,GlRBWaceWz/rd4cLLLtdSXbpcf8=
-6,6,6X2QYxynNMqYQ8dTZ+WfBHvHENY=,GlRBWaceWz/rd4cLLLtdSXbpcf8=
-7,6,6X2QYxynNMqYQ8dTZ+WfBHvHENY=,GlRBWaceWz/rd4cLLLtdSXbpcf8=
-8,6,6X2QYxynNMqYQ8dTZ+WfBHvHENY=,GlRBWaceWz/rd4cLLLtdSXbpcf8=
-4,5,6X2QYxynNMqYQ8dTZ+WfBHvHENY=,GlRBWaceWz/rd4cLLLtdSXbpcf8=
-5,5,6X2QYxynNMqYQ8dTZ+WfBHvHENY=,GlRBWaceWz/rd4cLLLtdSXbpcf8=
-6,5,6X2QYxynNMqYQ8dTZ+WfBHvHENY=,GlRBWaceWz/rd4cLLLtdSXbpcf8=
-7,5,6X2QYxynNMqYQ8dTZ+WfBHvHENY=,GlRBWaceWz/rd4cLLLtdSXbpcf8=
-8,8,w/PN236BYXzhFZazFEdCmOlQ99w=,JG2ydSdkvejOM/cPh+geFWlHI7Y=
-7,8,w/PN236BYXzhFZazFEdCmOlQ99w=,JG2ydSdkvejOM/cPh+geFWlHI7Y=
-11,9,w/PN236BYXzhFZazFEdCmOlQ99w=,7bZEIEzABH8MxH13+ladIUPhFT8=
-12,11,w/PN236BYXzhFZazFEdCmOlQ99w=,7bZEIEzABH8MxH13+ladIUPhFT8=
-6,8,w/PN236BYXzhFZazFEdCmOlQ99w=,JG2ydSdkvejOM/cPh+geFWlHI7Y=
-5,8,w/PN236BYXzhFZazFEdCmOlQ99w=,JG2ydSdkvejOM/cPh+geFWlHI7Y=
-12,8,w/PN236BYXzhFZazFEdCmOlQ99w=,7bZEIEzABH8MxH13+ladIUPhFT8=
-11,10,w/PN236BYXzhFZazFEdCmOlQ99w=,7bZEIEzABH8MxH13+ladIUPhFT8=
-9,5,w/PN236BYXzhFZazFEdCmOlQ99w=,VINdZZS6QDYgVaVMCnWamFPDqjo=
-9,8,w/PN236BYXzhFZazFEdCmOlQ99w=,7bZEIEzABH8MxH13+ladIUPhFT8=
-11,7,w/PN236BYXzhFZazFEdCmOlQ99w=,VINdZZS6QDYgVaVMCnWamFPDqjo=
-4,11,w/PN236BYXzhFZazFEdCmOlQ99w=,JG2ydSdkvejOM/cPh+geFWlHI7Y=
-10,4,w/PN236BYXzhFZazFEdCmOlQ99w=,VINdZZS6QDYgVaVMCnWamFPDqjo=
-3,9,w/PN236BYXzhFZazFEdCmOlQ99w=,JG2ydSdkvejOM/cPh+geFWlHI7Y=
-12,6,w/PN236BYXzhFZazFEdCmOlQ99w=,VINdZZS6QDYgVaVMCnWamFPDqjo=
-12,7,w/PN236BYXzhFZazFEdCmOlQ99w=,VINdZZS6QDYgVaVMCnWamFPDqjo=
-12,9,w/PN236BYXzhFZazFEdCmOlQ99w=,7bZEIEzABH8MxH13+ladIUPhFT8=
-3,10,w/PN236BYXzhFZazFEdCmOlQ99w=,JG2ydSdkvejOM/cPh+geFWlHI7Y=
-4,10,w/PN236BYXzhFZazFEdCmOlQ99w=,JG2ydSdkvejOM/cPh+geFWlHI7Y=
-12,10,w/PN236BYXzhFZazFEdCmOlQ99w=,7bZEIEzABH8MxH13+ladIUPhFT8=
-1,9,w/PN236BYXzhFZazFEdCmOlQ99w=,JG2ydSdkvejOM/cPh+geFWlHI7Y=
-11,5,w/PN236BYXzhFZazFEdCmOlQ99w=,VINdZZS6QDYgVaVMCnWamFPDqjo=
-9,4,w/PN236BYXzhFZazFEdCmOlQ99w=,VINdZZS6QDYgVaVMCnWamFPDqjo=
-3,11,w/PN236BYXzhFZazFEdCmOlQ99w=,JG2ydSdkvejOM/cPh+geFWlHI7Y=
-5,4,6X2QYxynNMqYQ8dTZ+WfBHvHENY=,GlRBWaceWz/rd4cLLLtdSXbpcf8=
-2,9,w/PN236BYXzhFZazFEdCmOlQ99w=,JG2ydSdkvejOM/cPh+geFWlHI7Y=
-8,5,6X2QYxynNMqYQ8dTZ+WfBHvHENY=,GlRBWaceWz/rd4cLLLtdSXbpcf8=
-1,10,w/PN236BYXzhFZazFEdCmOlQ99w=,JG2ydSdkvejOM/cPh+geFWlHI7Y=
-11,4,w/PN236BYXzhFZazFEdCmOlQ99w=,VINdZZS6QDYgVaVMCnWamFPDqjo=
-6,4,6X2QYxynNMqYQ8dTZ+WfBHvHENY=,GlRBWaceWz/rd4cLLLtdSXbpcf8=
-2,11,w/PN236BYXzhFZazFEdCmOlQ99w=,JG2ydSdkvejOM/cPh+geFWlHI7Y=
-3,6,6X2QYxynNMqYQ8dTZ+WfBHvHENY=,GlRBWaceWz/rd4cLLLtdSXbpcf8=
-3,5,6X2QYxynNMqYQ8dTZ+WfBHvHENY=,GlRBWaceWz/rd4cLLLtdSXbpcf8=
-7,4,6X2QYxynNMqYQ8dTZ+WfBHvHENY=,GlRBWaceWz/rd4cLLLtdSXbpcf8=
-2,10,w/PN236BYXzhFZazFEdCmOlQ99w=,JG2ydSdkvejOM/cPh+geFWlHI7Y=
-8,3,6X2QYxynNMqYQ8dTZ+WfBHvHENY=,GlRBWaceWz/rd4cLLLtdSXbpcf8=
-7,15,w/PN236BYXzhFZazFEdCmOlQ99w=,JG2ydSdkvejOM/cPh+geFWlHI7Y=
-6,15,w/PN236BYXzhFZazFEdCmOlQ99w=,JG2ydSdkvejOM/cPh+geFWlHI7Y=
-5,15,w/PN236BYXzhFZazFEdCmOlQ99w=,JG2ydSdkvejOM/cPh+geFWlHI7Y=
-8,15,w/PN236BYXzhFZazFEdCmOlQ99w=,JG2ydSdkvejOM/cPh+geFWlHI7Y=
-15,15,w/PN236BYXzhFZazFEdCmOlQ99w=,7bZEIEzABH8MxH13+ladIUPhFT8=
-14,15,w/PN236BYXzhFZazFEdCmOlQ99w=,7bZEIEzABH8MxH13+ladIUPhFT8=
-13,15,w/PN236BYXzhFZazFEdCmOlQ99w=,7bZEIEzABH8MxH13+ladIUPhFT8=
-12,15,w/PN236BYXzhFZazFEdCmOlQ99w=,7bZEIEzABH8MxH13+ladIUPhFT8=
-11,15,w/PN236BYXzhFZazFEdCmOlQ99w=,7bZEIEzABH8MxH13+ladIUPhFT8=
-10,15,w/PN236BYXzhFZazFEdCmOlQ99w=,7bZEIEzABH8MxH13+ladIUPhFT8=
-9,15,w/PN236BYXzhFZazFEdCmOlQ99w=,7bZEIEzABH8MxH13+ladIUPhFT8=
-1,11,w/PN236BYXzhFZazFEdCmOlQ99w=,JG2ydSdkvejOM/cPh+geFWlHI7Y=
-8,4,6X2QYxynNMqYQ8dTZ+WfBHvHENY=,GlRBWaceWz/rd4cLLLtdSXbpcf8=
-5,2,6X2QYxynNMqYQ8dTZ+WfBHvHENY=,GlRBWaceWz/rd4cLLLtdSXbpcf8=
-4,7,6X2QYxynNMqYQ8dTZ+WfBHvHENY=,GlRBWaceWz/rd4cLLLtdSXbpcf8=
-5,7,6X2QYxynNMqYQ8dTZ+WfBHvHENY=,GlRBWaceWz/rd4cLLLtdSXbpcf8=
-6,7,6X2QYxynNMqYQ8dTZ+WfBHvHENY=,GlRBWaceWz/rd4cLLLtdSXbpcf8=
-7,7,6X2QYxynNMqYQ8dTZ+WfBHvHENY=,GlRBWaceWz/rd4cLLLtdSXbpcf8=
-8,7,6X2QYxynNMqYQ8dTZ+WfBHvHENY=,GlRBWaceWz/rd4cLLLtdSXbpcf8=
-9,7,w/PN236BYXzhFZazFEdCmOlQ99w=,VINdZZS6QDYgVaVMCnWamFPDqjo=
-2,6,6X2QYxynNMqYQ8dTZ+WfBHvHENY=,GlRBWaceWz/rd4cLLLtdSXbpcf8=
-11,0,w/PN236BYXzhFZazFEdCmOlQ99w=,VINdZZS6QDYgVaVMCnWamFPDqjo=
-10,3,w/PN236BYXzhFZazFEdCmOlQ99w=,VINdZZS6QDYgVaVMCnWamFPDqjo=
-6,2,6X2QYxynNMqYQ8dTZ+WfBHvHENY=,GlRBWaceWz/rd4cLLLtdSXbpcf8=
-9,6,w/PN236BYXzhFZazFEdCmOlQ99w=,VINdZZS6QDYgVaVMCnWamFPDqjo=
-11,2,w/PN236BYXzhFZazFEdCmOlQ99w=,VINdZZS6QDYgVaVMCnWamFPDqjo=
-8,2,6X2QYxynNMqYQ8dTZ+WfBHvHENY=,GlRBWaceWz/rd4cLLLtdSXbpcf8=
-9,0,w/PN236BYXzhFZazFEdCmOlQ99w=,VINdZZS6QDYgVaVMCnWamFPDqjo=
-10,0,w/PN236BYXzhFZazFEdCmOlQ99w=,VINdZZS6QDYgVaVMCnWamFPDqjo=
-1,8,w/PN236BYXzhFZazFEdCmOlQ99w=,JG2ydSdkvejOM/cPh+geFWlHI7Y=
-4,8,w/PN236BYXzhFZazFEdCmOlQ99w=,JG2ydSdkvejOM/cPh+geFWlHI7Y=
-3,8,w/PN236BYXzhFZazFEdCmOlQ99w=,JG2ydSdkvejOM/cPh+geFWlHI7Y=
-10,2,w/PN236BYXzhFZazFEdCmOlQ99w=,VINdZZS6QDYgVaVMCnWamFPDqjo=
-2,8,w/PN236BYXzhFZazFEdCmOlQ99w=,JG2ydSdkvejOM/cPh+geFWlHI7Y=
-9,1,w/PN236BYXzhFZazFEdCmOlQ99w=,VINdZZS6QDYgVaVMCnWamFPDqjo=
-3,7,6X2QYxynNMqYQ8dTZ+WfBHvHENY=,GlRBWaceWz/rd4cLLLtdSXbpcf8=
-7,1,6X2QYxynNMqYQ8dTZ+WfBHvHENY=,GlRBWaceWz/rd4cLLLtdSXbpcf8=
-5,1,6X2QYxynNMqYQ8dTZ+WfBHvHENY=,GlRBWaceWz/rd4cLLLtdSXbpcf8=
-7,2,6X2QYxynNMqYQ8dTZ+WfBHvHENY=,GlRBWaceWz/rd4cLLLtdSXbpcf8=
-8,1,6X2QYxynNMqYQ8dTZ+WfBHvHENY=,GlRBWaceWz/rd4cLLLtdSXbpcf8=
-6,1,6X2QYxynNMqYQ8dTZ+WfBHvHENY=,GlRBWaceWz/rd4cLLLtdSXbpcf8=
-2,7,6X2QYxynNMqYQ8dTZ+WfBHvHENY=,GlRBWaceWz/rd4cLLLtdSXbpcf8=
-9,2,w/PN236BYXzhFZazFEdCmOlQ99w=,VINdZZS6QDYgVaVMCnWamFPDqjo=
-16,15,w/PN236BYXzhFZazFEdCmOlQ99w=,7bZEIEzABH8MxH13+ladIUPhFT8=
-16,11,w/PN236BYXzhFZazFEdCmOlQ99w=,7bZEIEzABH8MxH13+ladIUPhFT8=
-16,13,w/PN236BYXzhFZazFEdCmOlQ99w=,7bZEIEzABH8MxH13+ladIUPhFT8=
-16,14,w/PN236BYXzhFZazFEdCmOlQ99w=,7bZEIEzABH8MxH13+ladIUPhFT8=
-16,12,w/PN236BYXzhFZazFEdCmOlQ99w=,7bZEIEzABH8MxH13+ladIUPhFT8=
-10,1,w/PN236BYXzhFZazFEdCmOlQ99w=,VINdZZS6QDYgVaVMCnWamFPDqjo=
-9,3,w/PN236BYXzhFZazFEdCmOlQ99w=,VINdZZS6QDYgVaVMCnWamFPDqjo=
-11,1,w/PN236BYXzhFZazFEdCmOlQ99w=,VINdZZS6QDYgVaVMCnWamFPDqjo=
-12,1,w/PN236BYXzhFZazFEdCmOlQ99w=,VINdZZS6QDYgVaVMCnWamFPDqjo=
-4,4,6X2QYxynNMqYQ8dTZ+WfBHvHENY=,GlRBWaceWz/rd4cLLLtdSXbpcf8=
-3,14,w/PN236BYXzhFZazFEdCmOlQ99w=,JG2ydSdkvejOM/cPh+geFWlHI7Y=
-1,7,6X2QYxynNMqYQ8dTZ+WfBHvHENY=,GlRBWaceWz/rd4cLLLtdSXbpcf8=
-4,15,w/PN236BYXzhFZazFEdCmOlQ99w=,JG2ydSdkvejOM/cPh+geFWlHI7Y=
-16,4,w/PN236BYXzhFZazFEdCmOlQ99w=,VINdZZS6QDYgVaVMCnWamFPDqjo=
-16,5,w/PN236BYXzhFZazFEdCmOlQ99w=,VINdZZS6QDYgVaVMCnWamFPDqjo=
-16,6,w/PN236BYXzhFZazFEdCmOlQ99w=,VINdZZS6QDYgVaVMCnWamFPDqjo=
-16,7,w/PN236BYXzhFZazFEdCmOlQ99w=,VINdZZS6QDYgVaVMCnWamFPDqjo=
-16,8,w/PN236BYXzhFZazFEdCmOlQ99w=,7bZEIEzABH8MxH13+ladIUPhFT8=
-3,15,w/PN236BYXzhFZazFEdCmOlQ99w=,JG2ydSdkvejOM/cPh+geFWlHI7Y=
-8,0,6X2QYxynNMqYQ8dTZ+WfBHvHENY=,GlRBWaceWz/rd4cLLLtdSXbpcf8=
-4,12,w/PN236BYXzhFZazFEdCmOlQ99w=,JG2ydSdkvejOM/cPh+geFWlHI7Y=
-13,9,w/PN236BYXzhFZazFEdCmOlQ99w=,7bZEIEzABH8MxH13+ladIUPhFT8=
-3,13,w/PN236BYXzhFZazFEdCmOlQ99w=,JG2ydSdkvejOM/cPh+geFWlHI7Y=
-13,1,w/PN236BYXzhFZazFEdCmOlQ99w=,VINdZZS6QDYgVaVMCnWamFPDqjo=
-15,2,w/PN236BYXzhFZazFEdCmOlQ99w=,VINdZZS6QDYgVaVMCnWamFPDqjo=
-2,4,6X2QYxynNMqYQ8dTZ+WfBHvHENY=,GlRBWaceWz/rd4cLLLtdSXbpcf8=
-2,14,w/PN236BYXzhFZazFEdCmOlQ99w=,JG2ydSdkvejOM/cPh+geFWlHI7Y=
-14,2,w/PN236BYXzhFZazFEdCmOlQ99w=,VINdZZS6QDYgVaVMCnWamFPDqjo=
-16,9,w/PN236BYXzhFZazFEdCmOlQ99w=,7bZEIEzABH8MxH13+ladIUPhFT8=
-14,0,w/PN236BYXzhFZazFEdCmOlQ99w=,VINdZZS6QDYgVaVMCnWamFPDqjo=
-15,1,w/PN236BYXzhFZazFEdCmOlQ99w=,VINdZZS6QDYgVaVMCnWamFPDqjo=
-1,4,6X2QYxynNMqYQ8dTZ+WfBHvHENY=,GlRBWaceWz/rd4cLLLtdSXbpcf8=
-1,5,6X2QYxynNMqYQ8dTZ+WfBHvHENY=,GlRBWaceWz/rd4cLLLtdSXbpcf8=
-14,1,w/PN236BYXzhFZazFEdCmOlQ99w=,VINdZZS6QDYgVaVMCnWamFPDqjo=
-6,0,6X2QYxynNMqYQ8dTZ+WfBHvHENY=,GlRBWaceWz/rd4cLLLtdSXbpcf8=
-2,12,w/PN236BYXzhFZazFEdCmOlQ99w=,JG2ydSdkvejOM/cPh+geFWlHI7Y=
-7,0,6X2QYxynNMqYQ8dTZ+WfBHvHENY=,GlRBWaceWz/rd4cLLLtdSXbpcf8=
-1,6,6X2QYxynNMqYQ8dTZ+WfBHvHENY=,GlRBWaceWz/rd4cLLLtdSXbpcf8=
-2,13,w/PN236BYXzhFZazFEdCmOlQ99w=,JG2ydSdkvejOM/cPh+geFWlHI7Y=
-1,15,w/PN236BYXzhFZazFEdCmOlQ99w=,JG2ydSdkvejOM/cPh+geFWlHI7Y=
-7,3,6X2QYxynNMqYQ8dTZ+WfBHvHENY=,GlRBWaceWz/rd4cLLLtdSXbpcf8=
-6,3,6X2QYxynNMqYQ8dTZ+WfBHvHENY=,GlRBWaceWz/rd4cLLLtdSXbpcf8=
-16,0,w/PN236BYXzhFZazFEdCmOlQ99w=,VINdZZS6QDYgVaVMCnWamFPDqjo=
-12,0,w/PN236BYXzhFZazFEdCmOlQ99w=,VINdZZS6QDYgVaVMCnWamFPDqjo=
-13,6,w/PN236BYXzhFZazFEdCmOlQ99w=,VINdZZS6QDYgVaVMCnWamFPDqjo=
-14,8,w/PN236BYXzhFZazFEdCmOlQ99w=,7bZEIEzABH8MxH13+ladIUPhFT8=
-13,7,w/PN236BYXzhFZazFEdCmOlQ99w=,VINdZZS6QDYgVaVMCnWamFPDqjo=
-15,10,w/PN236BYXzhFZazFEdCmOlQ99w=,7bZEIEzABH8MxH13+ladIUPhFT8=
-14,11,w/PN236BYXzhFZazFEdCmOlQ99w=,7bZEIEzABH8MxH13+ladIUPhFT8=
-16,2,w/PN236BYXzhFZazFEdCmOlQ99w=,VINdZZS6QDYgVaVMCnWamFPDqjo=
-13,11,w/PN236BYXzhFZazFEdCmOlQ99w=,7bZEIEzABH8MxH13+ladIUPhFT8=
-14,10,w/PN236BYXzhFZazFEdCmOlQ99w=,7bZEIEzABH8MxH13+ladIUPhFT8=
-3,12,w/PN236BYXzhFZazFEdCmOlQ99w=,JG2ydSdkvejOM/cPh+geFWlHI7Y=
-5,3,6X2QYxynNMqYQ8dTZ+WfBHvHENY=,GlRBWaceWz/rd4cLLLtdSXbpcf8=
-16,10,w/PN236BYXzhFZazFEdCmOlQ99w=,7bZEIEzABH8MxH13+ladIUPhFT8=
-2,15,w/PN236BYXzhFZazFEdCmOlQ99w=,JG2ydSdkvejOM/cPh+geFWlHI7Y=
-2,5,6X2QYxynNMqYQ8dTZ+WfBHvHENY=,GlRBWaceWz/rd4cLLLtdSXbpcf8=
-5,0,6X2QYxynNMqYQ8dTZ+WfBHvHENY=,GlRBWaceWz/rd4cLLLtdSXbpcf8=
-1,14,w/PN236BYXzhFZazFEdCmOlQ99w=,JG2ydSdkvejOM/cPh+geFWlHI7Y=
-15,0,w/PN236BYXzhFZazFEdCmOlQ99w=,VINdZZS6QDYgVaVMCnWamFPDqjo=
-16,3,w/PN236BYXzhFZazFEdCmOlQ99w=,VINdZZS6QDYgVaVMCnWamFPDqjo=
-15,9,w/PN236BYXzhFZazFEdCmOlQ99w=,7bZEIEzABH8MxH13+ladIUPhFT8=
-14,9,w/PN236BYXzhFZazFEdCmOlQ99w=,7bZEIEzABH8MxH13+ladIUPhFT8=
-1,13,w/PN236BYXzhFZazFEdCmOlQ99w=,JG2ydSdkvejOM/cPh+geFWlHI7Y=
-13,8,w/PN236BYXzhFZazFEdCmOlQ99w=,7bZEIEzABH8MxH13+ladIUPhFT8=
-16,1,w/PN236BYXzhFZazFEdCmOlQ99w=,VINdZZS6QDYgVaVMCnWamFPDqjo=
-13,10,w/PN236BYXzhFZazFEdCmOlQ99w=,7bZEIEzABH8MxH13+ladIUPhFT8=
-13,0,w/PN236BYXzhFZazFEdCmOlQ99w=,VINdZZS6QDYgVaVMCnWamFPDqjo=
-1,12,w/PN236BYXzhFZazFEdCmOlQ99w=,JG2ydSdkvejOM/cPh+geFWlHI7Y=
-3,4,6X2QYxynNMqYQ8dTZ+WfBHvHENY=,GlRBWaceWz/rd4cLLLtdSXbpcf8=
-4,2,6X2QYxynNMqYQ8dTZ+WfBHvHENY=,GlRBWaceWz/rd4cLLLtdSXbpcf8=
-3,2,6X2QYxynNMqYQ8dTZ+WfBHvHENY=,GlRBWaceWz/rd4cLLLtdSXbpcf8=
-2,0,6X2QYxynNMqYQ8dTZ+WfBHvHENY=,GlRBWaceWz/rd4cLLLtdSXbpcf8=
-4,0,6X2QYxynNMqYQ8dTZ+WfBHvHENY=,GlRBWaceWz/rd4cLLLtdSXbpcf8=
-2,3,6X2QYxynNMqYQ8dTZ+WfBHvHENY=,GlRBWaceWz/rd4cLLLtdSXbpcf8=
-4,3,6X2QYxynNMqYQ8dTZ+WfBHvHENY=,GlRBWaceWz/rd4cLLLtdSXbpcf8=
-1,3,6X2QYxynNMqYQ8dTZ+WfBHvHENY=,GlRBWaceWz/rd4cLLLtdSXbpcf8=
-3,3,6X2QYxynNMqYQ8dTZ+WfBHvHENY=,GlRBWaceWz/rd4cLLLtdSXbpcf8=
-3,1,6X2QYxynNMqYQ8dTZ+WfBHvHENY=,GlRBWaceWz/rd4cLLLtdSXbpcf8=
-2,2,6X2QYxynNMqYQ8dTZ+WfBHvHENY=,GlRBWaceWz/rd4cLLLtdSXbpcf8=
-3,0,6X2QYxynNMqYQ8dTZ+WfBHvHENY=,GlRBWaceWz/rd4cLLLtdSXbpcf8=
-2,1,6X2QYxynNMqYQ8dTZ+WfBHvHENY=,GlRBWaceWz/rd4cLLLtdSXbpcf8=
-1,0,6X2QYxynNMqYQ8dTZ+WfBHvHENY=,GlRBWaceWz/rd4cLLLtdSXbpcf8=
-1,2,6X2QYxynNMqYQ8dTZ+WfBHvHENY=,GlRBWaceWz/rd4cLLLtdSXbpcf8=
-4,1,6X2QYxynNMqYQ8dTZ+WfBHvHENY=,GlRBWaceWz/rd4cLLLtdSXbpcf8=
-1,1,6X2QYxynNMqYQ8dTZ+WfBHvHENY=,GlRBWaceWz/rd4cLLLtdSXbpcf8=
-4,28,eFJA3mFwvQnOt2+66rmirS+KBy8=,pDcUoCVyWtwdakpFLerjak9ND/8=
-3,28,eFJA3mFwvQnOt2+66rmirS+KBy8=,pDcUoCVyWtwdakpFLerjak9ND/8=
-3,29,eFJA3mFwvQnOt2+66rmirS+KBy8=,pDcUoCVyWtwdakpFLerjak9ND/8=
-7,26,eFJA3mFwvQnOt2+66rmirS+KBy8=,pDcUoCVyWtwdakpFLerjak9ND/8=
-5,28,eFJA3mFwvQnOt2+66rmirS+KBy8=,pDcUoCVyWtwdakpFLerjak9ND/8=
-4,29,eFJA3mFwvQnOt2+66rmirS+KBy8=,pDcUoCVyWtwdakpFLerjak9ND/8=
-5,29,eFJA3mFwvQnOt2+66rmirS+KBy8=,pDcUoCVyWtwdakpFLerjak9ND/8=
-6,29,eFJA3mFwvQnOt2+66rmirS+KBy8=,pDcUoCVyWtwdakpFLerjak9ND/8=
-7,29,eFJA3mFwvQnOt2+66rmirS+KBy8=,pDcUoCVyWtwdakpFLerjak9ND/8=
-5,27,eFJA3mFwvQnOt2+66rmirS+KBy8=,pDcUoCVyWtwdakpFLerjak9ND/8=
-6,27,eFJA3mFwvQnOt2+66rmirS+KBy8=,pDcUoCVyWtwdakpFLerjak9ND/8=
-6,28,eFJA3mFwvQnOt2+66rmirS+KBy8=,pDcUoCVyWtwdakpFLerjak9ND/8=
-3,30,eFJA3mFwvQnOt2+66rmirS+KBy8=,pDcUoCVyWtwdakpFLerjak9ND/8=
-4,30,eFJA3mFwvQnOt2+66rmirS+KBy8=,pDcUoCVyWtwdakpFLerjak9ND/8=
-3,25,eFJA3mFwvQnOt2+66rmirS+KBy8=,pDcUoCVyWtwdakpFLerjak9ND/8=
-7,27,eFJA3mFwvQnOt2+66rmirS+KBy8=,pDcUoCVyWtwdakpFLerjak9ND/8=
-7,28,eFJA3mFwvQnOt2+66rmirS+KBy8=,pDcUoCVyWtwdakpFLerjak9ND/8=
-5,30,eFJA3mFwvQnOt2+66rmirS+KBy8=,pDcUoCVyWtwdakpFLerjak9ND/8=
-6,30,eFJA3mFwvQnOt2+66rmirS+KBy8=,pDcUoCVyWtwdakpFLerjak9ND/8=
-4,25,eFJA3mFwvQnOt2+66rmirS+KBy8=,pDcUoCVyWtwdakpFLerjak9ND/8=
-5,25,eFJA3mFwvQnOt2+66rmirS+KBy8=,pDcUoCVyWtwdakpFLerjak9ND/8=
-3,27,eFJA3mFwvQnOt2+66rmirS+KBy8=,pDcUoCVyWtwdakpFLerjak9ND/8=
-6,25,eFJA3mFwvQnOt2+66rmirS+KBy8=,pDcUoCVyWtwdakpFLerjak9ND/8=
-4,27,eFJA3mFwvQnOt2+66rmirS+KBy8=,pDcUoCVyWtwdakpFLerjak9ND/8=
-7,30,eFJA3mFwvQnOt2+66rmirS+KBy8=,pDcUoCVyWtwdakpFLerjak9ND/8=
-3,26,eFJA3mFwvQnOt2+66rmirS+KBy8=,pDcUoCVyWtwdakpFLerjak9ND/8=
-4,26,eFJA3mFwvQnOt2+66rmirS+KBy8=,pDcUoCVyWtwdakpFLerjak9ND/8=
-5,26,eFJA3mFwvQnOt2+66rmirS+KBy8=,pDcUoCVyWtwdakpFLerjak9ND/8=
-6,26,eFJA3mFwvQnOt2+66rmirS+KBy8=,pDcUoCVyWtwdakpFLerjak9ND/8=
-7,25,eFJA3mFwvQnOt2+66rmirS+KBy8=,pDcUoCVyWtwdakpFLerjak9ND/8=
-8,30,eFJA3mFwvQnOt2+66rmirS+KBy8=,pDcUoCVyWtwdakpFLerjak9ND/8=
-8,25,eFJA3mFwvQnOt2+66rmirS+KBy8=,pDcUoCVyWtwdakpFLerjak9ND/8=
-8,27,eFJA3mFwvQnOt2+66rmirS+KBy8=,pDcUoCVyWtwdakpFLerjak9ND/8=
-8,28,eFJA3mFwvQnOt2+66rmirS+KBy8=,pDcUoCVyWtwdakpFLerjak9ND/8=
-8,29,eFJA3mFwvQnOt2+66rmirS+KBy8=,pDcUoCVyWtwdakpFLerjak9ND/8=
-8,26,eFJA3mFwvQnOt2+66rmirS+KBy8=,pDcUoCVyWtwdakpFLerjak9ND/8=
-7,31,eFJA3mFwvQnOt2+66rmirS+KBy8=,pDcUoCVyWtwdakpFLerjak9ND/8=
-5,31,eFJA3mFwvQnOt2+66rmirS+KBy8=,pDcUoCVyWtwdakpFLerjak9ND/8=
-6,31,eFJA3mFwvQnOt2+66rmirS+KBy8=,pDcUoCVyWtwdakpFLerjak9ND/8=
-8,17,eFJA3mFwvQnOt2+66rmirS+KBy8=,9PsQufgpyDYRdZHiTjpjFQVTrtk=
-3,24,eFJA3mFwvQnOt2+66rmirS+KBy8=,pDcUoCVyWtwdakpFLerjak9ND/8=
-3,23,eFJA3mFwvQnOt2+66rmirS+KBy8=,9PsQufgpyDYRdZHiTjpjFQVTrtk=
-4,23,eFJA3mFwvQnOt2+66rmirS+KBy8=,9PsQufgpyDYRdZHiTjpjFQVTrtk=
-5,23,eFJA3mFwvQnOt2+66rmirS+KBy8=,9PsQufgpyDYRdZHiTjpjFQVTrtk=
-3,22,eFJA3mFwvQnOt2+66rmirS+KBy8=,9PsQufgpyDYRdZHiTjpjFQVTrtk=
-5,24,eFJA3mFwvQnOt2+66rmirS+KBy8=,pDcUoCVyWtwdakpFLerjak9ND/8=
-4,22,eFJA3mFwvQnOt2+66rmirS+KBy8=,9PsQufgpyDYRdZHiTjpjFQVTrtk=
-5,16,eFJA3mFwvQnOt2+66rmirS+KBy8=,9PsQufgpyDYRdZHiTjpjFQVTrtk=
-6,16,eFJA3mFwvQnOt2+66rmirS+KBy8=,9PsQufgpyDYRdZHiTjpjFQVTrtk=
-7,16,eFJA3mFwvQnOt2+66rmirS+KBy8=,9PsQufgpyDYRdZHiTjpjFQVTrtk=
-8,20,eFJA3mFwvQnOt2+66rmirS+KBy8=,9PsQufgpyDYRdZHiTjpjFQVTrtk=
-4,24,eFJA3mFwvQnOt2+66rmirS+KBy8=,pDcUoCVyWtwdakpFLerjak9ND/8=
-6,24,eFJA3mFwvQnOt2+66rmirS+KBy8=,pDcUoCVyWtwdakpFLerjak9ND/8=
-7,19,eFJA3mFwvQnOt2+66rmirS+KBy8=,9PsQufgpyDYRdZHiTjpjFQVTrtk=
-8,19,eFJA3mFwvQnOt2+66rmirS+KBy8=,9PsQufgpyDYRdZHiTjpjFQVTrtk=
-8,24,eFJA3mFwvQnOt2+66rmirS+KBy8=,pDcUoCVyWtwdakpFLerjak9ND/8=
-7,24,eFJA3mFwvQnOt2+66rmirS+KBy8=,pDcUoCVyWtwdakpFLerjak9ND/8=
-7,17,eFJA3mFwvQnOt2+66rmirS+KBy8=,9PsQufgpyDYRdZHiTjpjFQVTrtk=
-6,17,eFJA3mFwvQnOt2+66rmirS+KBy8=,9PsQufgpyDYRdZHiTjpjFQVTrtk=
-8,18,eFJA3mFwvQnOt2+66rmirS+KBy8=,9PsQufgpyDYRdZHiTjpjFQVTrtk=
-7,18,eFJA3mFwvQnOt2+66rmirS+KBy8=,9PsQufgpyDYRdZHiTjpjFQVTrtk=
-6,18,eFJA3mFwvQnOt2+66rmirS+KBy8=,9PsQufgpyDYRdZHiTjpjFQVTrtk=
-8,21,eFJA3mFwvQnOt2+66rmirS+KBy8=,9PsQufgpyDYRdZHiTjpjFQVTrtk=
-8,23,eFJA3mFwvQnOt2+66rmirS+KBy8=,9PsQufgpyDYRdZHiTjpjFQVTrtk=
-7,23,eFJA3mFwvQnOt2+66rmirS+KBy8=,9PsQufgpyDYRdZHiTjpjFQVTrtk=
-6,21,eFJA3mFwvQnOt2+66rmirS+KBy8=,9PsQufgpyDYRdZHiTjpjFQVTrtk=
-5,22,eFJA3mFwvQnOt2+66rmirS+KBy8=,9PsQufgpyDYRdZHiTjpjFQVTrtk=
-7,20,eFJA3mFwvQnOt2+66rmirS+KBy8=,9PsQufgpyDYRdZHiTjpjFQVTrtk=
-8,16,eFJA3mFwvQnOt2+66rmirS+KBy8=,9PsQufgpyDYRdZHiTjpjFQVTrtk=
-8,31,eFJA3mFwvQnOt2+66rmirS+KBy8=,pDcUoCVyWtwdakpFLerjak9ND/8=
-6,22,eFJA3mFwvQnOt2+66rmirS+KBy8=,9PsQufgpyDYRdZHiTjpjFQVTrtk=
-5,17,eFJA3mFwvQnOt2+66rmirS+KBy8=,9PsQufgpyDYRdZHiTjpjFQVTrtk=
-5,18,eFJA3mFwvQnOt2+66rmirS+KBy8=,9PsQufgpyDYRdZHiTjpjFQVTrtk=
-1,20,eFJA3mFwvQnOt2+66rmirS+KBy8=,9PsQufgpyDYRdZHiTjpjFQVTrtk=
-5,19,eFJA3mFwvQnOt2+66rmirS+KBy8=,9PsQufgpyDYRdZHiTjpjFQVTrtk=
-1,21,eFJA3mFwvQnOt2+66rmirS+KBy8=,9PsQufgpyDYRdZHiTjpjFQVTrtk=
-3,21,eFJA3mFwvQnOt2+66rmirS+KBy8=,9PsQufgpyDYRdZHiTjpjFQVTrtk=
-8,22,eFJA3mFwvQnOt2+66rmirS+KBy8=,9PsQufgpyDYRdZHiTjpjFQVTrtk=
-4,21,eFJA3mFwvQnOt2+66rmirS+KBy8=,9PsQufgpyDYRdZHiTjpjFQVTrtk=
-7,21,eFJA3mFwvQnOt2+66rmirS+KBy8=,9PsQufgpyDYRdZHiTjpjFQVTrtk=
-2,23,eFJA3mFwvQnOt2+66rmirS+KBy8=,9PsQufgpyDYRdZHiTjpjFQVTrtk=
-2,22,eFJA3mFwvQnOt2+66rmirS+KBy8=,9PsQufgpyDYRdZHiTjpjFQVTrtk=
-3,19,eFJA3mFwvQnOt2+66rmirS+KBy8=,9PsQufgpyDYRdZHiTjpjFQVTrtk=
-6,20,eFJA3mFwvQnOt2+66rmirS+KBy8=,9PsQufgpyDYRdZHiTjpjFQVTrtk=
-6,23,eFJA3mFwvQnOt2+66rmirS+KBy8=,9PsQufgpyDYRdZHiTjpjFQVTrtk=
-2,21,eFJA3mFwvQnOt2+66rmirS+KBy8=,9PsQufgpyDYRdZHiTjpjFQVTrtk=
-3,18,eFJA3mFwvQnOt2+66rmirS+KBy8=,9PsQufgpyDYRdZHiTjpjFQVTrtk=
-5,21,eFJA3mFwvQnOt2+66rmirS+KBy8=,9PsQufgpyDYRdZHiTjpjFQVTrtk=
-1,16,eFJA3mFwvQnOt2+66rmirS+KBy8=,9PsQufgpyDYRdZHiTjpjFQVTrtk=
-2,26,eFJA3mFwvQnOt2+66rmirS+KBy8=,pDcUoCVyWtwdakpFLerjak9ND/8=
-2,25,eFJA3mFwvQnOt2+66rmirS+KBy8=,pDcUoCVyWtwdakpFLerjak9ND/8=
-1,24,eFJA3mFwvQnOt2+66rmirS+KBy8=,pDcUoCVyWtwdakpFLerjak9ND/8=
-1,22,eFJA3mFwvQnOt2+66rmirS+KBy8=,9PsQufgpyDYRdZHiTjpjFQVTrtk=
-2,27,eFJA3mFwvQnOt2+66rmirS+KBy8=,pDcUoCVyWtwdakpFLerjak9ND/8=
-4,19,eFJA3mFwvQnOt2+66rmirS+KBy8=,9PsQufgpyDYRdZHiTjpjFQVTrtk=
-1,23,eFJA3mFwvQnOt2+66rmirS+KBy8=,9PsQufgpyDYRdZHiTjpjFQVTrtk=
-2,24,eFJA3mFwvQnOt2+66rmirS+KBy8=,pDcUoCVyWtwdakpFLerjak9ND/8=
-7,22,eFJA3mFwvQnOt2+66rmirS+KBy8=,9PsQufgpyDYRdZHiTjpjFQVTrtk=
-6,19,eFJA3mFwvQnOt2+66rmirS+KBy8=,9PsQufgpyDYRdZHiTjpjFQVTrtk=
-3,20,eFJA3mFwvQnOt2+66rmirS+KBy8=,9PsQufgpyDYRdZHiTjpjFQVTrtk=
-2,19,eFJA3mFwvQnOt2+66rmirS+KBy8=,9PsQufgpyDYRdZHiTjpjFQVTrtk=
-2,16,eFJA3mFwvQnOt2+66rmirS+KBy8=,9PsQufgpyDYRdZHiTjpjFQVTrtk=
-4,16,eFJA3mFwvQnOt2+66rmirS+KBy8=,9PsQufgpyDYRdZHiTjpjFQVTrtk=
-5,20,eFJA3mFwvQnOt2+66rmirS+KBy8=,9PsQufgpyDYRdZHiTjpjFQVTrtk=
-2,20,eFJA3mFwvQnOt2+66rmirS+KBy8=,9PsQufgpyDYRdZHiTjpjFQVTrtk=
-2,18,eFJA3mFwvQnOt2+66rmirS+KBy8=,9PsQufgpyDYRdZHiTjpjFQVTrtk=
-1,30,eFJA3mFwvQnOt2+66rmirS+KBy8=,pDcUoCVyWtwdakpFLerjak9ND/8=
-1,19,eFJA3mFwvQnOt2+66rmirS+KBy8=,9PsQufgpyDYRdZHiTjpjFQVTrtk=
-1,31,eFJA3mFwvQnOt2+66rmirS+KBy8=,pDcUoCVyWtwdakpFLerjak9ND/8=
-4,18,eFJA3mFwvQnOt2+66rmirS+KBy8=,9PsQufgpyDYRdZHiTjpjFQVTrtk=
-2,17,eFJA3mFwvQnOt2+66rmirS+KBy8=,9PsQufgpyDYRdZHiTjpjFQVTrtk=
-1,18,eFJA3mFwvQnOt2+66rmirS+KBy8=,9PsQufgpyDYRdZHiTjpjFQVTrtk=
-2,30,eFJA3mFwvQnOt2+66rmirS+KBy8=,pDcUoCVyWtwdakpFLerjak9ND/8=
-4,20,eFJA3mFwvQnOt2+66rmirS+KBy8=,9PsQufgpyDYRdZHiTjpjFQVTrtk=
-2,29,eFJA3mFwvQnOt2+66rmirS+KBy8=,pDcUoCVyWtwdakpFLerjak9ND/8=
-2,31,eFJA3mFwvQnOt2+66rmirS+KBy8=,pDcUoCVyWtwdakpFLerjak9ND/8=
-4,31,eFJA3mFwvQnOt2+66rmirS+KBy8=,pDcUoCVyWtwdakpFLerjak9ND/8=
-3,16,eFJA3mFwvQnOt2+66rmirS+KBy8=,9PsQufgpyDYRdZHiTjpjFQVTrtk=
-3,31,eFJA3mFwvQnOt2+66rmirS+KBy8=,pDcUoCVyWtwdakpFLerjak9ND/8=
-2,28,eFJA3mFwvQnOt2+66rmirS+KBy8=,pDcUoCVyWtwdakpFLerjak9ND/8=
-1,17,eFJA3mFwvQnOt2+66rmirS+KBy8=,9PsQufgpyDYRdZHiTjpjFQVTrtk=
-4,17,eFJA3mFwvQnOt2+66rmirS+KBy8=,9PsQufgpyDYRdZHiTjpjFQVTrtk=
-1,29,eFJA3mFwvQnOt2+66rmirS+KBy8=,pDcUoCVyWtwdakpFLerjak9ND/8=
-1,28,eFJA3mFwvQnOt2+66rmirS+KBy8=,pDcUoCVyWtwdakpFLerjak9ND/8=
-3,17,eFJA3mFwvQnOt2+66rmirS+KBy8=,9PsQufgpyDYRdZHiTjpjFQVTrtk=
-1,26,eFJA3mFwvQnOt2+66rmirS+KBy8=,pDcUoCVyWtwdakpFLerjak9ND/8=
-1,25,eFJA3mFwvQnOt2+66rmirS+KBy8=,pDcUoCVyWtwdakpFLerjak9ND/8=
-1,27,eFJA3mFwvQnOt2+66rmirS+KBy8=,pDcUoCVyWtwdakpFLerjak9ND/8=
-28,11,nCIsa0l2smZIDyQ/KDNSA4HSI7I=,t5UT1SJ9R8YSodbxv4olIrhM1LQ=
-31,8,nCIsa0l2smZIDyQ/KDNSA4HSI7I=,t5UT1SJ9R8YSodbxv4olIrhM1LQ=
-29,11,nCIsa0l2smZIDyQ/KDNSA4HSI7I=,t5UT1SJ9R8YSodbxv4olIrhM1LQ=
-26,8,nCIsa0l2smZIDyQ/KDNSA4HSI7I=,t5UT1SJ9R8YSodbxv4olIrhM1LQ=
-27,10,nCIsa0l2smZIDyQ/KDNSA4HSI7I=,t5UT1SJ9R8YSodbxv4olIrhM1LQ=
-28,10,nCIsa0l2smZIDyQ/KDNSA4HSI7I=,t5UT1SJ9R8YSodbxv4olIrhM1LQ=
-29,10,nCIsa0l2smZIDyQ/KDNSA4HSI7I=,t5UT1SJ9R8YSodbxv4olIrhM1LQ=
-27,13,nCIsa0l2smZIDyQ/KDNSA4HSI7I=,t5UT1SJ9R8YSodbxv4olIrhM1LQ=
-26,9,nCIsa0l2smZIDyQ/KDNSA4HSI7I=,t5UT1SJ9R8YSodbxv4olIrhM1LQ=
-27,9,nCIsa0l2smZIDyQ/KDNSA4HSI7I=,t5UT1SJ9R8YSodbxv4olIrhM1LQ=
-28,13,nCIsa0l2smZIDyQ/KDNSA4HSI7I=,t5UT1SJ9R8YSodbxv4olIrhM1LQ=
-27,8,nCIsa0l2smZIDyQ/KDNSA4HSI7I=,t5UT1SJ9R8YSodbxv4olIrhM1LQ=
-26,15,nCIsa0l2smZIDyQ/KDNSA4HSI7I=,t5UT1SJ9R8YSodbxv4olIrhM1LQ=
-28,9,nCIsa0l2smZIDyQ/KDNSA4HSI7I=,t5UT1SJ9R8YSodbxv4olIrhM1LQ=
-27,12,nCIsa0l2smZIDyQ/KDNSA4HSI7I=,t5UT1SJ9R8YSodbxv4olIrhM1LQ=
-27,15,nCIsa0l2smZIDyQ/KDNSA4HSI7I=,t5UT1SJ9R8YSodbxv4olIrhM1LQ=
-28,12,nCIsa0l2smZIDyQ/KDNSA4HSI7I=,t5UT1SJ9R8YSodbxv4olIrhM1LQ=
-27,14,nCIsa0l2smZIDyQ/KDNSA4HSI7I=,t5UT1SJ9R8YSodbxv4olIrhM1LQ=
-28,15,nCIsa0l2smZIDyQ/KDNSA4HSI7I=,t5UT1SJ9R8YSodbxv4olIrhM1LQ=
-28,14,nCIsa0l2smZIDyQ/KDNSA4HSI7I=,t5UT1SJ9R8YSodbxv4olIrhM1LQ=
-29,13,nCIsa0l2smZIDyQ/KDNSA4HSI7I=,t5UT1SJ9R8YSodbxv4olIrhM1LQ=
-30,13,nCIsa0l2smZIDyQ/KDNSA4HSI7I=,t5UT1SJ9R8YSodbxv4olIrhM1LQ=
-28,8,nCIsa0l2smZIDyQ/KDNSA4HSI7I=,t5UT1SJ9R8YSodbxv4olIrhM1LQ=
-29,14,nCIsa0l2smZIDyQ/KDNSA4HSI7I=,t5UT1SJ9R8YSodbxv4olIrhM1LQ=
-29,15,nCIsa0l2smZIDyQ/KDNSA4HSI7I=,t5UT1SJ9R8YSodbxv4olIrhM1LQ=
-29,9,nCIsa0l2smZIDyQ/KDNSA4HSI7I=,t5UT1SJ9R8YSodbxv4olIrhM1LQ=
-29,12,nCIsa0l2smZIDyQ/KDNSA4HSI7I=,t5UT1SJ9R8YSodbxv4olIrhM1LQ=
-30,14,nCIsa0l2smZIDyQ/KDNSA4HSI7I=,t5UT1SJ9R8YSodbxv4olIrhM1LQ=
-30,15,nCIsa0l2smZIDyQ/KDNSA4HSI7I=,t5UT1SJ9R8YSodbxv4olIrhM1LQ=
-30,9,nCIsa0l2smZIDyQ/KDNSA4HSI7I=,t5UT1SJ9R8YSodbxv4olIrhM1LQ=
-31,15,nCIsa0l2smZIDyQ/KDNSA4HSI7I=,t5UT1SJ9R8YSodbxv4olIrhM1LQ=
-27,11,nCIsa0l2smZIDyQ/KDNSA4HSI7I=,t5UT1SJ9R8YSodbxv4olIrhM1LQ=
-29,8,nCIsa0l2smZIDyQ/KDNSA4HSI7I=,t5UT1SJ9R8YSodbxv4olIrhM1LQ=
-30,8,nCIsa0l2smZIDyQ/KDNSA4HSI7I=,t5UT1SJ9R8YSodbxv4olIrhM1LQ=
-31,9,nCIsa0l2smZIDyQ/KDNSA4HSI7I=,t5UT1SJ9R8YSodbxv4olIrhM1LQ=
-32,9,nCIsa0l2smZIDyQ/KDNSA4HSI7I=,t5UT1SJ9R8YSodbxv4olIrhM1LQ=
-32,8,nCIsa0l2smZIDyQ/KDNSA4HSI7I=,t5UT1SJ9R8YSodbxv4olIrhM1LQ=
-32,10,nCIsa0l2smZIDyQ/KDNSA4HSI7I=,t5UT1SJ9R8YSodbxv4olIrhM1LQ=
-30,10,nCIsa0l2smZIDyQ/KDNSA4HSI7I=,t5UT1SJ9R8YSodbxv4olIrhM1LQ=
-32,11,nCIsa0l2smZIDyQ/KDNSA4HSI7I=,t5UT1SJ9R8YSodbxv4olIrhM1LQ=
-31,10,nCIsa0l2smZIDyQ/KDNSA4HSI7I=,t5UT1SJ9R8YSodbxv4olIrhM1LQ=
-32,12,nCIsa0l2smZIDyQ/KDNSA4HSI7I=,t5UT1SJ9R8YSodbxv4olIrhM1LQ=
-30,11,nCIsa0l2smZIDyQ/KDNSA4HSI7I=,t5UT1SJ9R8YSodbxv4olIrhM1LQ=
-30,12,nCIsa0l2smZIDyQ/KDNSA4HSI7I=,t5UT1SJ9R8YSodbxv4olIrhM1LQ=
-31,11,nCIsa0l2smZIDyQ/KDNSA4HSI7I=,t5UT1SJ9R8YSodbxv4olIrhM1LQ=
-31,12,nCIsa0l2smZIDyQ/KDNSA4HSI7I=,t5UT1SJ9R8YSodbxv4olIrhM1LQ=
-31,14,nCIsa0l2smZIDyQ/KDNSA4HSI7I=,t5UT1SJ9R8YSodbxv4olIrhM1LQ=
-32,15,nCIsa0l2smZIDyQ/KDNSA4HSI7I=,t5UT1SJ9R8YSodbxv4olIrhM1LQ=
-25,8,nCIsa0l2smZIDyQ/KDNSA4HSI7I=,t5UT1SJ9R8YSodbxv4olIrhM1LQ=
-25,9,nCIsa0l2smZIDyQ/KDNSA4HSI7I=,t5UT1SJ9R8YSodbxv4olIrhM1LQ=
-31,13,nCIsa0l2smZIDyQ/KDNSA4HSI7I=,t5UT1SJ9R8YSodbxv4olIrhM1LQ=
-32,14,nCIsa0l2smZIDyQ/KDNSA4HSI7I=,t5UT1SJ9R8YSodbxv4olIrhM1LQ=
-32,13,nCIsa0l2smZIDyQ/KDNSA4HSI7I=,t5UT1SJ9R8YSodbxv4olIrhM1LQ=
-26,10,nCIsa0l2smZIDyQ/KDNSA4HSI7I=,t5UT1SJ9R8YSodbxv4olIrhM1LQ=
-26,11,nCIsa0l2smZIDyQ/KDNSA4HSI7I=,t5UT1SJ9R8YSodbxv4olIrhM1LQ=
-26,12,nCIsa0l2smZIDyQ/KDNSA4HSI7I=,t5UT1SJ9R8YSodbxv4olIrhM1LQ=
-26,14,nCIsa0l2smZIDyQ/KDNSA4HSI7I=,t5UT1SJ9R8YSodbxv4olIrhM1LQ=
-26,13,nCIsa0l2smZIDyQ/KDNSA4HSI7I=,t5UT1SJ9R8YSodbxv4olIrhM1LQ=
-25,15,nCIsa0l2smZIDyQ/KDNSA4HSI7I=,t5UT1SJ9R8YSodbxv4olIrhM1LQ=
-25,10,nCIsa0l2smZIDyQ/KDNSA4HSI7I=,t5UT1SJ9R8YSodbxv4olIrhM1LQ=
-25,14,nCIsa0l2smZIDyQ/KDNSA4HSI7I=,t5UT1SJ9R8YSodbxv4olIrhM1LQ=
-25,12,nCIsa0l2smZIDyQ/KDNSA4HSI7I=,t5UT1SJ9R8YSodbxv4olIrhM1LQ=
-25,13,nCIsa0l2smZIDyQ/KDNSA4HSI7I=,t5UT1SJ9R8YSodbxv4olIrhM1LQ=
-25,11,nCIsa0l2smZIDyQ/KDNSA4HSI7I=,t5UT1SJ9R8YSodbxv4olIrhM1LQ=
-15,18,eFJA3mFwvQnOt2+66rmirS+KBy8=,z4HgoYqBl6vcrIfgJNsWHOVK7fQ=
-12,18,eFJA3mFwvQnOt2+66rmirS+KBy8=,z4HgoYqBl6vcrIfgJNsWHOVK7fQ=
-14,22,eFJA3mFwvQnOt2+66rmirS+KBy8=,z4HgoYqBl6vcrIfgJNsWHOVK7fQ=
-12,17,eFJA3mFwvQnOt2+66rmirS+KBy8=,z4HgoYqBl6vcrIfgJNsWHOVK7fQ=
-13,17,eFJA3mFwvQnOt2+66rmirS+KBy8=,z4HgoYqBl6vcrIfgJNsWHOVK7fQ=
-14,17,eFJA3mFwvQnOt2+66rmirS+KBy8=,z4HgoYqBl6vcrIfgJNsWHOVK7fQ=
-13,18,eFJA3mFwvQnOt2+66rmirS+KBy8=,z4HgoYqBl6vcrIfgJNsWHOVK7fQ=
-15,22,eFJA3mFwvQnOt2+66rmirS+KBy8=,z4HgoYqBl6vcrIfgJNsWHOVK7fQ=
-11,19,eFJA3mFwvQnOt2+66rmirS+KBy8=,z4HgoYqBl6vcrIfgJNsWHOVK7fQ=
-14,18,eFJA3mFwvQnOt2+66rmirS+KBy8=,z4HgoYqBl6vcrIfgJNsWHOVK7fQ=
-12,19,eFJA3mFwvQnOt2+66rmirS+KBy8=,z4HgoYqBl6vcrIfgJNsWHOVK7fQ=
-15,17,eFJA3mFwvQnOt2+66rmirS+KBy8=,z4HgoYqBl6vcrIfgJNsWHOVK7fQ=
-13,19,eFJA3mFwvQnOt2+66rmirS+KBy8=,z4HgoYqBl6vcrIfgJNsWHOVK7fQ=
-11,20,eFJA3mFwvQnOt2+66rmirS+KBy8=,z4HgoYqBl6vcrIfgJNsWHOVK7fQ=
-15,29,eFJA3mFwvQnOt2+66rmirS+KBy8=,eBy2XUvnjlhvEk8lQMi0pxN+bUs=
-10,28,eFJA3mFwvQnOt2+66rmirS+KBy8=,eBy2XUvnjlhvEk8lQMi0pxN+bUs=
-12,28,eFJA3mFwvQnOt2+66rmirS+KBy8=,eBy2XUvnjlhvEk8lQMi0pxN+bUs=
-11,28,eFJA3mFwvQnOt2+66rmirS+KBy8=,eBy2XUvnjlhvEk8lQMi0pxN+bUs=
-13,28,eFJA3mFwvQnOt2+66rmirS+KBy8=,eBy2XUvnjlhvEk8lQMi0pxN+bUs=
-14,28,eFJA3mFwvQnOt2+66rmirS+KBy8=,eBy2XUvnjlhvEk8lQMi0pxN+bUs=
-15,28,eFJA3mFwvQnOt2+66rmirS+KBy8=,eBy2XUvnjlhvEk8lQMi0pxN+bUs=
-10,27,eFJA3mFwvQnOt2+66rmirS+KBy8=,eBy2XUvnjlhvEk8lQMi0pxN+bUs=
-11,27,eFJA3mFwvQnOt2+66rmirS+KBy8=,eBy2XUvnjlhvEk8lQMi0pxN+bUs=
-12,27,eFJA3mFwvQnOt2+66rmirS+KBy8=,eBy2XUvnjlhvEk8lQMi0pxN+bUs=
-13,27,eFJA3mFwvQnOt2+66rmirS+KBy8=,eBy2XUvnjlhvEk8lQMi0pxN+bUs=
-14,27,eFJA3mFwvQnOt2+66rmirS+KBy8=,eBy2XUvnjlhvEk8lQMi0pxN+bUs=
-15,27,eFJA3mFwvQnOt2+66rmirS+KBy8=,eBy2XUvnjlhvEk8lQMi0pxN+bUs=
-10,26,eFJA3mFwvQnOt2+66rmirS+KBy8=,eBy2XUvnjlhvEk8lQMi0pxN+bUs=
-11,26,eFJA3mFwvQnOt2+66rmirS+KBy8=,eBy2XUvnjlhvEk8lQMi0pxN+bUs=
-12,26,eFJA3mFwvQnOt2+66rmirS+KBy8=,eBy2XUvnjlhvEk8lQMi0pxN+bUs=
-13,26,eFJA3mFwvQnOt2+66rmirS+KBy8=,eBy2XUvnjlhvEk8lQMi0pxN+bUs=
-14,26,eFJA3mFwvQnOt2+66rmirS+KBy8=,eBy2XUvnjlhvEk8lQMi0pxN+bUs=
-15,26,eFJA3mFwvQnOt2+66rmirS+KBy8=,eBy2XUvnjlhvEk8lQMi0pxN+bUs=
-12,25,eFJA3mFwvQnOt2+66rmirS+KBy8=,eBy2XUvnjlhvEk8lQMi0pxN+bUs=
-13,25,eFJA3mFwvQnOt2+66rmirS+KBy8=,eBy2XUvnjlhvEk8lQMi0pxN+bUs=
-14,25,eFJA3mFwvQnOt2+66rmirS+KBy8=,eBy2XUvnjlhvEk8lQMi0pxN+bUs=
-15,25,eFJA3mFwvQnOt2+66rmirS+KBy8=,eBy2XUvnjlhvEk8lQMi0pxN+bUs=
-12,24,eFJA3mFwvQnOt2+66rmirS+KBy8=,eBy2XUvnjlhvEk8lQMi0pxN+bUs=
-14,24,eFJA3mFwvQnOt2+66rmirS+KBy8=,eBy2XUvnjlhvEk8lQMi0pxN+bUs=
-13,24,eFJA3mFwvQnOt2+66rmirS+KBy8=,eBy2XUvnjlhvEk8lQMi0pxN+bUs=
-15,24,eFJA3mFwvQnOt2+66rmirS+KBy8=,eBy2XUvnjlhvEk8lQMi0pxN+bUs=
-10,30,eFJA3mFwvQnOt2+66rmirS+KBy8=,eBy2XUvnjlhvEk8lQMi0pxN+bUs=
-11,30,eFJA3mFwvQnOt2+66rmirS+KBy8=,eBy2XUvnjlhvEk8lQMi0pxN+bUs=
-12,30,eFJA3mFwvQnOt2+66rmirS+KBy8=,eBy2XUvnjlhvEk8lQMi0pxN+bUs=
-13,30,eFJA3mFwvQnOt2+66rmirS+KBy8=,eBy2XUvnjlhvEk8lQMi0pxN+bUs=
-13,23,eFJA3mFwvQnOt2+66rmirS+KBy8=,z4HgoYqBl6vcrIfgJNsWHOVK7fQ=
-14,23,eFJA3mFwvQnOt2+66rmirS+KBy8=,z4HgoYqBl6vcrIfgJNsWHOVK7fQ=
-15,23,eFJA3mFwvQnOt2+66rmirS+KBy8=,z4HgoYqBl6vcrIfgJNsWHOVK7fQ=
-14,30,eFJA3mFwvQnOt2+66rmirS+KBy8=,eBy2XUvnjlhvEk8lQMi0pxN+bUs=
-15,30,eFJA3mFwvQnOt2+66rmirS+KBy8=,eBy2XUvnjlhvEk8lQMi0pxN+bUs=
-10,29,eFJA3mFwvQnOt2+66rmirS+KBy8=,eBy2XUvnjlhvEk8lQMi0pxN+bUs=
-11,29,eFJA3mFwvQnOt2+66rmirS+KBy8=,eBy2XUvnjlhvEk8lQMi0pxN+bUs=
-12,29,eFJA3mFwvQnOt2+66rmirS+KBy8=,eBy2XUvnjlhvEk8lQMi0pxN+bUs=
-13,29,eFJA3mFwvQnOt2+66rmirS+KBy8=,eBy2XUvnjlhvEk8lQMi0pxN+bUs=
-14,29,eFJA3mFwvQnOt2+66rmirS+KBy8=,eBy2XUvnjlhvEk8lQMi0pxN+bUs=
-9,29,eFJA3mFwvQnOt2+66rmirS+KBy8=,eBy2XUvnjlhvEk8lQMi0pxN+bUs=
-9,28,eFJA3mFwvQnOt2+66rmirS+KBy8=,eBy2XUvnjlhvEk8lQMi0pxN+bUs=
-9,27,eFJA3mFwvQnOt2+66rmirS+KBy8=,eBy2XUvnjlhvEk8lQMi0pxN+bUs=
-9,26,eFJA3mFwvQnOt2+66rmirS+KBy8=,eBy2XUvnjlhvEk8lQMi0pxN+bUs=
-9,30,eFJA3mFwvQnOt2+66rmirS+KBy8=,eBy2XUvnjlhvEk8lQMi0pxN+bUs=
-15,31,eFJA3mFwvQnOt2+66rmirS+KBy8=,eBy2XUvnjlhvEk8lQMi0pxN+bUs=
-14,31,eFJA3mFwvQnOt2+66rmirS+KBy8=,eBy2XUvnjlhvEk8lQMi0pxN+bUs=
-13,31,eFJA3mFwvQnOt2+66rmirS+KBy8=,eBy2XUvnjlhvEk8lQMi0pxN+bUs=
-12,31,eFJA3mFwvQnOt2+66rmirS+KBy8=,eBy2XUvnjlhvEk8lQMi0pxN+bUs=
-11,31,eFJA3mFwvQnOt2+66rmirS+KBy8=,eBy2XUvnjlhvEk8lQMi0pxN+bUs=
-10,31,eFJA3mFwvQnOt2+66rmirS+KBy8=,eBy2XUvnjlhvEk8lQMi0pxN+bUs=
-9,31,eFJA3mFwvQnOt2+66rmirS+KBy8=,eBy2XUvnjlhvEk8lQMi0pxN+bUs=
-16,18,eFJA3mFwvQnOt2+66rmirS+KBy8=,z4HgoYqBl6vcrIfgJNsWHOVK7fQ=
-16,22,eFJA3mFwvQnOt2+66rmirS+KBy8=,z4HgoYqBl6vcrIfgJNsWHOVK7fQ=
-16,17,eFJA3mFwvQnOt2+66rmirS+KBy8=,z4HgoYqBl6vcrIfgJNsWHOVK7fQ=
-16,29,eFJA3mFwvQnOt2+66rmirS+KBy8=,eBy2XUvnjlhvEk8lQMi0pxN+bUs=
-16,30,eFJA3mFwvQnOt2+66rmirS+KBy8=,eBy2XUvnjlhvEk8lQMi0pxN+bUs=
-16,23,eFJA3mFwvQnOt2+66rmirS+KBy8=,z4HgoYqBl6vcrIfgJNsWHOVK7fQ=
-16,24,eFJA3mFwvQnOt2+66rmirS+KBy8=,eBy2XUvnjlhvEk8lQMi0pxN+bUs=
-16,25,eFJA3mFwvQnOt2+66rmirS+KBy8=,eBy2XUvnjlhvEk8lQMi0pxN+bUs=
-16,26,eFJA3mFwvQnOt2+66rmirS+KBy8=,eBy2XUvnjlhvEk8lQMi0pxN+bUs=
-16,27,eFJA3mFwvQnOt2+66rmirS+KBy8=,eBy2XUvnjlhvEk8lQMi0pxN+bUs=
-16,28,eFJA3mFwvQnOt2+66rmirS+KBy8=,eBy2XUvnjlhvEk8lQMi0pxN+bUs=
-16,21,eFJA3mFwvQnOt2+66rmirS+KBy8=,z4HgoYqBl6vcrIfgJNsWHOVK7fQ=
-15,21,eFJA3mFwvQnOt2+66rmirS+KBy8=,z4HgoYqBl6vcrIfgJNsWHOVK7fQ=
-14,16,eFJA3mFwvQnOt2+66rmirS+KBy8=,z4HgoYqBl6vcrIfgJNsWHOVK7fQ=
-15,16,eFJA3mFwvQnOt2+66rmirS+KBy8=,z4HgoYqBl6vcrIfgJNsWHOVK7fQ=
-13,16,eFJA3mFwvQnOt2+66rmirS+KBy8=,z4HgoYqBl6vcrIfgJNsWHOVK7fQ=
-13,22,eFJA3mFwvQnOt2+66rmirS+KBy8=,z4HgoYqBl6vcrIfgJNsWHOVK7fQ=
-16,16,eFJA3mFwvQnOt2+66rmirS+KBy8=,z4HgoYqBl6vcrIfgJNsWHOVK7fQ=
-11,25,eFJA3mFwvQnOt2+66rmirS+KBy8=,eBy2XUvnjlhvEk8lQMi0pxN+bUs=
-16,31,eFJA3mFwvQnOt2+66rmirS+KBy8=,eBy2XUvnjlhvEk8lQMi0pxN+bUs=
-13,20,eFJA3mFwvQnOt2+66rmirS+KBy8=,z4HgoYqBl6vcrIfgJNsWHOVK7fQ=
-16,20,eFJA3mFwvQnOt2+66rmirS+KBy8=,z4HgoYqBl6vcrIfgJNsWHOVK7fQ=
-15,20,eFJA3mFwvQnOt2+66rmirS+KBy8=,z4HgoYqBl6vcrIfgJNsWHOVK7fQ=
-16,19,eFJA3mFwvQnOt2+66rmirS+KBy8=,z4HgoYqBl6vcrIfgJNsWHOVK7fQ=
-13,21,eFJA3mFwvQnOt2+66rmirS+KBy8=,z4HgoYqBl6vcrIfgJNsWHOVK7fQ=
-14,20,eFJA3mFwvQnOt2+66rmirS+KBy8=,z4HgoYqBl6vcrIfgJNsWHOVK7fQ=
-14,21,eFJA3mFwvQnOt2+66rmirS+KBy8=,z4HgoYqBl6vcrIfgJNsWHOVK7fQ=
-10,25,eFJA3mFwvQnOt2+66rmirS+KBy8=,eBy2XUvnjlhvEk8lQMi0pxN+bUs=
-14,19,eFJA3mFwvQnOt2+66rmirS+KBy8=,z4HgoYqBl6vcrIfgJNsWHOVK7fQ=
-15,19,eFJA3mFwvQnOt2+66rmirS+KBy8=,z4HgoYqBl6vcrIfgJNsWHOVK7fQ=
-9,24,eFJA3mFwvQnOt2+66rmirS+KBy8=,eBy2XUvnjlhvEk8lQMi0pxN+bUs=
-12,22,eFJA3mFwvQnOt2+66rmirS+KBy8=,z4HgoYqBl6vcrIfgJNsWHOVK7fQ=
-9,19,eFJA3mFwvQnOt2+66rmirS+KBy8=,z4HgoYqBl6vcrIfgJNsWHOVK7fQ=
-11,24,eFJA3mFwvQnOt2+66rmirS+KBy8=,eBy2XUvnjlhvEk8lQMi0pxN+bUs=
-11,22,eFJA3mFwvQnOt2+66rmirS+KBy8=,z4HgoYqBl6vcrIfgJNsWHOVK7fQ=
-10,24,eFJA3mFwvQnOt2+66rmirS+KBy8=,eBy2XUvnjlhvEk8lQMi0pxN+bUs=
-9,21,eFJA3mFwvQnOt2+66rmirS+KBy8=,z4HgoYqBl6vcrIfgJNsWHOVK7fQ=
-9,20,eFJA3mFwvQnOt2+66rmirS+KBy8=,z4HgoYqBl6vcrIfgJNsWHOVK7fQ=
-10,22,eFJA3mFwvQnOt2+66rmirS+KBy8=,z4HgoYqBl6vcrIfgJNsWHOVK7fQ=
-9,17,eFJA3mFwvQnOt2+66rmirS+KBy8=,z4HgoYqBl6vcrIfgJNsWHOVK7fQ=
-9,16,eFJA3mFwvQnOt2+66rmirS+KBy8=,z4HgoYqBl6vcrIfgJNsWHOVK7fQ=
-9,23,eFJA3mFwvQnOt2+66rmirS+KBy8=,z4HgoYqBl6vcrIfgJNsWHOVK7fQ=
-12,16,eFJA3mFwvQnOt2+66rmirS+KBy8=,z4HgoYqBl6vcrIfgJNsWHOVK7fQ=
-9,18,eFJA3mFwvQnOt2+66rmirS+KBy8=,z4HgoYqBl6vcrIfgJNsWHOVK7fQ=
-12,20,eFJA3mFwvQnOt2+66rmirS+KBy8=,z4HgoYqBl6vcrIfgJNsWHOVK7fQ=
-11,21,eFJA3mFwvQnOt2+66rmirS+KBy8=,z4HgoYqBl6vcrIfgJNsWHOVK7fQ=
-12,23,eFJA3mFwvQnOt2+66rmirS+KBy8=,z4HgoYqBl6vcrIfgJNsWHOVK7fQ=
-10,21,eFJA3mFwvQnOt2+66rmirS+KBy8=,z4HgoYqBl6vcrIfgJNsWHOVK7fQ=
-9,22,eFJA3mFwvQnOt2+66rmirS+KBy8=,z4HgoYqBl6vcrIfgJNsWHOVK7fQ=
-12,21,eFJA3mFwvQnOt2+66rmirS+KBy8=,z4HgoYqBl6vcrIfgJNsWHOVK7fQ=
-11,18,eFJA3mFwvQnOt2+66rmirS+KBy8=,z4HgoYqBl6vcrIfgJNsWHOVK7fQ=
-11,23,eFJA3mFwvQnOt2+66rmirS+KBy8=,z4HgoYqBl6vcrIfgJNsWHOVK7fQ=
-10,20,eFJA3mFwvQnOt2+66rmirS+KBy8=,z4HgoYqBl6vcrIfgJNsWHOVK7fQ=
-11,17,eFJA3mFwvQnOt2+66rmirS+KBy8=,z4HgoYqBl6vcrIfgJNsWHOVK7fQ=
-10,19,eFJA3mFwvQnOt2+66rmirS+KBy8=,z4HgoYqBl6vcrIfgJNsWHOVK7fQ=
-10,17,eFJA3mFwvQnOt2+66rmirS+KBy8=,z4HgoYqBl6vcrIfgJNsWHOVK7fQ=
-10,18,eFJA3mFwvQnOt2+66rmirS+KBy8=,z4HgoYqBl6vcrIfgJNsWHOVK7fQ=
-10,23,eFJA3mFwvQnOt2+66rmirS+KBy8=,z4HgoYqBl6vcrIfgJNsWHOVK7fQ=
-10,16,eFJA3mFwvQnOt2+66rmirS+KBy8=,z4HgoYqBl6vcrIfgJNsWHOVK7fQ=
-11,16,eFJA3mFwvQnOt2+66rmirS+KBy8=,z4HgoYqBl6vcrIfgJNsWHOVK7fQ=
-9,25,eFJA3mFwvQnOt2+66rmirS+KBy8=,eBy2XUvnjlhvEk8lQMi0pxN+bUs=
