12,33,nyFycgE6XsFI1EdiSZhju7v+OcU=,PXfLuGFnufbU1ZGpx7P1tV6HnnM=
11,33,nyFycgE6XsFI1EdiSZhju7v+OcU=,PXfLuGFnufbU1ZGpx7P1tV6HnnM=
10,33,nyFycgE6XsFI1EdiSZhju7v+OcU=,PXfLuGFnufbU1ZGpx7P1tV6HnnM=
14,38,nyFycgE6XsFI1EdiSZhju7v+OcU=,PXfLuGFnufbU1ZGpx7P1tV6HnnM=
13,38,nyFycgE6XsFI1EdiSZhju7v+OcU=,PXfLuGFnufbU1ZGpx7P1tV6HnnM=
12,38,nyFycgE6XsFI1EdiSZhju7v+OcU=,PXfLuGFnufbU1ZGpx7P1tV6HnnM=
11,38,nyFycgE6XsFI1EdiSZhju7v+OcU=,PXfLuGFnufbU1ZGpx7P1tV6HnnM=
10,38,nyFycgE6XsFI1EdiSZhju7v+OcU=,PXfLuGFnufbU1ZGpx7P1tV6HnnM=
14,37,nyFycgE6XsFI1EdiSZhju7v+OcU=,PXfLuGFnufbU1ZGpx7P1tV6HnnM=
13,37,nyFycgE6XsFI1EdiSZhju7v+OcU=,PXfLuGFnufbU1ZGpx7P1tV6HnnM=
12,37,nyFycgE6XsFI1EdiSZhju7v+OcU=,PXfLuGFnufbU1ZGpx7P1tV6HnnM=
11,37,nyFycgE6XsFI1EdiSZhju7v+OcU=,PXfLuGFnufbU1ZGpx7P1tV6HnnM=
10,37,nyFycgE6XsFI1EdiSZhju7v+OcU=,PXfLuGFnufbU1ZGpx7P1tV6HnnM=
14,36,nyFycgE6XsFI1EdiSZhju7v+OcU=,PXfLuGFnufbU1ZGpx7P1tV6HnnM=
13,36,nyFycgE6XsFI1EdiSZhju7v+OcU=,PXfLuGFnufbU1ZGpx7P1tV6HnnM=
12,36,nyFycgE6XsFI1EdiSZhju7v+OcU=,PXfLuGFnufbU1ZGpx7P1tV6HnnM=
11,36,nyFycgE6XsFI1EdiSZhju7v+OcU=,PXfLuGFnufbU1ZGpx7P1tV6HnnM=
10,36,nyFycgE6XsFI1EdiSZhju7v+OcU=,PXfLuGFnufbU1ZGpx7P1tV6HnnM=
9,36,nyFycgE6XsFI1EdiSZhju7v+OcU=,PXfLuGFnufbU1ZGpx7P1tV6HnnM=
14,35,nyFycgE6XsFI1EdiSZhju7v+OcU=,PXfLuGFnufbU1ZGpx7P1tV6HnnM=
13,35,nyFycgE6XsFI1EdiSZhju7v+OcU=,PXfLuGFnufbU1ZGpx7P1tV6HnnM=
12,35,nyFycgE6XsFI1EdiSZhju7v+OcU=,PXfLuGFnufbU1ZGpx7P1tV6HnnM=
11,35,nyFycgE6XsFI1EdiSZhju7v+OcU=,PXfLuGFnufbU1ZGpx7P1tV6HnnM=
10,35,nyFycgE6XsFI1EdiSZhju7v+OcU=,PXfLuGFnufbU1ZGpx7P1tV6HnnM=
9,35,nyFycgE6XsFI1EdiSZhju7v+OcU=,PXfLuGFnufbU1ZGpx7P1tV6HnnM=
14,34,nyFycgE6XsFI1EdiSZhju7v+OcU=,PXfLuGFnufbU1ZGpx7P1tV6HnnM=
13,34,nyFycgE6XsFI1EdiSZhju7v+OcU=,PXfLuGFnufbU1ZGpx7P1tV6HnnM=
12,34,nyFycgE6XsFI1EdiSZhju7v+OcU=,PXfLuGFnufbU1ZGpx7P1tV6HnnM=
11,34,nyFycgE6XsFI1EdiSZhju7v+OcU=,PXfLuGFnufbU1ZGpx7P1tV6HnnM=
10,34,nyFycgE6XsFI1EdiSZhju7v+OcU=,PXfLuGFnufbU1ZGpx7P1tV6HnnM=
9,34,nyFycgE6XsFI1EdiSZhju7v+OcU=,PXfLuGFnufbU1ZGpx7P1tV6HnnM=
14,33,nyFycgE6XsFI1EdiSZhju7v+OcU=,PXfLuGFnufbU1ZGpx7P1tV6HnnM=
13,33,nyFycgE6XsFI1EdiSZhju7v+OcU=,PXfLuGFnufbU1ZGpx7P1tV6HnnM=
9,39,nyFycgE6XsFI1EdiSZhju7v+OcU=,PXfLuGFnufbU1ZGpx7P1tV6HnnM=
10,39,nyFycgE6XsFI1EdiSZhju7v+OcU=,PXfLuGFnufbU1ZGpx7P1tV6HnnM=
11,39,nyFycgE6XsFI1EdiSZhju7v+OcU=,PXfLuGFnufbU1ZGpx7P1tV6HnnM=
12,39,nyFycgE6XsFI1EdiSZhju7v+OcU=,PXfLuGFnufbU1ZGpx7P1tV6HnnM=
13,39,nyFycgE6XsFI1EdiSZhju7v+OcU=,PXfLuGFnufbU1ZGpx7P1tV6HnnM=
14,39,nyFycgE6XsFI1EdiSZhju7v+OcU=,PXfLuGFnufbU1ZGpx7P1tV6HnnM=
2,41,ud/D9dNGMQWLGvOdQzWfZgq766Q=,NZSVBZDQ8h/D/zbOWZ+MQd61ytc=
3,41,ud/D9dNGMQWLGvOdQzWfZgq766Q=,NZSVBZDQ8h/D/zbOWZ+MQd61ytc=
5,46,ud/D9dNGMQWLGvOdQzWfZgq766Q=,NZSVBZDQ8h/D/zbOWZ+MQd61ytc=
4,46,ud/D9dNGMQWLGvOdQzWfZgq766Q=,NZSVBZDQ8h/D/zbOWZ+MQd61ytc=
3,46,ud/D9dNGMQWLGvOdQzWfZgq766Q=,NZSVBZDQ8h/D/zbOWZ+MQd61ytc=
2,46,ud/D9dNGMQWLGvOdQzWfZgq766Q=,NZSVBZDQ8h/D/zbOWZ+MQd61ytc=
5,45,ud/D9dNGMQWLGvOdQzWfZgq766Q=,NZSVBZDQ8h/D/zbOWZ+MQd61ytc=
4,45,ud/D9dNGMQWLGvOdQzWfZgq766Q=,NZSVBZDQ8h/D/zbOWZ+MQd61ytc=
3,45,ud/D9dNGMQWLGvOdQzWfZgq766Q=,NZSVBZDQ8h/D/zbOWZ+MQd61ytc=
5,44,ud/D9dNGMQWLGvOdQzWfZgq766Q=,NZSVBZDQ8h/D/zbOWZ+MQd61ytc=
4,44,ud/D9dNGMQWLGvOdQzWfZgq766Q=,NZSVBZDQ8h/D/zbOWZ+MQd61ytc=
3,44,ud/D9dNGMQWLGvOdQzWfZgq766Q=,NZSVBZDQ8h/D/zbOWZ+MQd61ytc=
5,43,ud/D9dNGMQWLGvOdQzWfZgq766Q=,NZSVBZDQ8h/D/zbOWZ+MQd61ytc=
4,43,ud/D9dNGMQWLGvOdQzWfZgq766Q=,NZSVBZDQ8h/D/zbOWZ+MQd61ytc=
3,43,ud/D9dNGMQWLGvOdQzWfZgq766Q=,NZSVBZDQ8h/D/zbOWZ+MQd61ytc=
2,43,ud/D9dNGMQWLGvOdQzWfZgq766Q=,NZSVBZDQ8h/D/zbOWZ+MQd61ytc=
5,42,ud/D9dNGMQWLGvOdQzWfZgq766Q=,NZSVBZDQ8h/D/zbOWZ+MQd61ytc=
4,42,ud/D9dNGMQWLGvOdQzWfZgq766Q=,NZSVBZDQ8h/D/zbOWZ+MQd61ytc=
3,42,ud/D9dNGMQWLGvOdQzWfZgq766Q=,NZSVBZDQ8h/D/zbOWZ+MQd61ytc=
2,42,ud/D9dNGMQWLGvOdQzWfZgq766Q=,NZSVBZDQ8h/D/zbOWZ+MQd61ytc=
4,41,ud/D9dNGMQWLGvOdQzWfZgq766Q=,NZSVBZDQ8h/D/zbOWZ+MQd61ytc=
15,33,nyFycgE6XsFI1EdiSZhju7v+OcU=,PXfLuGFnufbU1ZGpx7P1tV6HnnM=
15,38,nyFycgE6XsFI1EdiSZhju7v+OcU=,PXfLuGFnufbU1ZGpx7P1tV6HnnM=
15,37,nyFycgE6XsFI1EdiSZhju7v+OcU=,PXfLuGFnufbU1ZGpx7P1tV6HnnM=
15,36,nyFycgE6XsFI1EdiSZhju7v+OcU=,PXfLuGFnufbU1ZGpx7P1tV6HnnM=
15,35,nyFycgE6XsFI1EdiSZhju7v+OcU=,PXfLuGFnufbU1ZGpx7P1tV6HnnM=
15,34,nyFycgE6XsFI1EdiSZhju7v+OcU=,PXfLuGFnufbU1ZGpx7P1tV6HnnM=
10,32,nyFycgE6XsFI1EdiSZhju7v+OcU=,PXfLuGFnufbU1ZGpx7P1tV6HnnM=
11,32,nyFycgE6XsFI1EdiSZhju7v+OcU=,PXfLuGFnufbU1ZGpx7P1tV6HnnM=
12,32,nyFycgE6XsFI1EdiSZhju7v+OcU=,PXfLuGFnufbU1ZGpx7P1tV6HnnM=
13,32,nyFycgE6XsFI1EdiSZhju7v+OcU=,PXfLuGFnufbU1ZGpx7P1tV6HnnM=
14,32,nyFycgE6XsFI1EdiSZhju7v+OcU=,PXfLuGFnufbU1ZGpx7P1tV6HnnM=
15,32,nyFycgE6XsFI1EdiSZhju7v+OcU=,PXfLuGFnufbU1ZGpx7P1tV6HnnM=
15,39,nyFycgE6XsFI1EdiSZhju7v+OcU=,PXfLuGFnufbU1ZGpx7P1tV6HnnM=
4,35,ud/D9dNGMQWLGvOdQzWfZgq766Q=,5la9GM66e7xTEEckKjtG9xrlqUI=
5,40,ud/D9dNGMQWLGvOdQzWfZgq766Q=,NZSVBZDQ8h/D/zbOWZ+MQd61ytc=
4,40,ud/D9dNGMQWLGvOdQzWfZgq766Q=,NZSVBZDQ8h/D/zbOWZ+MQd61ytc=
3,40,ud/D9dNGMQWLGvOdQzWfZgq766Q=,NZSVBZDQ8h/D/zbOWZ+MQd61ytc=
3,35,ud/D9dNGMQWLGvOdQzWfZgq766Q=,5la9GM66e7xTEEckKjtG9xrlqUI=
7,34,ud/D9dNGMQWLGvOdQzWfZgq766Q=,5la9GM66e7xTEEckKjtG9xrlqUI=
5,39,ud/D9dNGMQWLGvOdQzWfZgq766Q=,5la9GM66e7xTEEckKjtG9xrlqUI=
4,34,ud/D9dNGMQWLGvOdQzWfZgq766Q=,5la9GM66e7xTEEckKjtG9xrlqUI=
4,39,ud/D9dNGMQWLGvOdQzWfZgq766Q=,5la9GM66e7xTEEckKjtG9xrlqUI=
3,34,ud/D9dNGMQWLGvOdQzWfZgq766Q=,5la9GM66e7xTEEckKjtG9xrlqUI=
3,33,ud/D9dNGMQWLGvOdQzWfZgq766Q=,5la9GM66e7xTEEckKjtG9xrlqUI=
5,38,ud/D9dNGMQWLGvOdQzWfZgq766Q=,5la9GM66e7xTEEckKjtG9xrlqUI=
4,38,ud/D9dNGMQWLGvOdQzWfZgq766Q=,5la9GM66e7xTEEckKjtG9xrlqUI=
2,33,ud/D9dNGMQWLGvOdQzWfZgq766Q=,5la9GM66e7xTEEckKjtG9xrlqUI=
3,39,ud/D9dNGMQWLGvOdQzWfZgq766Q=,5la9GM66e7xTEEckKjtG9xrlqUI=
5,37,ud/D9dNGMQWLGvOdQzWfZgq766Q=,5la9GM66e7xTEEckKjtG9xrlqUI=
4,37,ud/D9dNGMQWLGvOdQzWfZgq766Q=,5la9GM66e7xTEEckKjtG9xrlqUI=
4,36,ud/D9dNGMQWLGvOdQzWfZgq766Q=,5la9GM66e7xTEEckKjtG9xrlqUI=
3,37,ud/D9dNGMQWLGvOdQzWfZgq766Q=,5la9GM66e7xTEEckKjtG9xrlqUI=
3,36,ud/D9dNGMQWLGvOdQzWfZgq766Q=,5la9GM66e7xTEEckKjtG9xrlqUI=
0,40,ud/D9dNGMQWLGvOdQzWfZgq766Q=,NZSVBZDQ8h/D/zbOWZ+MQd61ytc=
9,37,nyFycgE6XsFI1EdiSZhju7v+OcU=,PXfLuGFnufbU1ZGpx7P1tV6HnnM=
5,35,ud/D9dNGMQWLGvOdQzWfZgq766Q=,5la9GM66e7xTEEckKjtG9xrlqUI=
9,32,nyFycgE6XsFI1EdiSZhju7v+OcU=,PXfLuGFnufbU1ZGpx7P1tV6HnnM=
9,38,nyFycgE6XsFI1EdiSZhju7v+OcU=,PXfLuGFnufbU1ZGpx7P1tV6HnnM=
9,33,nyFycgE6XsFI1EdiSZhju7v+OcU=,PXfLuGFnufbU1ZGpx7P1tV6HnnM=
7,42,ud/D9dNGMQWLGvOdQzWfZgq766Q=,NZSVBZDQ8h/D/zbOWZ+MQd61ytc=
6,43,ud/D9dNGMQWLGvOdQzWfZgq766Q=,NZSVBZDQ8h/D/zbOWZ+MQd61ytc=
7,43,ud/D9dNGMQWLGvOdQzWfZgq766Q=,NZSVBZDQ8h/D/zbOWZ+MQd61ytc=
7,41,ud/D9dNGMQWLGvOdQzWfZgq766Q=,NZSVBZDQ8h/D/zbOWZ+MQd61ytc=
6,36,ud/D9dNGMQWLGvOdQzWfZgq766Q=,5la9GM66e7xTEEckKjtG9xrlqUI=
6,38,ud/D9dNGMQWLGvOdQzWfZgq766Q=,5la9GM66e7xTEEckKjtG9xrlqUI=
1,42,ud/D9dNGMQWLGvOdQzWfZgq766Q=,NZSVBZDQ8h/D/zbOWZ+MQd61ytc=
6,42,ud/D9dNGMQWLGvOdQzWfZgq766Q=,NZSVBZDQ8h/D/zbOWZ+MQd61ytc=
1,43,ud/D9dNGMQWLGvOdQzWfZgq766Q=,NZSVBZDQ8h/D/zbOWZ+MQd61ytc=
5,41,ud/D9dNGMQWLGvOdQzWfZgq766Q=,NZSVBZDQ8h/D/zbOWZ+MQd61ytc=
6,39,ud/D9dNGMQWLGvOdQzWfZgq766Q=,5la9GM66e7xTEEckKjtG9xrlqUI=
8,34,nyFycgE6XsFI1EdiSZhju7v+OcU=,PXfLuGFnufbU1ZGpx7P1tV6HnnM=
1,40,ud/D9dNGMQWLGvOdQzWfZgq766Q=,NZSVBZDQ8h/D/zbOWZ+MQd61ytc=
7,38,ud/D9dNGMQWLGvOdQzWfZgq766Q=,5la9GM66e7xTEEckKjtG9xrlqUI=
1,41,ud/D9dNGMQWLGvOdQzWfZgq766Q=,NZSVBZDQ8h/D/zbOWZ+MQd61ytc=
6,41,ud/D9dNGMQWLGvOdQzWfZgq766Q=,NZSVBZDQ8h/D/zbOWZ+MQd61ytc=
6,32,ud/D9dNGMQWLGvOdQzWfZgq766Q=,5la9GM66e7xTEEckKjtG9xrlqUI=
6,33,ud/D9dNGMQWLGvOdQzWfZgq766Q=,5la9GM66e7xTEEckKjtG9xrlqUI=
0,37,ud/D9dNGMQWLGvOdQzWfZgq766Q=,5la9GM66e7xTEEckKjtG9xrlqUI=
7,33,ud/D9dNGMQWLGvOdQzWfZgq766Q=,5la9GM66e7xTEEckKjtG9xrlqUI=
0,33,ud/D9dNGMQWLGvOdQzWfZgq766Q=,5la9GM66e7xTEEckKjtG9xrlqUI=
7,39,ud/D9dNGMQWLGvOdQzWfZgq766Q=,5la9GM66e7xTEEckKjtG9xrlqUI=
0,46,ud/D9dNGMQWLGvOdQzWfZgq766Q=,NZSVBZDQ8h/D/zbOWZ+MQd61ytc=
0,41,ud/D9dNGMQWLGvOdQzWfZgq766Q=,NZSVBZDQ8h/D/zbOWZ+MQd61ytc=
2,32,ud/D9dNGMQWLGvOdQzWfZgq766Q=,5la9GM66e7xTEEckKjtG9xrlqUI=
5,34,ud/D9dNGMQWLGvOdQzWfZgq766Q=,5la9GM66e7xTEEckKjtG9xrlqUI=
5,33,ud/D9dNGMQWLGvOdQzWfZgq766Q=,5la9GM66e7xTEEckKjtG9xrlqUI=
6,34,ud/D9dNGMQWLGvOdQzWfZgq766Q=,5la9GM66e7xTEEckKjtG9xrlqUI=
3,32,ud/D9dNGMQWLGvOdQzWfZgq766Q=,5la9GM66e7xTEEckKjtG9xrlqUI=
7,36,ud/D9dNGMQWLGvOdQzWfZgq766Q=,5la9GM66e7xTEEckKjtG9xrlqUI=
0,45,ud/D9dNGMQWLGvOdQzWfZgq766Q=,NZSVBZDQ8h/D/zbOWZ+MQd61ytc=
8,33,nyFycgE6XsFI1EdiSZhju7v+OcU=,PXfLuGFnufbU1ZGpx7P1tV6HnnM=
0,32,ud/D9dNGMQWLGvOdQzWfZgq766Q=,5la9GM66e7xTEEckKjtG9xrlqUI=
2,35,ud/D9dNGMQWLGvOdQzWfZgq766Q=,5la9GM66e7xTEEckKjtG9xrlqUI=
1,35,ud/D9dNGMQWLGvOdQzWfZgq766Q=,5la9GM66e7xTEEckKjtG9xrlqUI=
6,47,ud/D9dNGMQWLGvOdQzWfZgq766Q=,NZSVBZDQ8h/D/zbOWZ+MQd61ytc=
0,43,ud/D9dNGMQWLGvOdQzWfZgq766Q=,NZSVBZDQ8h/D/zbOWZ+MQd61ytc=
8,35,nyFycgE6XsFI1EdiSZhju7v+OcU=,PXfLuGFnufbU1ZGpx7P1tV6HnnM=
7,40,ud/D9dNGMQWLGvOdQzWfZgq766Q=,NZSVBZDQ8h/D/zbOWZ+MQd61ytc=
2,34,ud/D9dNGMQWLGvOdQzWfZgq766Q=,5la9GM66e7xTEEckKjtG9xrlqUI=
7,47,ud/D9dNGMQWLGvOdQzWfZgq766Q=,NZSVBZDQ8h/D/zbOWZ+MQd61ytc=
5,36,ud/D9dNGMQWLGvOdQzWfZgq766Q=,5la9GM66e7xTEEckKjtG9xrlqUI=
0,42,ud/D9dNGMQWLGvOdQzWfZgq766Q=,NZSVBZDQ8h/D/zbOWZ+MQd61ytc=
6,37,ud/D9dNGMQWLGvOdQzWfZgq766Q=,5la9GM66e7xTEEckKjtG9xrlqUI=
4,33,ud/D9dNGMQWLGvOdQzWfZgq766Q=,5la9GM66e7xTEEckKjtG9xrlqUI=
1,37,ud/D9dNGMQWLGvOdQzWfZgq766Q=,5la9GM66e7xTEEckKjtG9xrlqUI=
8,32,nyFycgE6XsFI1EdiSZhju7v+OcU=,PXfLuGFnufbU1ZGpx7P1tV6HnnM=
1,34,ud/D9dNGMQWLGvOdQzWfZgq766Q=,5la9GM66e7xTEEckKjtG9xrlqUI=
8,39,nyFycgE6XsFI1EdiSZhju7v+OcU=,PXfLuGFnufbU1ZGpx7P1tV6HnnM=
5,47,ud/D9dNGMQWLGvOdQzWfZgq766Q=,NZSVBZDQ8h/D/zbOWZ+MQd61ytc=
6,35,ud/D9dNGMQWLGvOdQzWfZgq766Q=,5la9GM66e7xTEEckKjtG9xrlqUI=
1,33,ud/D9dNGMQWLGvOdQzWfZgq766Q=,5la9GM66e7xTEEckKjtG9xrlqUI=
4,47,ud/D9dNGMQWLGvOdQzWfZgq766Q=,NZSVBZDQ8h/D/zbOWZ+MQd61ytc=
3,47,ud/D9dNGMQWLGvOdQzWfZgq766Q=,NZSVBZDQ8h/D/zbOWZ+MQd61ytc=
6,40,ud/D9dNGMQWLGvOdQzWfZgq766Q=,NZSVBZDQ8h/D/zbOWZ+MQd61ytc=
2,36,ud/D9dNGMQWLGvOdQzWfZgq766Q=,5la9GM66e7xTEEckKjtG9xrlqUI=
8,36,nyFycgE6XsFI1EdiSZhju7v+OcU=,PXfLuGFnufbU1ZGpx7P1tV6HnnM=
2,40,ud/D9dNGMQWLGvOdQzWfZgq766Q=,NZSVBZDQ8h/D/zbOWZ+MQd61ytc=
0,36,ud/D9dNGMQWLGvOdQzWfZgq766Q=,5la9GM66e7xTEEckKjtG9xrlqUI=
7,32,ud/D9dNGMQWLGvOdQzWfZgq766Q=,5la9GM66e7xTEEckKjtG9xrlqUI=
0,47,ud/D9dNGMQWLGvOdQzWfZgq766Q=,NZSVBZDQ8h/D/zbOWZ+MQd61ytc=
8,37,nyFycgE6XsFI1EdiSZhju7v+OcU=,PXfLuGFnufbU1ZGpx7P1tV6HnnM=
7,35,ud/D9dNGMQWLGvOdQzWfZgq766Q=,5la9GM66e7xTEEckKjtG9xrlqUI=
1,32,ud/D9dNGMQWLGvOdQzWfZgq766Q=,5la9GM66e7xTEEckKjtG9xrlqUI=
2,45,ud/D9dNGMQWLGvOdQzWfZgq766Q=,NZSVBZDQ8h/D/zbOWZ+MQd61ytc=
1,46,ud/D9dNGMQWLGvOdQzWfZgq766Q=,NZSVBZDQ8h/D/zbOWZ+MQd61ytc=
0,39,ud/D9dNGMQWLGvOdQzWfZgq766Q=,5la9GM66e7xTEEckKjtG9xrlqUI=
2,44,ud/D9dNGMQWLGvOdQzWfZgq766Q=,NZSVBZDQ8h/D/zbOWZ+MQd61ytc=
2,47,ud/D9dNGMQWLGvOdQzWfZgq766Q=,NZSVBZDQ8h/D/zbOWZ+MQd61ytc=
4,32,ud/D9dNGMQWLGvOdQzWfZgq766Q=,5la9GM66e7xTEEckKjtG9xrlqUI=
8,38,nyFycgE6XsFI1EdiSZhju7v+OcU=,PXfLuGFnufbU1ZGpx7P1tV6HnnM=
3,38,ud/D9dNGMQWLGvOdQzWfZgq766Q=,5la9GM66e7xTEEckKjtG9xrlqUI=
1,45,ud/D9dNGMQWLGvOdQzWfZgq766Q=,NZSVBZDQ8h/D/zbOWZ+MQd61ytc=
6,46,ud/D9dNGMQWLGvOdQzWfZgq766Q=,NZSVBZDQ8h/D/zbOWZ+MQd61ytc=
7,37,ud/D9dNGMQWLGvOdQzWfZgq766Q=,5la9GM66e7xTEEckKjtG9xrlqUI=
0,35,ud/D9dNGMQWLGvOdQzWfZgq766Q=,5la9GM66e7xTEEckKjtG9xrlqUI=
7,44,ud/D9dNGMQWLGvOdQzWfZgq766Q=,NZSVBZDQ8h/D/zbOWZ+MQd61ytc=
1,47,ud/D9dNGMQWLGvOdQzWfZgq766Q=,NZSVBZDQ8h/D/zbOWZ+MQd61ytc=
0,44,ud/D9dNGMQWLGvOdQzWfZgq766Q=,NZSVBZDQ8h/D/zbOWZ+MQd61ytc=
5,32,ud/D9dNGMQWLGvOdQzWfZgq766Q=,5la9GM66e7xTEEckKjtG9xrlqUI=
0,34,ud/D9dNGMQWLGvOdQzWfZgq766Q=,5la9GM66e7xTEEckKjtG9xrlqUI=
1,44,ud/D9dNGMQWLGvOdQzWfZgq766Q=,NZSVBZDQ8h/D/zbOWZ+MQd61ytc=
1,36,ud/D9dNGMQWLGvOdQzWfZgq766Q=,5la9GM66e7xTEEckKjtG9xrlqUI=
7,45,ud/D9dNGMQWLGvOdQzWfZgq766Q=,NZSVBZDQ8h/D/zbOWZ+MQd61ytc=
6,45,ud/D9dNGMQWLGvOdQzWfZgq766Q=,NZSVBZDQ8h/D/zbOWZ+MQd61ytc=
2,39,ud/D9dNGMQWLGvOdQzWfZgq766Q=,5la9GM66e7xTEEckKjtG9xrlqUI=
2,37,ud/D9dNGMQWLGvOdQzWfZgq766Q=,5la9GM66e7xTEEckKjtG9xrlqUI=
0,38,ud/D9dNGMQWLGvOdQzWfZgq766Q=,5la9GM66e7xTEEckKjtG9xrlqUI=
1,39,ud/D9dNGMQWLGvOdQzWfZgq766Q=,5la9GM66e7xTEEckKjtG9xrlqUI=
7,46,ud/D9dNGMQWLGvOdQzWfZgq766Q=,NZSVBZDQ8h/D/zbOWZ+MQd61ytc=
6,44,ud/D9dNGMQWLGvOdQzWfZgq766Q=,NZSVBZDQ8h/D/zbOWZ+MQd61ytc=
1,38,ud/D9dNGMQWLGvOdQzWfZgq766Q=,5la9GM66e7xTEEckKjtG9xrlqUI=
2,38,ud/D9dNGMQWLGvOdQzWfZgq766Q=,5la9GM66e7xTEEckKjtG9xrlqUI=
9,49,meF1JjWunQ+nPq53CIDAYr8zJww=,KYSpU3NnArzGpmbp6y/aNIXJuOc=
14,48,meF1JjWunQ+nPq53CIDAYr8zJww=,KYSpU3NnArzGpmbp6y/aNIXJuOc=
10,55,meF1JjWunQ+nPq53CIDAYr8zJww=,KYSpU3NnArzGpmbp6y/aNIXJuOc=
11,55,meF1JjWunQ+nPq53CIDAYr8zJww=,KYSpU3NnArzGpmbp6y/aNIXJuOc=
9,55,meF1JjWunQ+nPq53CIDAYr8zJww=,KYSpU3NnArzGpmbp6y/aNIXJuOc=
15,54,meF1JjWunQ+nPq53CIDAYr8zJww=,KYSpU3NnArzGpmbp6y/aNIXJuOc=
13,48,meF1JjWunQ+nPq53CIDAYr8zJww=,KYSpU3NnArzGpmbp6y/aNIXJuOc=
14,54,meF1JjWunQ+nPq53CIDAYr8zJww=,KYSpU3NnArzGpmbp6y/aNIXJuOc=
12,48,meF1JjWunQ+nPq53CIDAYr8zJww=,KYSpU3NnArzGpmbp6y/aNIXJuOc=
11,48,meF1JjWunQ+nPq53CIDAYr8zJww=,KYSpU3NnArzGpmbp6y/aNIXJuOc=
13,54,meF1JjWunQ+nPq53CIDAYr8zJww=,KYSpU3NnArzGpmbp6y/aNIXJuOc=
10,48,meF1JjWunQ+nPq53CIDAYr8zJww=,KYSpU3NnArzGpmbp6y/aNIXJuOc=
9,48,meF1JjWunQ+nPq53CIDAYr8zJww=,KYSpU3NnArzGpmbp6y/aNIXJuOc=
12,54,meF1JjWunQ+nPq53CIDAYr8zJww=,KYSpU3NnArzGpmbp6y/aNIXJuOc=
11,54,meF1JjWunQ+nPq53CIDAYr8zJww=,KYSpU3NnArzGpmbp6y/aNIXJuOc=
10,54,meF1JjWunQ+nPq53CIDAYr8zJww=,KYSpU3NnArzGpmbp6y/aNIXJuOc=
9,54,meF1JjWunQ+nPq53CIDAYr8zJww=,KYSpU3NnArzGpmbp6y/aNIXJuOc=
15,53,meF1JjWunQ+nPq53CIDAYr8zJww=,KYSpU3NnArzGpmbp6y/aNIXJuOc=
14,53,meF1JjWunQ+nPq53CIDAYr8zJww=,KYSpU3NnArzGpmbp6y/aNIXJuOc=
13,53,meF1JjWunQ+nPq53CIDAYr8zJww=,KYSpU3NnArzGpmbp6y/aNIXJuOc=
12,53,meF1JjWunQ+nPq53CIDAYr8zJww=,KYSpU3NnArzGpmbp6y/aNIXJuOc=
11,53,meF1JjWunQ+nPq53CIDAYr8zJww=,KYSpU3NnArzGpmbp6y/aNIXJuOc=
10,53,meF1JjWunQ+nPq53CIDAYr8zJww=,KYSpU3NnArzGpmbp6y/aNIXJuOc=
9,53,meF1JjWunQ+nPq53CIDAYr8zJww=,KYSpU3NnArzGpmbp6y/aNIXJuOc=
15,52,meF1JjWunQ+nPq53CIDAYr8zJww=,KYSpU3NnArzGpmbp6y/aNIXJuOc=
13,52,meF1JjWunQ+nPq53CIDAYr8zJww=,KYSpU3NnArzGpmbp6y/aNIXJuOc=
14,52,meF1JjWunQ+nPq53CIDAYr8zJww=,KYSpU3NnArzGpmbp6y/aNIXJuOc=
11,52,meF1JjWunQ+nPq53CIDAYr8zJww=,KYSpU3NnArzGpmbp6y/aNIXJuOc=
12,52,meF1JjWunQ+nPq53CIDAYr8zJww=,KYSpU3NnArzGpmbp6y/aNIXJuOc=
10,52,meF1JjWunQ+nPq53CIDAYr8zJww=,KYSpU3NnArzGpmbp6y/aNIXJuOc=
9,52,meF1JjWunQ+nPq53CIDAYr8zJww=,KYSpU3NnArzGpmbp6y/aNIXJuOc=
14,51,meF1JjWunQ+nPq53CIDAYr8zJww=,KYSpU3NnArzGpmbp6y/aNIXJuOc=
15,51,meF1JjWunQ+nPq53CIDAYr8zJww=,KYSpU3NnArzGpmbp6y/aNIXJuOc=
13,51,meF1JjWunQ+nPq53CIDAYr8zJww=,KYSpU3NnArzGpmbp6y/aNIXJuOc=
12,51,meF1JjWunQ+nPq53CIDAYr8zJww=,KYSpU3NnArzGpmbp6y/aNIXJuOc=
11,51,meF1JjWunQ+nPq53CIDAYr8zJww=,KYSpU3NnArzGpmbp6y/aNIXJuOc=
10,51,meF1JjWunQ+nPq53CIDAYr8zJww=,KYSpU3NnArzGpmbp6y/aNIXJuOc=
9,51,meF1JjWunQ+nPq53CIDAYr8zJww=,KYSpU3NnArzGpmbp6y/aNIXJuOc=
15,50,meF1JjWunQ+nPq53CIDAYr8zJww=,KYSpU3NnArzGpmbp6y/aNIXJuOc=
14,50,meF1JjWunQ+nPq53CIDAYr8zJww=,KYSpU3NnArzGpmbp6y/aNIXJuOc=
13,50,meF1JjWunQ+nPq53CIDAYr8zJww=,KYSpU3NnArzGpmbp6y/aNIXJuOc=
12,50,meF1JjWunQ+nPq53CIDAYr8zJww=,KYSpU3NnArzGpmbp6y/aNIXJuOc=
11,50,meF1JjWunQ+nPq53CIDAYr8zJww=,KYSpU3NnArzGpmbp6y/aNIXJuOc=
10,50,meF1JjWunQ+nPq53CIDAYr8zJww=,KYSpU3NnArzGpmbp6y/aNIXJuOc=
9,50,meF1JjWunQ+nPq53CIDAYr8zJww=,KYSpU3NnArzGpmbp6y/aNIXJuOc=
15,49,meF1JjWunQ+nPq53CIDAYr8zJww=,KYSpU3NnArzGpmbp6y/aNIXJuOc=
14,49,meF1JjWunQ+nPq53CIDAYr8zJww=,KYSpU3NnArzGpmbp6y/aNIXJuOc=
13,49,meF1JjWunQ+nPq53CIDAYr8zJww=,KYSpU3NnArzGpmbp6y/aNIXJuOc=
12,49,meF1JjWunQ+nPq53CIDAYr8zJww=,KYSpU3NnArzGpmbp6y/aNIXJuOc=
14,55,meF1JjWunQ+nPq53CIDAYr8zJww=,KYSpU3NnArzGpmbp6y/aNIXJuOc=
13,55,meF1JjWunQ+nPq53CIDAYr8zJww=,KYSpU3NnArzGpmbp6y/aNIXJuOc=
11,49,meF1JjWunQ+nPq53CIDAYr8zJww=,KYSpU3NnArzGpmbp6y/aNIXJuOc=
12,55,meF1JjWunQ+nPq53CIDAYr8zJww=,KYSpU3NnArzGpmbp6y/aNIXJuOc=
10,49,meF1JjWunQ+nPq53CIDAYr8zJww=,KYSpU3NnArzGpmbp6y/aNIXJuOc=
15,48,meF1JjWunQ+nPq53CIDAYr8zJww=,KYSpU3NnArzGpmbp6y/aNIXJuOc=
15,55,meF1JjWunQ+nPq53CIDAYr8zJww=,KYSpU3NnArzGpmbp6y/aNIXJuOc=
4,52,nyFycgE6XsFI1EdiSZhju7v+OcU=,71UdZXNnqTbr0bNtFNFjFaEgrM4=
8,49,meF1JjWunQ+nPq53CIDAYr8zJww=,KYSpU3NnArzGpmbp6y/aNIXJuOc=
6,53,nyFycgE6XsFI1EdiSZhju7v+OcU=,71UdZXNnqTbr0bNtFNFjFaEgrM4=
8,55,meF1JjWunQ+nPq53CIDAYr8zJww=,KYSpU3NnArzGpmbp6y/aNIXJuOc=
5,54,nyFycgE6XsFI1EdiSZhju7v+OcU=,71UdZXNnqTbr0bNtFNFjFaEgrM4=
3,51,nyFycgE6XsFI1EdiSZhju7v+OcU=,71UdZXNnqTbr0bNtFNFjFaEgrM4=
1,51,nyFycgE6XsFI1EdiSZhju7v+OcU=,71UdZXNnqTbr0bNtFNFjFaEgrM4=
4,54,nyFycgE6XsFI1EdiSZhju7v+OcU=,71UdZXNnqTbr0bNtFNFjFaEgrM4=
5,50,nyFycgE6XsFI1EdiSZhju7v+OcU=,71UdZXNnqTbr0bNtFNFjFaEgrM4=
3,52,nyFycgE6XsFI1EdiSZhju7v+OcU=,71UdZXNnqTbr0bNtFNFjFaEgrM4=
0,51,nyFycgE6XsFI1EdiSZhju7v+OcU=,71UdZXNnqTbr0bNtFNFjFaEgrM4=
5,48,nyFycgE6XsFI1EdiSZhju7v+OcU=,71UdZXNnqTbr0bNtFNFjFaEgrM4=
8,48,meF1JjWunQ+nPq53CIDAYr8zJww=,KYSpU3NnArzGpmbp6y/aNIXJuOc=
8,54,meF1JjWunQ+nPq53CIDAYr8zJww=,KYSpU3NnArzGpmbp6y/aNIXJuOc=
7,55,nyFycgE6XsFI1EdiSZhju7v+OcU=,71UdZXNnqTbr0bNtFNFjFaEgrM4=
2,51,nyFycgE6XsFI1EdiSZhju7v+OcU=,71UdZXNnqTbr0bNtFNFjFaEgrM4=
3,54,nyFycgE6XsFI1EdiSZhju7v+OcU=,71UdZXNnqTbr0bNtFNFjFaEgrM4=
5,53,nyFycgE6XsFI1EdiSZhju7v+OcU=,71UdZXNnqTbr0bNtFNFjFaEgrM4=
2,52,nyFycgE6XsFI1EdiSZhju7v+OcU=,71UdZXNnqTbr0bNtFNFjFaEgrM4=
6,55,nyFycgE6XsFI1EdiSZhju7v+OcU=,71UdZXNnqTbr0bNtFNFjFaEgrM4=
5,55,nyFycgE6XsFI1EdiSZhju7v+OcU=,71UdZXNnqTbr0bNtFNFjFaEgrM4=
6,51,nyFycgE6XsFI1EdiSZhju7v+OcU=,71UdZXNnqTbr0bNtFNFjFaEgrM4=
4,55,nyFycgE6XsFI1EdiSZhju7v+OcU=,71UdZXNnqTbr0bNtFNFjFaEgrM4=
3,48,nyFycgE6XsFI1EdiSZhju7v+OcU=,71UdZXNnqTbr0bNtFNFjFaEgrM4=
3,49,nyFycgE6XsFI1EdiSZhju7v+OcU=,71UdZXNnqTbr0bNtFNFjFaEgrM4=
0,48,nyFycgE6XsFI1EdiSZhju7v+OcU=,71UdZXNnqTbr0bNtFNFjFaEgrM4=
4,50,nyFycgE6XsFI1EdiSZhju7v+OcU=,71UdZXNnqTbr0bNtFNFjFaEgrM4=
8,53,meF1JjWunQ+nPq53CIDAYr8zJww=,KYSpU3NnArzGpmbp6y/aNIXJuOc=
1,48,nyFycgE6XsFI1EdiSZhju7v+OcU=,71UdZXNnqTbr0bNtFNFjFaEgrM4=
5,51,nyFycgE6XsFI1EdiSZhju7v+OcU=,71UdZXNnqTbr0bNtFNFjFaEgrM4=
4,53,nyFycgE6XsFI1EdiSZhju7v+OcU=,71UdZXNnqTbr0bNtFNFjFaEgrM4=
4,51,nyFycgE6XsFI1EdiSZhju7v+OcU=,71UdZXNnqTbr0bNtFNFjFaEgrM4=
4,48,nyFycgE6XsFI1EdiSZhju7v+OcU=,71UdZXNnqTbr0bNtFNFjFaEgrM4=
3,55,nyFycgE6XsFI1EdiSZhju7v+OcU=,71UdZXNnqTbr0bNtFNFjFaEgrM4=
2,55,nyFycgE6XsFI1EdiSZhju7v+OcU=,71UdZXNnqTbr0bNtFNFjFaEgrM4=
1,50,nyFycgE6XsFI1EdiSZhju7v+OcU=,71UdZXNnqTbr0bNtFNFjFaEgrM4=
3,53,nyFycgE6XsFI1EdiSZhju7v+OcU=,71UdZXNnqTbr0bNtFNFjFaEgrM4=
1,55,nyFycgE6XsFI1EdiSZhju7v+OcU=,71UdZXNnqTbr0bNtFNFjFaEgrM4=
0,49,nyFycgE6XsFI1EdiSZhju7v+OcU=,71UdZXNnqTbr0bNtFNFjFaEgrM4=
2,53,nyFycgE6XsFI1EdiSZhju7v+OcU=,71UdZXNnqTbr0bNtFNFjFaEgrM4=
0,50,nyFycgE6XsFI1EdiSZhju7v+OcU=,71UdZXNnqTbr0bNtFNFjFaEgrM4=
1,53,nyFycgE6XsFI1EdiSZhju7v+OcU=,71UdZXNnqTbr0bNtFNFjFaEgrM4=
8,51,meF1JjWunQ+nPq53CIDAYr8zJww=,KYSpU3NnArzGpmbp6y/aNIXJuOc=
1,52,nyFycgE6XsFI1EdiSZhju7v+OcU=,71UdZXNnqTbr0bNtFNFjFaEgrM4=
7,54,nyFycgE6XsFI1EdiSZhju7v+OcU=,71UdZXNnqTbr0bNtFNFjFaEgrM4=
8,52,meF1JjWunQ+nPq53CIDAYr8zJww=,KYSpU3NnArzGpmbp6y/aNIXJuOc=
5,49,nyFycgE6XsFI1EdiSZhju7v+OcU=,71UdZXNnqTbr0bNtFNFjFaEgrM4=
2,54,nyFycgE6XsFI1EdiSZhju7v+OcU=,71UdZXNnqTbr0bNtFNFjFaEgrM4=
1,54,nyFycgE6XsFI1EdiSZhju7v+OcU=,71UdZXNnqTbr0bNtFNFjFaEgrM4=
0,55,nyFycgE6XsFI1EdiSZhju7v+OcU=,71UdZXNnqTbr0bNtFNFjFaEgrM4=
7,48,nyFycgE6XsFI1EdiSZhju7v+OcU=,71UdZXNnqTbr0bNtFNFjFaEgrM4=
6,49,nyFycgE6XsFI1EdiSZhju7v+OcU=,71UdZXNnqTbr0bNtFNFjFaEgrM4=
4,49,nyFycgE6XsFI1EdiSZhju7v+OcU=,71UdZXNnqTbr0bNtFNFjFaEgrM4=
6,52,nyFycgE6XsFI1EdiSZhju7v+OcU=,71UdZXNnqTbr0bNtFNFjFaEgrM4=
5,52,nyFycgE6XsFI1EdiSZhju7v+OcU=,71UdZXNnqTbr0bNtFNFjFaEgrM4=
6,54,nyFycgE6XsFI1EdiSZhju7v+OcU=,71UdZXNnqTbr0bNtFNFjFaEgrM4=
7,49,nyFycgE6XsFI1EdiSZhju7v+OcU=,71UdZXNnqTbr0bNtFNFjFaEgrM4=
7,50,nyFycgE6XsFI1EdiSZhju7v+OcU=,71UdZXNnqTbr0bNtFNFjFaEgrM4=
8,50,meF1JjWunQ+nPq53CIDAYr8zJww=,KYSpU3NnArzGpmbp6y/aNIXJuOc=
1,49,nyFycgE6XsFI1EdiSZhju7v+OcU=,71UdZXNnqTbr0bNtFNFjFaEgrM4=
0,52,nyFycgE6XsFI1EdiSZhju7v+OcU=,71UdZXNnqTbr0bNtFNFjFaEgrM4=
2,48,nyFycgE6XsFI1EdiSZhju7v+OcU=,71UdZXNnqTbr0bNtFNFjFaEgrM4=
7,53,nyFycgE6XsFI1EdiSZhju7v+OcU=,71UdZXNnqTbr0bNtFNFjFaEgrM4=
7,52,nyFycgE6XsFI1EdiSZhju7v+OcU=,71UdZXNnqTbr0bNtFNFjFaEgrM4=
6,48,nyFycgE6XsFI1EdiSZhju7v+OcU=,71UdZXNnqTbr0bNtFNFjFaEgrM4=
0,54,nyFycgE6XsFI1EdiSZhju7v+OcU=,71UdZXNnqTbr0bNtFNFjFaEgrM4=
6,50,nyFycgE6XsFI1EdiSZhju7v+OcU=,71UdZXNnqTbr0bNtFNFjFaEgrM4=
2,49,nyFycgE6XsFI1EdiSZhju7v+OcU=,71UdZXNnqTbr0bNtFNFjFaEgrM4=
0,53,nyFycgE6XsFI1EdiSZhju7v+OcU=,71UdZXNnqTbr0bNtFNFjFaEgrM4=
3,50,nyFycgE6XsFI1EdiSZhju7v+OcU=,71UdZXNnqTbr0bNtFNFjFaEgrM4=
7,51,nyFycgE6XsFI1EdiSZhju7v+OcU=,71UdZXNnqTbr0bNtFNFjFaEgrM4=
2,50,nyFycgE6XsFI1EdiSZhju7v+OcU=,71UdZXNnqTbr0bNtFNFjFaEgrM4=
18,43,N7WAFMl2kT4Lg2mkuY6BLSKRLvU=,aNwvGWEjKS1JnQi9kagOclmNJiQ=
21,46,N7WAFMl2kT4Lg2mkuY6BLSKRLvU=,aNwvGWEjKS1JnQi9kagOclmNJiQ=
20,46,N7WAFMl2kT4Lg2mkuY6BLSKRLvU=,aNwvGWEjKS1JnQi9kagOclmNJiQ=
24,34,N7WAFMl2kT4Lg2mkuY6BLSKRLvU=,ePyNGZCdzQyl9xQnUdKUU4HKBQs=
25,34,N7WAFMl2kT4Lg2mkuY6BLSKRLvU=,ePyNGZCdzQyl9xQnUdKUU4HKBQs=
26,34,N7WAFMl2kT4Lg2mkuY6BLSKRLvU=,ePyNGZCdzQyl9xQnUdKUU4HKBQs=
27,34,N7WAFMl2kT4Lg2mkuY6BLSKRLvU=,ePyNGZCdzQyl9xQnUdKUU4HKBQs=
28,34,N7WAFMl2kT4Lg2mkuY6BLSKRLvU=,ePyNGZCdzQyl9xQnUdKUU4HKBQs=
17,42,N7WAFMl2kT4Lg2mkuY6BLSKRLvU=,aNwvGWEjKS1JnQi9kagOclmNJiQ=
29,34,N7WAFMl2kT4Lg2mkuY6BLSKRLvU=,ePyNGZCdzQyl9xQnUdKUU4HKBQs=
30,34,N7WAFMl2kT4Lg2mkuY6BLSKRLvU=,ePyNGZCdzQyl9xQnUdKUU4HKBQs=
24,35,N7WAFMl2kT4Lg2mkuY6BLSKRLvU=,ePyNGZCdzQyl9xQnUdKUU4HKBQs=
19,45,N7WAFMl2kT4Lg2mkuY6BLSKRLvU=,aNwvGWEjKS1JnQi9kagOclmNJiQ=
25,35,N7WAFMl2kT4Lg2mkuY6BLSKRLvU=,ePyNGZCdzQyl9xQnUdKUU4HKBQs=
18,45,N7WAFMl2kT4Lg2mkuY6BLSKRLvU=,aNwvGWEjKS1JnQi9kagOclmNJiQ=
26,35,N7WAFMl2kT4Lg2mkuY6BLSKRLvU=,ePyNGZCdzQyl9xQnUdKUU4HKBQs=
27,35,N7WAFMl2kT4Lg2mkuY6BLSKRLvU=,ePyNGZCdzQyl9xQnUdKUU4HKBQs=
17,45,N7WAFMl2kT4Lg2mkuY6BLSKRLvU=,aNwvGWEjKS1JnQi9kagOclmNJiQ=
28,35,N7WAFMl2kT4Lg2mkuY6BLSKRLvU=,ePyNGZCdzQyl9xQnUdKUU4HKBQs=
29,35,N7WAFMl2kT4Lg2mkuY6BLSKRLvU=,ePyNGZCdzQyl9xQnUdKUU4HKBQs=
30,35,N7WAFMl2kT4Lg2mkuY6BLSKRLvU=,ePyNGZCdzQyl9xQnUdKUU4HKBQs=
24,36,N7WAFMl2kT4Lg2mkuY6BLSKRLvU=,ePyNGZCdzQyl9xQnUdKUU4HKBQs=
25,36,N7WAFMl2kT4Lg2mkuY6BLSKRLvU=,ePyNGZCdzQyl9xQnUdKUU4HKBQs=
26,36,N7WAFMl2kT4Lg2mkuY6BLSKRLvU=,ePyNGZCdzQyl9xQnUdKUU4HKBQs=
27,36,N7WAFMl2kT4Lg2mkuY6BLSKRLvU=,ePyNGZCdzQyl9xQnUdKUU4HKBQs=
28,36,N7WAFMl2kT4Lg2mkuY6BLSKRLvU=,ePyNGZCdzQyl9xQnUdKUU4HKBQs=
29,36,N7WAFMl2kT4Lg2mkuY6BLSKRLvU=,ePyNGZCdzQyl9xQnUdKUU4HKBQs=
30,36,N7WAFMl2kT4Lg2mkuY6BLSKRLvU=,ePyNGZCdzQyl9xQnUdKUU4HKBQs=
24,37,N7WAFMl2kT4Lg2mkuY6BLSKRLvU=,ePyNGZCdzQyl9xQnUdKUU4HKBQs=
25,37,N7WAFMl2kT4Lg2mkuY6BLSKRLvU=,ePyNGZCdzQyl9xQnUdKUU4HKBQs=
26,37,N7WAFMl2kT4Lg2mkuY6BLSKRLvU=,ePyNGZCdzQyl9xQnUdKUU4HKBQs=
28,37,N7WAFMl2kT4Lg2mkuY6BLSKRLvU=,ePyNGZCdzQyl9xQnUdKUU4HKBQs=
27,37,N7WAFMl2kT4Lg2mkuY6BLSKRLvU=,ePyNGZCdzQyl9xQnUdKUU4HKBQs=
29,37,N7WAFMl2kT4Lg2mkuY6BLSKRLvU=,ePyNGZCdzQyl9xQnUdKUU4HKBQs=
30,37,N7WAFMl2kT4Lg2mkuY6BLSKRLvU=,ePyNGZCdzQyl9xQnUdKUU4HKBQs=
24,33,N7WAFMl2kT4Lg2mkuY6BLSKRLvU=,ePyNGZCdzQyl9xQnUdKUU4HKBQs=
24,38,N7WAFMl2kT4Lg2mkuY6BLSKRLvU=,ePyNGZCdzQyl9xQnUdKUU4HKBQs=
25,38,N7WAFMl2kT4Lg2mkuY6BLSKRLvU=,ePyNGZCdzQyl9xQnUdKUU4HKBQs=
25,33,N7WAFMl2kT4Lg2mkuY6BLSKRLvU=,ePyNGZCdzQyl9xQnUdKUU4HKBQs=
26,38,N7WAFMl2kT4Lg2mkuY6BLSKRLvU=,ePyNGZCdzQyl9xQnUdKUU4HKBQs=
27,38,N7WAFMl2kT4Lg2mkuY6BLSKRLvU=,ePyNGZCdzQyl9xQnUdKUU4HKBQs=
26,33,N7WAFMl2kT4Lg2mkuY6BLSKRLvU=,ePyNGZCdzQyl9xQnUdKUU4HKBQs=
28,38,N7WAFMl2kT4Lg2mkuY6BLSKRLvU=,ePyNGZCdzQyl9xQnUdKUU4HKBQs=
29,38,N7WAFMl2kT4Lg2mkuY6BLSKRLvU=,ePyNGZCdzQyl9xQnUdKUU4HKBQs=
30,38,N7WAFMl2kT4Lg2mkuY6BLSKRLvU=,ePyNGZCdzQyl9xQnUdKUU4HKBQs=
27,33,N7WAFMl2kT4Lg2mkuY6BLSKRLvU=,ePyNGZCdzQyl9xQnUdKUU4HKBQs=
24,39,N7WAFMl2kT4Lg2mkuY6BLSKRLvU=,ePyNGZCdzQyl9xQnUdKUU4HKBQs=
26,39,N7WAFMl2kT4Lg2mkuY6BLSKRLvU=,ePyNGZCdzQyl9xQnUdKUU4HKBQs=
25,39,N7WAFMl2kT4Lg2mkuY6BLSKRLvU=,ePyNGZCdzQyl9xQnUdKUU4HKBQs=
23,40,N7WAFMl2kT4Lg2mkuY6BLSKRLvU=,aNwvGWEjKS1JnQi9kagOclmNJiQ=
28,33,N7WAFMl2kT4Lg2mkuY6BLSKRLvU=,ePyNGZCdzQyl9xQnUdKUU4HKBQs=
27,39,N7WAFMl2kT4Lg2mkuY6BLSKRLvU=,ePyNGZCdzQyl9xQnUdKUU4HKBQs=
28,39,N7WAFMl2kT4Lg2mkuY6BLSKRLvU=,ePyNGZCdzQyl9xQnUdKUU4HKBQs=
29,39,N7WAFMl2kT4Lg2mkuY6BLSKRLvU=,ePyNGZCdzQyl9xQnUdKUU4HKBQs=
30,39,N7WAFMl2kT4Lg2mkuY6BLSKRLvU=,ePyNGZCdzQyl9xQnUdKUU4HKBQs=
16,40,N7WAFMl2kT4Lg2mkuY6BLSKRLvU=,aNwvGWEjKS1JnQi9kagOclmNJiQ=
29,33,N7WAFMl2kT4Lg2mkuY6BLSKRLvU=,ePyNGZCdzQyl9xQnUdKUU4HKBQs=
30,33,N7WAFMl2kT4Lg2mkuY6BLSKRLvU=,ePyNGZCdzQyl9xQnUdKUU4HKBQs=
16,45,N7WAFMl2kT4Lg2mkuY6BLSKRLvU=,aNwvGWEjKS1JnQi9kagOclmNJiQ=
23,44,N7WAFMl2kT4Lg2mkuY6BLSKRLvU=,aNwvGWEjKS1JnQi9kagOclmNJiQ=
19,40,N7WAFMl2kT4Lg2mkuY6BLSKRLvU=,aNwvGWEjKS1JnQi9kagOclmNJiQ=
18,41,N7WAFMl2kT4Lg2mkuY6BLSKRLvU=,aNwvGWEjKS1JnQi9kagOclmNJiQ=
22,44,N7WAFMl2kT4Lg2mkuY6BLSKRLvU=,aNwvGWEjKS1JnQi9kagOclmNJiQ=
19,41,N7WAFMl2kT4Lg2mkuY6BLSKRLvU=,aNwvGWEjKS1JnQi9kagOclmNJiQ=
17,41,N7WAFMl2kT4Lg2mkuY6BLSKRLvU=,aNwvGWEjKS1JnQi9kagOclmNJiQ=
16,41,N7WAFMl2kT4Lg2mkuY6BLSKRLvU=,aNwvGWEjKS1JnQi9kagOclmNJiQ=
22,40,N7WAFMl2kT4Lg2mkuY6BLSKRLvU=,aNwvGWEjKS1JnQi9kagOclmNJiQ=
17,40,N7WAFMl2kT4Lg2mkuY6BLSKRLvU=,aNwvGWEjKS1JnQi9kagOclmNJiQ=
19,46,N7WAFMl2kT4Lg2mkuY6BLSKRLvU=,aNwvGWEjKS1JnQi9kagOclmNJiQ=
17,43,N7WAFMl2kT4Lg2mkuY6BLSKRLvU=,aNwvGWEjKS1JnQi9kagOclmNJiQ=
21,47,N7WAFMl2kT4Lg2mkuY6BLSKRLvU=,aNwvGWEjKS1JnQi9kagOclmNJiQ=
20,47,N7WAFMl2kT4Lg2mkuY6BLSKRLvU=,aNwvGWEjKS1JnQi9kagOclmNJiQ=
19,47,N7WAFMl2kT4Lg2mkuY6BLSKRLvU=,aNwvGWEjKS1JnQi9kagOclmNJiQ=
18,46,N7WAFMl2kT4Lg2mkuY6BLSKRLvU=,aNwvGWEjKS1JnQi9kagOclmNJiQ=
21,44,N7WAFMl2kT4Lg2mkuY6BLSKRLvU=,aNwvGWEjKS1JnQi9kagOclmNJiQ=
18,40,N7WAFMl2kT4Lg2mkuY6BLSKRLvU=,aNwvGWEjKS1JnQi9kagOclmNJiQ=
21,40,N7WAFMl2kT4Lg2mkuY6BLSKRLvU=,aNwvGWEjKS1JnQi9kagOclmNJiQ=
18,47,N7WAFMl2kT4Lg2mkuY6BLSKRLvU=,aNwvGWEjKS1JnQi9kagOclmNJiQ=
20,40,N7WAFMl2kT4Lg2mkuY6BLSKRLvU=,aNwvGWEjKS1JnQi9kagOclmNJiQ=
17,46,N7WAFMl2kT4Lg2mkuY6BLSKRLvU=,aNwvGWEjKS1JnQi9kagOclmNJiQ=
16,43,N7WAFMl2kT4Lg2mkuY6BLSKRLvU=,aNwvGWEjKS1JnQi9kagOclmNJiQ=
16,46,N7WAFMl2kT4Lg2mkuY6BLSKRLvU=,aNwvGWEjKS1JnQi9kagOclmNJiQ=
23,45,N7WAFMl2kT4Lg2mkuY6BLSKRLvU=,aNwvGWEjKS1JnQi9kagOclmNJiQ=
22,45,N7WAFMl2kT4Lg2mkuY6BLSKRLvU=,aNwvGWEjKS1JnQi9kagOclmNJiQ=
16,42,N7WAFMl2kT4Lg2mkuY6BLSKRLvU=,aNwvGWEjKS1JnQi9kagOclmNJiQ=
17,47,N7WAFMl2kT4Lg2mkuY6BLSKRLvU=,aNwvGWEjKS1JnQi9kagOclmNJiQ=
18,44,N7WAFMl2kT4Lg2mkuY6BLSKRLvU=,aNwvGWEjKS1JnQi9kagOclmNJiQ=
23,41,N7WAFMl2kT4Lg2mkuY6BLSKRLvU=,aNwvGWEjKS1JnQi9kagOclmNJiQ=
23,42,N7WAFMl2kT4Lg2mkuY6BLSKRLvU=,aNwvGWEjKS1JnQi9kagOclmNJiQ=
22,42,N7WAFMl2kT4Lg2mkuY6BLSKRLvU=,aNwvGWEjKS1JnQi9kagOclmNJiQ=
21,45,N7WAFMl2kT4Lg2mkuY6BLSKRLvU=,aNwvGWEjKS1JnQi9kagOclmNJiQ=
23,46,N7WAFMl2kT4Lg2mkuY6BLSKRLvU=,aNwvGWEjKS1JnQi9kagOclmNJiQ=
17,44,N7WAFMl2kT4Lg2mkuY6BLSKRLvU=,aNwvGWEjKS1JnQi9kagOclmNJiQ=
21,42,N7WAFMl2kT4Lg2mkuY6BLSKRLvU=,aNwvGWEjKS1JnQi9kagOclmNJiQ=
22,41,N7WAFMl2kT4Lg2mkuY6BLSKRLvU=,aNwvGWEjKS1JnQi9kagOclmNJiQ=
16,44,N7WAFMl2kT4Lg2mkuY6BLSKRLvU=,aNwvGWEjKS1JnQi9kagOclmNJiQ=
23,43,N7WAFMl2kT4Lg2mkuY6BLSKRLvU=,aNwvGWEjKS1JnQi9kagOclmNJiQ=
21,41,N7WAFMl2kT4Lg2mkuY6BLSKRLvU=,aNwvGWEjKS1JnQi9kagOclmNJiQ=
22,43,N7WAFMl2kT4Lg2mkuY6BLSKRLvU=,aNwvGWEjKS1JnQi9kagOclmNJiQ=
21,43,N7WAFMl2kT4Lg2mkuY6BLSKRLvU=,aNwvGWEjKS1JnQi9kagOclmNJiQ=
20,45,N7WAFMl2kT4Lg2mkuY6BLSKRLvU=,aNwvGWEjKS1JnQi9kagOclmNJiQ=
20,42,N7WAFMl2kT4Lg2mkuY6BLSKRLvU=,aNwvGWEjKS1JnQi9kagOclmNJiQ=
22,46,N7WAFMl2kT4Lg2mkuY6BLSKRLvU=,aNwvGWEjKS1JnQi9kagOclmNJiQ=
19,42,N7WAFMl2kT4Lg2mkuY6BLSKRLvU=,aNwvGWEjKS1JnQi9kagOclmNJiQ=
18,42,N7WAFMl2kT4Lg2mkuY6BLSKRLvU=,aNwvGWEjKS1JnQi9kagOclmNJiQ=
20,41,N7WAFMl2kT4Lg2mkuY6BLSKRLvU=,aNwvGWEjKS1JnQi9kagOclmNJiQ=
20,43,N7WAFMl2kT4Lg2mkuY6BLSKRLvU=,aNwvGWEjKS1JnQi9kagOclmNJiQ=
19,43,N7WAFMl2kT4Lg2mkuY6BLSKRLvU=,aNwvGWEjKS1JnQi9kagOclmNJiQ=
22,47,N7WAFMl2kT4Lg2mkuY6BLSKRLvU=,aNwvGWEjKS1JnQi9kagOclmNJiQ=
16,47,N7WAFMl2kT4Lg2mkuY6BLSKRLvU=,aNwvGWEjKS1JnQi9kagOclmNJiQ=
20,44,N7WAFMl2kT4Lg2mkuY6BLSKRLvU=,aNwvGWEjKS1JnQi9kagOclmNJiQ=
19,44,N7WAFMl2kT4Lg2mkuY6BLSKRLvU=,aNwvGWEjKS1JnQi9kagOclmNJiQ=
23,47,N7WAFMl2kT4Lg2mkuY6BLSKRLvU=,aNwvGWEjKS1JnQi9kagOclmNJiQ=
24,32,N7WAFMl2kT4Lg2mkuY6BLSKRLvU=,ePyNGZCdzQyl9xQnUdKUU4HKBQs=
25,32,N7WAFMl2kT4Lg2mkuY6BLSKRLvU=,ePyNGZCdzQyl9xQnUdKUU4HKBQs=
26,32,N7WAFMl2kT4Lg2mkuY6BLSKRLvU=,ePyNGZCdzQyl9xQnUdKUU4HKBQs=
27,32,N7WAFMl2kT4Lg2mkuY6BLSKRLvU=,ePyNGZCdzQyl9xQnUdKUU4HKBQs=
28,32,N7WAFMl2kT4Lg2mkuY6BLSKRLvU=,ePyNGZCdzQyl9xQnUdKUU4HKBQs=
29,32,N7WAFMl2kT4Lg2mkuY6BLSKRLvU=,ePyNGZCdzQyl9xQnUdKUU4HKBQs=
30,32,N7WAFMl2kT4Lg2mkuY6BLSKRLvU=,ePyNGZCdzQyl9xQnUdKUU4HKBQs=
31,34,N7WAFMl2kT4Lg2mkuY6BLSKRLvU=,ePyNGZCdzQyl9xQnUdKUU4HKBQs=
31,35,N7WAFMl2kT4Lg2mkuY6BLSKRLvU=,ePyNGZCdzQyl9xQnUdKUU4HKBQs=
31,36,N7WAFMl2kT4Lg2mkuY6BLSKRLvU=,ePyNGZCdzQyl9xQnUdKUU4HKBQs=
31,38,N7WAFMl2kT4Lg2mkuY6BLSKRLvU=,ePyNGZCdzQyl9xQnUdKUU4HKBQs=
31,37,N7WAFMl2kT4Lg2mkuY6BLSKRLvU=,ePyNGZCdzQyl9xQnUdKUU4HKBQs=
31,39,N7WAFMl2kT4Lg2mkuY6BLSKRLvU=,ePyNGZCdzQyl9xQnUdKUU4HKBQs=
31,33,N7WAFMl2kT4Lg2mkuY6BLSKRLvU=,ePyNGZCdzQyl9xQnUdKUU4HKBQs=
31,32,N7WAFMl2kT4Lg2mkuY6BLSKRLvU=,ePyNGZCdzQyl9xQnUdKUU4HKBQs=
9,43,ud/D9dNGMQWLGvOdQzWfZgq766Q=,0RPjVewsTJjvurUUjfZ/d7N/P84=
14,42,ud/D9dNGMQWLGvOdQzWfZgq766Q=,0RPjVewsTJjvurUUjfZ/d7N/P84=
13,42,ud/D9dNGMQWLGvOdQzWfZgq766Q=,0RPjVewsTJjvurUUjfZ/d7N/P84=
12,42,ud/D9dNGMQWLGvOdQzWfZgq766Q=,0RPjVewsTJjvurUUjfZ/d7N/P84=
11,42,ud/D9dNGMQWLGvOdQzWfZgq766Q=,0RPjVewsTJjvurUUjfZ/d7N/P84=
10,42,ud/D9dNGMQWLGvOdQzWfZgq766Q=,0RPjVewsTJjvurUUjfZ/d7N/P84=
9,42,ud/D9dNGMQWLGvOdQzWfZgq766Q=,0RPjVewsTJjvurUUjfZ/d7N/P84=
14,45,ud/D9dNGMQWLGvOdQzWfZgq766Q=,0RPjVewsTJjvurUUjfZ/d7N/P84=
13,45,ud/D9dNGMQWLGvOdQzWfZgq766Q=,0RPjVewsTJjvurUUjfZ/d7N/P84=
12,45,ud/D9dNGMQWLGvOdQzWfZgq766Q=,0RPjVewsTJjvurUUjfZ/d7N/P84=
14,41,ud/D9dNGMQWLGvOdQzWfZgq766Q=,0RPjVewsTJjvurUUjfZ/d7N/P84=
13,41,ud/D9dNGMQWLGvOdQzWfZgq766Q=,0RPjVewsTJjvurUUjfZ/d7N/P84=
12,41,ud/D9dNGMQWLGvOdQzWfZgq766Q=,0RPjVewsTJjvurUUjfZ/d7N/P84=
11,41,ud/D9dNGMQWLGvOdQzWfZgq766Q=,0RPjVewsTJjvurUUjfZ/d7N/P84=
10,41,ud/D9dNGMQWLGvOdQzWfZgq766Q=,0RPjVewsTJjvurUUjfZ/d7N/P84=
9,41,ud/D9dNGMQWLGvOdQzWfZgq766Q=,0RPjVewsTJjvurUUjfZ/d7N/P84=
14,40,ud/D9dNGMQWLGvOdQzWfZgq766Q=,0RPjVewsTJjvurUUjfZ/d7N/P84=
13,40,ud/D9dNGMQWLGvOdQzWfZgq766Q=,0RPjVewsTJjvurUUjfZ/d7N/P84=
12,40,ud/D9dNGMQWLGvOdQzWfZgq766Q=,0RPjVewsTJjvurUUjfZ/d7N/P84=
11,40,ud/D9dNGMQWLGvOdQzWfZgq766Q=,0RPjVewsTJjvurUUjfZ/d7N/P84=
9,40,ud/D9dNGMQWLGvOdQzWfZgq766Q=,0RPjVewsTJjvurUUjfZ/d7N/P84=
10,40,ud/D9dNGMQWLGvOdQzWfZgq766Q=,0RPjVewsTJjvurUUjfZ/d7N/P84=
14,43,ud/D9dNGMQWLGvOdQzWfZgq766Q=,0RPjVewsTJjvurUUjfZ/d7N/P84=
14,44,ud/D9dNGMQWLGvOdQzWfZgq766Q=,0RPjVewsTJjvurUUjfZ/d7N/P84=
14,46,ud/D9dNGMQWLGvOdQzWfZgq766Q=,0RPjVewsTJjvurUUjfZ/d7N/P84=
12,43,ud/D9dNGMQWLGvOdQzWfZgq766Q=,0RPjVewsTJjvurUUjfZ/d7N/P84=
13,43,ud/D9dNGMQWLGvOdQzWfZgq766Q=,0RPjVewsTJjvurUUjfZ/d7N/P84=
13,46,ud/D9dNGMQWLGvOdQzWfZgq766Q=,0RPjVewsTJjvurUUjfZ/d7N/P84=
12,46,ud/D9dNGMQWLGvOdQzWfZgq766Q=,0RPjVewsTJjvurUUjfZ/d7N/P84=
13,44,ud/D9dNGMQWLGvOdQzWfZgq766Q=,0RPjVewsTJjvurUUjfZ/d7N/P84=
10,43,ud/D9dNGMQWLGvOdQzWfZgq766Q=,0RPjVewsTJjvurUUjfZ/d7N/P84=
12,44,ud/D9dNGMQWLGvOdQzWfZgq766Q=,0RPjVewsTJjvurUUjfZ/d7N/P84=
9,46,ud/D9dNGMQWLGvOdQzWfZgq766Q=,0RPjVewsTJjvurUUjfZ/d7N/P84=
12,47,ud/D9dNGMQWLGvOdQzWfZgq766Q=,0RPjVewsTJjvurUUjfZ/d7N/P84=
13,47,ud/D9dNGMQWLGvOdQzWfZgq766Q=,0RPjVewsTJjvurUUjfZ/d7N/P84=
14,47,ud/D9dNGMQWLGvOdQzWfZgq766Q=,0RPjVewsTJjvurUUjfZ/d7N/P84=
8,43,ud/D9dNGMQWLGvOdQzWfZgq766Q=,0RPjVewsTJjvurUUjfZ/d7N/P84=
8,42,ud/D9dNGMQWLGvOdQzWfZgq766Q=,0RPjVewsTJjvurUUjfZ/d7N/P84=
8,41,ud/D9dNGMQWLGvOdQzWfZgq766Q=,0RPjVewsTJjvurUUjfZ/d7N/P84=
8,46,ud/D9dNGMQWLGvOdQzWfZgq766Q=,0RPjVewsTJjvurUUjfZ/d7N/P84=
8,47,ud/D9dNGMQWLGvOdQzWfZgq766Q=,0RPjVewsTJjvurUUjfZ/d7N/P84=
9,45,ud/D9dNGMQWLGvOdQzWfZgq766Q=,0RPjVewsTJjvurUUjfZ/d7N/P84=
9,47,ud/D9dNGMQWLGvOdQzWfZgq766Q=,0RPjVewsTJjvurUUjfZ/d7N/P84=
11,47,ud/D9dNGMQWLGvOdQzWfZgq766Q=,0RPjVewsTJjvurUUjfZ/d7N/P84=
10,47,ud/D9dNGMQWLGvOdQzWfZgq766Q=,0RPjVewsTJjvurUUjfZ/d7N/P84=
10,46,ud/D9dNGMQWLGvOdQzWfZgq766Q=,0RPjVewsTJjvurUUjfZ/d7N/P84=
8,44,ud/D9dNGMQWLGvOdQzWfZgq766Q=,0RPjVewsTJjvurUUjfZ/d7N/P84=
8,45,ud/D9dNGMQWLGvOdQzWfZgq766Q=,0RPjVewsTJjvurUUjfZ/d7N/P84=
9,44,ud/D9dNGMQWLGvOdQzWfZgq766Q=,0RPjVewsTJjvurUUjfZ/d7N/P84=
11,45,ud/D9dNGMQWLGvOdQzWfZgq766Q=,0RPjVewsTJjvurUUjfZ/d7N/P84=
11,46,ud/D9dNGMQWLGvOdQzWfZgq766Q=,0RPjVewsTJjvurUUjfZ/d7N/P84=
10,45,ud/D9dNGMQWLGvOdQzWfZgq766Q=,0RPjVewsTJjvurUUjfZ/d7N/P84=
11,44,ud/D9dNGMQWLGvOdQzWfZgq766Q=,0RPjVewsTJjvurUUjfZ/d7N/P84=
10,44,ud/D9dNGMQWLGvOdQzWfZgq766Q=,0RPjVewsTJjvurUUjfZ/d7N/P84=
15,47,ud/D9dNGMQWLGvOdQzWfZgq766Q=,0RPjVewsTJjvurUUjfZ/d7N/P84=
15,46,ud/D9dNGMQWLGvOdQzWfZgq766Q=,0RPjVewsTJjvurUUjfZ/d7N/P84=
15,44,ud/D9dNGMQWLGvOdQzWfZgq766Q=,0RPjVewsTJjvurUUjfZ/d7N/P84=
15,43,ud/D9dNGMQWLGvOdQzWfZgq766Q=,0RPjVewsTJjvurUUjfZ/d7N/P84=
15,40,ud/D9dNGMQWLGvOdQzWfZgq766Q=,0RPjVewsTJjvurUUjfZ/d7N/P84=
15,41,ud/D9dNGMQWLGvOdQzWfZgq766Q=,0RPjVewsTJjvurUUjfZ/d7N/P84=
15,45,ud/D9dNGMQWLGvOdQzWfZgq766Q=,0RPjVewsTJjvurUUjfZ/d7N/P84=
15,42,ud/D9dNGMQWLGvOdQzWfZgq766Q=,0RPjVewsTJjvurUUjfZ/d7N/P84=
8,40,ud/D9dNGMQWLGvOdQzWfZgq766Q=,0RPjVewsTJjvurUUjfZ/d7N/P84=
11,43,ud/D9dNGMQWLGvOdQzWfZgq766Q=,0RPjVewsTJjvurUUjfZ/d7N/P84=
16,51,t4UOeKl96W11AmxWSm+232BvSyA=,H/zcrwOpL3BXeNjqeSlWbU8et5Y=
23,50,t4UOeKl96W11AmxWSm+232BvSyA=,H/zcrwOpL3BXeNjqeSlWbU8et5Y=
23,48,t4UOeKl96W11AmxWSm+232BvSyA=,H/zcrwOpL3BXeNjqeSlWbU8et5Y=
23,49,t4UOeKl96W11AmxWSm+232BvSyA=,H/zcrwOpL3BXeNjqeSlWbU8et5Y=
22,50,t4UOeKl96W11AmxWSm+232BvSyA=,H/zcrwOpL3BXeNjqeSlWbU8et5Y=
21,48,t4UOeKl96W11AmxWSm+232BvSyA=,H/zcrwOpL3BXeNjqeSlWbU8et5Y=
17,52,t4UOeKl96W11AmxWSm+232BvSyA=,H/zcrwOpL3BXeNjqeSlWbU8et5Y=
22,49,t4UOeKl96W11AmxWSm+232BvSyA=,H/zcrwOpL3BXeNjqeSlWbU8et5Y=
21,50,t4UOeKl96W11AmxWSm+232BvSyA=,H/zcrwOpL3BXeNjqeSlWbU8et5Y=
21,49,t4UOeKl96W11AmxWSm+232BvSyA=,H/zcrwOpL3BXeNjqeSlWbU8et5Y=
19,48,t4UOeKl96W11AmxWSm+232BvSyA=,H/zcrwOpL3BXeNjqeSlWbU8et5Y=
20,49,t4UOeKl96W11AmxWSm+232BvSyA=,H/zcrwOpL3BXeNjqeSlWbU8et5Y=
17,48,t4UOeKl96W11AmxWSm+232BvSyA=,H/zcrwOpL3BXeNjqeSlWbU8et5Y=
23,54,t4UOeKl96W11AmxWSm+232BvSyA=,H/zcrwOpL3BXeNjqeSlWbU8et5Y=
19,49,t4UOeKl96W11AmxWSm+232BvSyA=,H/zcrwOpL3BXeNjqeSlWbU8et5Y=
20,50,t4UOeKl96W11AmxWSm+232BvSyA=,H/zcrwOpL3BXeNjqeSlWbU8et5Y=
17,53,t4UOeKl96W11AmxWSm+232BvSyA=,H/zcrwOpL3BXeNjqeSlWbU8et5Y=
19,50,t4UOeKl96W11AmxWSm+232BvSyA=,H/zcrwOpL3BXeNjqeSlWbU8et5Y=
18,50,t4UOeKl96W11AmxWSm+232BvSyA=,H/zcrwOpL3BXeNjqeSlWbU8et5Y=
17,50,t4UOeKl96W11AmxWSm+232BvSyA=,H/zcrwOpL3BXeNjqeSlWbU8et5Y=
22,48,t4UOeKl96W11AmxWSm+232BvSyA=,H/zcrwOpL3BXeNjqeSlWbU8et5Y=
16,50,t4UOeKl96W11AmxWSm+232BvSyA=,H/zcrwOpL3BXeNjqeSlWbU8et5Y=
23,53,t4UOeKl96W11AmxWSm+232BvSyA=,H/zcrwOpL3BXeNjqeSlWbU8et5Y=
18,49,t4UOeKl96W11AmxWSm+232BvSyA=,H/zcrwOpL3BXeNjqeSlWbU8et5Y=
23,52,t4UOeKl96W11AmxWSm+232BvSyA=,H/zcrwOpL3BXeNjqeSlWbU8et5Y=
22,52,t4UOeKl96W11AmxWSm+232BvSyA=,H/zcrwOpL3BXeNjqeSlWbU8et5Y=
21,52,t4UOeKl96W11AmxWSm+232BvSyA=,H/zcrwOpL3BXeNjqeSlWbU8et5Y=
20,52,t4UOeKl96W11AmxWSm+232BvSyA=,H/zcrwOpL3BXeNjqeSlWbU8et5Y=
19,52,t4UOeKl96W11AmxWSm+232BvSyA=,H/zcrwOpL3BXeNjqeSlWbU8et5Y=
18,52,t4UOeKl96W11AmxWSm+232BvSyA=,H/zcrwOpL3BXeNjqeSlWbU8et5Y=
20,48,t4UOeKl96W11AmxWSm+232BvSyA=,H/zcrwOpL3BXeNjqeSlWbU8et5Y=
17,49,t4UOeKl96W11AmxWSm+232BvSyA=,H/zcrwOpL3BXeNjqeSlWbU8et5Y=
23,51,t4UOeKl96W11AmxWSm+232BvSyA=,H/zcrwOpL3BXeNjqeSlWbU8et5Y=
22,51,t4UOeKl96W11AmxWSm+232BvSyA=,H/zcrwOpL3BXeNjqeSlWbU8et5Y=
21,51,t4UOeKl96W11AmxWSm+232BvSyA=,H/zcrwOpL3BXeNjqeSlWbU8et5Y=
20,51,t4UOeKl96W11AmxWSm+232BvSyA=,H/zcrwOpL3BXeNjqeSlWbU8et5Y=
19,51,t4UOeKl96W11AmxWSm+232BvSyA=,H/zcrwOpL3BXeNjqeSlWbU8et5Y=
22,53,t4UOeKl96W11AmxWSm+232BvSyA=,H/zcrwOpL3BXeNjqeSlWbU8et5Y=
16,49,t4UOeKl96W11AmxWSm+232BvSyA=,H/zcrwOpL3BXeNjqeSlWbU8et5Y=
18,51,t4UOeKl96W11AmxWSm+232BvSyA=,H/zcrwOpL3BXeNjqeSlWbU8et5Y=
17,51,t4UOeKl96W11AmxWSm+232BvSyA=,H/zcrwOpL3BXeNjqeSlWbU8et5Y=
18,48,t4UOeKl96W11AmxWSm+232BvSyA=,H/zcrwOpL3BXeNjqeSlWbU8et5Y=
22,54,t4UOeKl96W11AmxWSm+232BvSyA=,H/zcrwOpL3BXeNjqeSlWbU8et5Y=
21,54,t4UOeKl96W11AmxWSm+232BvSyA=,H/zcrwOpL3BXeNjqeSlWbU8et5Y=
21,53,t4UOeKl96W11AmxWSm+232BvSyA=,H/zcrwOpL3BXeNjqeSlWbU8et5Y=
16,48,t4UOeKl96W11AmxWSm+232BvSyA=,H/zcrwOpL3BXeNjqeSlWbU8et5Y=
25,59,t4UOeKl96W11AmxWSm+232BvSyA=,+ve9GELK/u40I6wg08DxVyRjj3I=
26,59,t4UOeKl96W11AmxWSm+232BvSyA=,+ve9GELK/u40I6wg08DxVyRjj3I=
27,59,t4UOeKl96W11AmxWSm+232BvSyA=,+ve9GELK/u40I6wg08DxVyRjj3I=
28,59,t4UOeKl96W11AmxWSm+232BvSyA=,+ve9GELK/u40I6wg08DxVyRjj3I=
29,59,t4UOeKl96W11AmxWSm+232BvSyA=,+ve9GELK/u40I6wg08DxVyRjj3I=
25,60,t4UOeKl96W11AmxWSm+232BvSyA=,+ve9GELK/u40I6wg08DxVyRjj3I=
27,60,t4UOeKl96W11AmxWSm+232BvSyA=,+ve9GELK/u40I6wg08DxVyRjj3I=
25,61,t4UOeKl96W11AmxWSm+232BvSyA=,+ve9GELK/u40I6wg08DxVyRjj3I=
31,63,t4UOeKl96W11AmxWSm+232BvSyA=,+ve9GELK/u40I6wg08DxVyRjj3I=
31,58,t4UOeKl96W11AmxWSm+232BvSyA=,+ve9GELK/u40I6wg08DxVyRjj3I=
30,63,t4UOeKl96W11AmxWSm+232BvSyA=,+ve9GELK/u40I6wg08DxVyRjj3I=
30,58,t4UOeKl96W11AmxWSm+232BvSyA=,+ve9GELK/u40I6wg08DxVyRjj3I=
29,58,t4UOeKl96W11AmxWSm+232BvSyA=,+ve9GELK/u40I6wg08DxVyRjj3I=
28,58,t4UOeKl96W11AmxWSm+232BvSyA=,+ve9GELK/u40I6wg08DxVyRjj3I=
29,63,t4UOeKl96W11AmxWSm+232BvSyA=,+ve9GELK/u40I6wg08DxVyRjj3I=
27,58,t4UOeKl96W11AmxWSm+232BvSyA=,+ve9GELK/u40I6wg08DxVyRjj3I=
26,58,t4UOeKl96W11AmxWSm+232BvSyA=,+ve9GELK/u40I6wg08DxVyRjj3I=
25,58,t4UOeKl96W11AmxWSm+232BvSyA=,+ve9GELK/u40I6wg08DxVyRjj3I=
31,57,t4UOeKl96W11AmxWSm+232BvSyA=,+ve9GELK/u40I6wg08DxVyRjj3I=
30,57,t4UOeKl96W11AmxWSm+232BvSyA=,+ve9GELK/u40I6wg08DxVyRjj3I=
29,57,t4UOeKl96W11AmxWSm+232BvSyA=,+ve9GELK/u40I6wg08DxVyRjj3I=
28,57,t4UOeKl96W11AmxWSm+232BvSyA=,+ve9GELK/u40I6wg08DxVyRjj3I=
27,57,t4UOeKl96W11AmxWSm+232BvSyA=,+ve9GELK/u40I6wg08DxVyRjj3I=
26,57,t4UOeKl96W11AmxWSm+232BvSyA=,+ve9GELK/u40I6wg08DxVyRjj3I=
31,60,t4UOeKl96W11AmxWSm+232BvSyA=,+ve9GELK/u40I6wg08DxVyRjj3I=
25,57,t4UOeKl96W11AmxWSm+232BvSyA=,+ve9GELK/u40I6wg08DxVyRjj3I=
31,56,t4UOeKl96W11AmxWSm+232BvSyA=,+ve9GELK/u40I6wg08DxVyRjj3I=
25,63,t4UOeKl96W11AmxWSm+232BvSyA=,+ve9GELK/u40I6wg08DxVyRjj3I=
30,56,t4UOeKl96W11AmxWSm+232BvSyA=,+ve9GELK/u40I6wg08DxVyRjj3I=
29,56,t4UOeKl96W11AmxWSm+232BvSyA=,+ve9GELK/u40I6wg08DxVyRjj3I=
28,56,t4UOeKl96W11AmxWSm+232BvSyA=,+ve9GELK/u40I6wg08DxVyRjj3I=
27,56,t4UOeKl96W11AmxWSm+232BvSyA=,+ve9GELK/u40I6wg08DxVyRjj3I=
31,62,t4UOeKl96W11AmxWSm+232BvSyA=,+ve9GELK/u40I6wg08DxVyRjj3I=
30,62,t4UOeKl96W11AmxWSm+232BvSyA=,+ve9GELK/u40I6wg08DxVyRjj3I=
25,62,t4UOeKl96W11AmxWSm+232BvSyA=,+ve9GELK/u40I6wg08DxVyRjj3I=
26,56,t4UOeKl96W11AmxWSm+232BvSyA=,+ve9GELK/u40I6wg08DxVyRjj3I=
25,56,t4UOeKl96W11AmxWSm+232BvSyA=,+ve9GELK/u40I6wg08DxVyRjj3I=
28,63,t4UOeKl96W11AmxWSm+232BvSyA=,+ve9GELK/u40I6wg08DxVyRjj3I=
30,61,t4UOeKl96W11AmxWSm+232BvSyA=,+ve9GELK/u40I6wg08DxVyRjj3I=
29,62,t4UOeKl96W11AmxWSm+232BvSyA=,+ve9GELK/u40I6wg08DxVyRjj3I=
30,60,t4UOeKl96W11AmxWSm+232BvSyA=,+ve9GELK/u40I6wg08DxVyRjj3I=
28,60,t4UOeKl96W11AmxWSm+232BvSyA=,+ve9GELK/u40I6wg08DxVyRjj3I=
30,59,t4UOeKl96W11AmxWSm+232BvSyA=,+ve9GELK/u40I6wg08DxVyRjj3I=
29,61,t4UOeKl96W11AmxWSm+232BvSyA=,+ve9GELK/u40I6wg08DxVyRjj3I=
31,59,t4UOeKl96W11AmxWSm+232BvSyA=,+ve9GELK/u40I6wg08DxVyRjj3I=
28,61,t4UOeKl96W11AmxWSm+232BvSyA=,+ve9GELK/u40I6wg08DxVyRjj3I=
31,61,t4UOeKl96W11AmxWSm+232BvSyA=,+ve9GELK/u40I6wg08DxVyRjj3I=
29,60,t4UOeKl96W11AmxWSm+232BvSyA=,+ve9GELK/u40I6wg08DxVyRjj3I=
28,62,t4UOeKl96W11AmxWSm+232BvSyA=,+ve9GELK/u40I6wg08DxVyRjj3I=
21,55,t4UOeKl96W11AmxWSm+232BvSyA=,H/zcrwOpL3BXeNjqeSlWbU8et5Y=
22,55,t4UOeKl96W11AmxWSm+232BvSyA=,H/zcrwOpL3BXeNjqeSlWbU8et5Y=
23,55,t4UOeKl96W11AmxWSm+232BvSyA=,H/zcrwOpL3BXeNjqeSlWbU8et5Y=
16,56,t4UOeKl96W11AmxWSm+232BvSyA=,4pQOsbfghIY0SoR8FG1/XI9DI/s=
17,56,t4UOeKl96W11AmxWSm+232BvSyA=,4pQOsbfghIY0SoR8FG1/XI9DI/s=
21,56,t4UOeKl96W11AmxWSm+232BvSyA=,4pQOsbfghIY0SoR8FG1/XI9DI/s=
16,62,t4UOeKl96W11AmxWSm+232BvSyA=,4pQOsbfghIY0SoR8FG1/XI9DI/s=
22,56,t4UOeKl96W11AmxWSm+232BvSyA=,4pQOsbfghIY0SoR8FG1/XI9DI/s=
23,56,t4UOeKl96W11AmxWSm+232BvSyA=,4pQOsbfghIY0SoR8FG1/XI9DI/s=
24,59,t4UOeKl96W11AmxWSm+232BvSyA=,+ve9GELK/u40I6wg08DxVyRjj3I=
17,62,t4UOeKl96W11AmxWSm+232BvSyA=,4pQOsbfghIY0SoR8FG1/XI9DI/s=
18,62,t4UOeKl96W11AmxWSm+232BvSyA=,4pQOsbfghIY0SoR8FG1/XI9DI/s=
21,62,t4UOeKl96W11AmxWSm+232BvSyA=,4pQOsbfghIY0SoR8FG1/XI9DI/s=
16,57,t4UOeKl96W11AmxWSm+232BvSyA=,4pQOsbfghIY0SoR8FG1/XI9DI/s=
17,55,t4UOeKl96W11AmxWSm+232BvSyA=,H/zcrwOpL3BXeNjqeSlWbU8et5Y=
24,58,t4UOeKl96W11AmxWSm+232BvSyA=,+ve9GELK/u40I6wg08DxVyRjj3I=
18,61,t4UOeKl96W11AmxWSm+232BvSyA=,4pQOsbfghIY0SoR8FG1/XI9DI/s=
17,61,t4UOeKl96W11AmxWSm+232BvSyA=,4pQOsbfghIY0SoR8FG1/XI9DI/s=
16,61,t4UOeKl96W11AmxWSm+232BvSyA=,4pQOsbfghIY0SoR8FG1/XI9DI/s=
16,55,t4UOeKl96W11AmxWSm+232BvSyA=,H/zcrwOpL3BXeNjqeSlWbU8et5Y=
24,57,t4UOeKl96W11AmxWSm+232BvSyA=,+ve9GELK/u40I6wg08DxVyRjj3I=
17,60,t4UOeKl96W11AmxWSm+232BvSyA=,4pQOsbfghIY0SoR8FG1/XI9DI/s=
16,60,t4UOeKl96W11AmxWSm+232BvSyA=,4pQOsbfghIY0SoR8FG1/XI9DI/s=
23,59,t4UOeKl96W11AmxWSm+232BvSyA=,4pQOsbfghIY0SoR8FG1/XI9DI/s=
22,59,t4UOeKl96W11AmxWSm+232BvSyA=,4pQOsbfghIY0SoR8FG1/XI9DI/s=
24,63,t4UOeKl96W11AmxWSm+232BvSyA=,+ve9GELK/u40I6wg08DxVyRjj3I=
17,59,t4UOeKl96W11AmxWSm+232BvSyA=,4pQOsbfghIY0SoR8FG1/XI9DI/s=
24,62,t4UOeKl96W11AmxWSm+232BvSyA=,+ve9GELK/u40I6wg08DxVyRjj3I=
16,59,t4UOeKl96W11AmxWSm+232BvSyA=,4pQOsbfghIY0SoR8FG1/XI9DI/s=
23,58,t4UOeKl96W11AmxWSm+232BvSyA=,4pQOsbfghIY0SoR8FG1/XI9DI/s=
22,58,t4UOeKl96W11AmxWSm+232BvSyA=,4pQOsbfghIY0SoR8FG1/XI9DI/s=
21,58,t4UOeKl96W11AmxWSm+232BvSyA=,4pQOsbfghIY0SoR8FG1/XI9DI/s=
20,58,t4UOeKl96W11AmxWSm+232BvSyA=,4pQOsbfghIY0SoR8FG1/XI9DI/s=
24,56,t4UOeKl96W11AmxWSm+232BvSyA=,+ve9GELK/u40I6wg08DxVyRjj3I=
16,58,t4UOeKl96W11AmxWSm+232BvSyA=,4pQOsbfghIY0SoR8FG1/XI9DI/s=
23,63,t4UOeKl96W11AmxWSm+232BvSyA=,4pQOsbfghIY0SoR8FG1/XI9DI/s=
23,57,t4UOeKl96W11AmxWSm+232BvSyA=,4pQOsbfghIY0SoR8FG1/XI9DI/s=
22,57,t4UOeKl96W11AmxWSm+232BvSyA=,4pQOsbfghIY0SoR8FG1/XI9DI/s=
21,57,t4UOeKl96W11AmxWSm+232BvSyA=,4pQOsbfghIY0SoR8FG1/XI9DI/s=
22,63,t4UOeKl96W11AmxWSm+232BvSyA=,4pQOsbfghIY0SoR8FG1/XI9DI/s=
21,63,t4UOeKl96W11AmxWSm+232BvSyA=,4pQOsbfghIY0SoR8FG1/XI9DI/s=
20,63,t4UOeKl96W11AmxWSm+232BvSyA=,4pQOsbfghIY0SoR8FG1/XI9DI/s=
20,57,t4UOeKl96W11AmxWSm+232BvSyA=,4pQOsbfghIY0SoR8FG1/XI9DI/s=
19,57,t4UOeKl96W11AmxWSm+232BvSyA=,4pQOsbfghIY0SoR8FG1/XI9DI/s=
19,63,t4UOeKl96W11AmxWSm+232BvSyA=,4pQOsbfghIY0SoR8FG1/XI9DI/s=
20,55,t4UOeKl96W11AmxWSm+232BvSyA=,H/zcrwOpL3BXeNjqeSlWbU8et5Y=
18,63,t4UOeKl96W11AmxWSm+232BvSyA=,4pQOsbfghIY0SoR8FG1/XI9DI/s=
17,63,t4UOeKl96W11AmxWSm+232BvSyA=,4pQOsbfghIY0SoR8FG1/XI9DI/s=
16,63,t4UOeKl96W11AmxWSm+232BvSyA=,4pQOsbfghIY0SoR8FG1/XI9DI/s=
26,60,t4UOeKl96W11AmxWSm+232BvSyA=,+ve9GELK/u40I6wg08DxVyRjj3I=
26,61,t4UOeKl96W11AmxWSm+232BvSyA=,+ve9GELK/u40I6wg08DxVyRjj3I=
18,55,t4UOeKl96W11AmxWSm+232BvSyA=,H/zcrwOpL3BXeNjqeSlWbU8et5Y=
18,56,t4UOeKl96W11AmxWSm+232BvSyA=,4pQOsbfghIY0SoR8FG1/XI9DI/s=
23,62,t4UOeKl96W11AmxWSm+232BvSyA=,4pQOsbfghIY0SoR8FG1/XI9DI/s=
24,61,t4UOeKl96W11AmxWSm+232BvSyA=,+ve9GELK/u40I6wg08DxVyRjj3I=
19,62,t4UOeKl96W11AmxWSm+232BvSyA=,4pQOsbfghIY0SoR8FG1/XI9DI/s=
20,56,t4UOeKl96W11AmxWSm+232BvSyA=,4pQOsbfghIY0SoR8FG1/XI9DI/s=
20,53,t4UOeKl96W11AmxWSm+232BvSyA=,H/zcrwOpL3BXeNjqeSlWbU8et5Y=
17,58,t4UOeKl96W11AmxWSm+232BvSyA=,4pQOsbfghIY0SoR8FG1/XI9DI/s=
24,60,t4UOeKl96W11AmxWSm+232BvSyA=,+ve9GELK/u40I6wg08DxVyRjj3I=
27,61,t4UOeKl96W11AmxWSm+232BvSyA=,+ve9GELK/u40I6wg08DxVyRjj3I=
19,56,t4UOeKl96W11AmxWSm+232BvSyA=,4pQOsbfghIY0SoR8FG1/XI9DI/s=
22,62,t4UOeKl96W11AmxWSm+232BvSyA=,4pQOsbfghIY0SoR8FG1/XI9DI/s=
20,62,t4UOeKl96W11AmxWSm+232BvSyA=,4pQOsbfghIY0SoR8FG1/XI9DI/s=
26,62,t4UOeKl96W11AmxWSm+232BvSyA=,+ve9GELK/u40I6wg08DxVyRjj3I=
26,63,t4UOeKl96W11AmxWSm+232BvSyA=,+ve9GELK/u40I6wg08DxVyRjj3I=
23,61,t4UOeKl96W11AmxWSm+232BvSyA=,4pQOsbfghIY0SoR8FG1/XI9DI/s=
18,58,t4UOeKl96W11AmxWSm+232BvSyA=,4pQOsbfghIY0SoR8FG1/XI9DI/s=
19,58,t4UOeKl96W11AmxWSm+232BvSyA=,4pQOsbfghIY0SoR8FG1/XI9DI/s=
18,59,t4UOeKl96W11AmxWSm+232BvSyA=,4pQOsbfghIY0SoR8FG1/XI9DI/s=
18,57,t4UOeKl96W11AmxWSm+232BvSyA=,4pQOsbfghIY0SoR8FG1/XI9DI/s=
17,57,t4UOeKl96W11AmxWSm+232BvSyA=,4pQOsbfghIY0SoR8FG1/XI9DI/s=
19,55,t4UOeKl96W11AmxWSm+232BvSyA=,H/zcrwOpL3BXeNjqeSlWbU8et5Y=
22,61,t4UOeKl96W11AmxWSm+232BvSyA=,4pQOsbfghIY0SoR8FG1/XI9DI/s=
17,54,t4UOeKl96W11AmxWSm+232BvSyA=,H/zcrwOpL3BXeNjqeSlWbU8et5Y=
18,53,t4UOeKl96W11AmxWSm+232BvSyA=,H/zcrwOpL3BXeNjqeSlWbU8et5Y=
16,52,t4UOeKl96W11AmxWSm+232BvSyA=,H/zcrwOpL3BXeNjqeSlWbU8et5Y=
27,63,t4UOeKl96W11AmxWSm+232BvSyA=,+ve9GELK/u40I6wg08DxVyRjj3I=
20,54,t4UOeKl96W11AmxWSm+232BvSyA=,H/zcrwOpL3BXeNjqeSlWbU8et5Y=
21,61,t4UOeKl96W11AmxWSm+232BvSyA=,4pQOsbfghIY0SoR8FG1/XI9DI/s=
16,53,t4UOeKl96W11AmxWSm+232BvSyA=,H/zcrwOpL3BXeNjqeSlWbU8et5Y=
22,60,t4UOeKl96W11AmxWSm+232BvSyA=,4pQOsbfghIY0SoR8FG1/XI9DI/s=
23,60,t4UOeKl96W11AmxWSm+232BvSyA=,4pQOsbfghIY0SoR8FG1/XI9DI/s=
18,54,t4UOeKl96W11AmxWSm+232BvSyA=,H/zcrwOpL3BXeNjqeSlWbU8et5Y=
21,60,t4UOeKl96W11AmxWSm+232BvSyA=,4pQOsbfghIY0SoR8FG1/XI9DI/s=
16,54,t4UOeKl96W11AmxWSm+232BvSyA=,H/zcrwOpL3BXeNjqeSlWbU8et5Y=
21,59,t4UOeKl96W11AmxWSm+232BvSyA=,4pQOsbfghIY0SoR8FG1/XI9DI/s=
27,62,t4UOeKl96W11AmxWSm+232BvSyA=,+ve9GELK/u40I6wg08DxVyRjj3I=
20,59,t4UOeKl96W11AmxWSm+232BvSyA=,4pQOsbfghIY0SoR8FG1/XI9DI/s=
20,61,t4UOeKl96W11AmxWSm+232BvSyA=,4pQOsbfghIY0SoR8FG1/XI9DI/s=
19,53,t4UOeKl96W11AmxWSm+232BvSyA=,H/zcrwOpL3BXeNjqeSlWbU8et5Y=
18,60,t4UOeKl96W11AmxWSm+232BvSyA=,4pQOsbfghIY0SoR8FG1/XI9DI/s=
19,59,t4UOeKl96W11AmxWSm+232BvSyA=,4pQOsbfghIY0SoR8FG1/XI9DI/s=
19,61,t4UOeKl96W11AmxWSm+232BvSyA=,4pQOsbfghIY0SoR8FG1/XI9DI/s=
19,60,t4UOeKl96W11AmxWSm+232BvSyA=,4pQOsbfghIY0SoR8FG1/XI9DI/s=
19,54,t4UOeKl96W11AmxWSm+232BvSyA=,H/zcrwOpL3BXeNjqeSlWbU8et5Y=
20,60,t4UOeKl96W11AmxWSm+232BvSyA=,4pQOsbfghIY0SoR8FG1/XI9DI/s=
