-44,-2,QqaBmcHrqmc8RMwUfH6QPnDzY2k=,E0BW97c6Hb7YK8HFkXLBQB2VTdo=
-45,-2,QqaBmcHrqmc8RMwUfH6QPnDzY2k=,E0BW97c6Hb7YK8HFkXLBQB2VTdo=
-46,-2,QqaBmcHrqmc8RMwUfH6QPnDzY2k=,E0BW97c6Hb7YK8HFkXLBQB2VTdo=
-47,-2,QqaBmcHrqmc8RMwUfH6QPnDzY2k=,E0BW97c6Hb7YK8HFkXLBQB2VTdo=
-42,-5,QqaBmcHrqmc8RMwUfH6QPnDzY2k=,E0BW97c6Hb7YK8HFkXLBQB2VTdo=
-43,-5,QqaBmcHrqmc8RMwUfH6QPnDzY2k=,E0BW97c6Hb7YK8HFkXLBQB2VTdo=
-44,-5,QqaBmcHrqmc8RMwUfH6QPnDzY2k=,E0BW97c6Hb7YK8HFkXLBQB2VTdo=
-42,-3,QqaBmcHrqmc8RMwUfH6QPnDzY2k=,E0BW97c6Hb7YK8HFkXLBQB2VTdo=
-43,-3,QqaBmcHrqmc8RMwUfH6QPnDzY2k=,E0BW97c6Hb7YK8HFkXLBQB2VTdo=
-44,-3,QqaBmcHrqmc8RMwUfH6QPnDzY2k=,E0BW97c6Hb7YK8HFkXLBQB2VTdo=
-45,-5,QqaBmcHrqmc8RMwUfH6QPnDzY2k=,E0BW97c6Hb7YK8HFkXLBQB2VTdo=
-45,-3,QqaBmcHrqmc8RMwUfH6QPnDzY2k=,E0BW97c6Hb7YK8HFkXLBQB2VTdo=
-46,-3,QqaBmcHrqmc8RMwUfH6QPnDzY2k=,E0BW97c6Hb7YK8HFkXLBQB2VTdo=
-46,-5,QqaBmcHrqmc8RMwUfH6QPnDzY2k=,E0BW97c6Hb7YK8HFkXLBQB2VTdo=
-47,-5,QqaBmcHrqmc8RMwUfH6QPnDzY2k=,E0BW97c6Hb7YK8HFkXLBQB2VTdo=
-47,-3,QqaBmcHrqmc8RMwUfH6QPnDzY2k=,E0BW97c6Hb7YK8HFkXLBQB2VTdo=
-42,-6,QqaBmcHrqmc8RMwUfH6QPnDzY2k=,E0BW97c6Hb7YK8HFkXLBQB2VTdo=
-43,-6,QqaBmcHrqmc8RMwUfH6QPnDzY2k=,E0BW97c6Hb7YK8HFkXLBQB2VTdo=
-42,-4,QqaBmcHrqmc8RMwUfH6QPnDzY2k=,E0BW97c6Hb7YK8HFkXLBQB2VTdo=
-44,-6,QqaBmcHrqmc8RMwUfH6QPnDzY2k=,E0BW97c6Hb7YK8HFkXLBQB2VTdo=
-45,-6,QqaBmcHrqmc8RMwUfH6QPnDzY2k=,E0BW97c6Hb7YK8HFkXLBQB2VTdo=
-46,-6,QqaBmcHrqmc8RMwUfH6QPnDzY2k=,E0BW97c6Hb7YK8HFkXLBQB2VTdo=
-47,-6,QqaBmcHrqmc8RMwUfH6QPnDzY2k=,E0BW97c6Hb7YK8HFkXLBQB2VTdo=
-43,-4,QqaBmcHrqmc8RMwUfH6QPnDzY2k=,E0BW97c6Hb7YK8HFkXLBQB2VTdo=
-42,-7,QqaBmcHrqmc8RMwUfH6QPnDzY2k=,E0BW97c6Hb7YK8HFkXLBQB2VTdo=
-43,-7,QqaBmcHrqmc8RMwUfH6QPnDzY2k=,E0BW97c6Hb7YK8HFkXLBQB2VTdo=
-44,-4,QqaBmcHrqmc8RMwUfH6QPnDzY2k=,E0BW97c6Hb7YK8HFkXLBQB2VTdo=
-45,-4,QqaBmcHrqmc8RMwUfH6QPnDzY2k=,E0BW97c6Hb7YK8HFkXLBQB2VTdo=
-46,-4,QqaBmcHrqmc8RMwUfH6QPnDzY2k=,E0BW97c6Hb7YK8HFkXLBQB2VTdo=
-44,-7,QqaBmcHrqmc8RMwUfH6QPnDzY2k=,E0BW97c6Hb7YK8HFkXLBQB2VTdo=
-45,-7,QqaBmcHrqmc8RMwUfH6QPnDzY2k=,E0BW97c6Hb7YK8HFkXLBQB2VTdo=
-47,-4,QqaBmcHrqmc8RMwUfH6QPnDzY2k=,E0BW97c6Hb7YK8HFkXLBQB2VTdo=
-46,-7,QqaBmcHrqmc8RMwUfH6QPnDzY2k=,E0BW97c6Hb7YK8HFkXLBQB2VTdo=
-47,-7,QqaBmcHrqmc8RMwUfH6QPnDzY2k=,E0BW97c6Hb7YK8HFkXLBQB2VTdo=
-42,-2,QqaBmcHrqmc8RMwUfH6QPnDzY2k=,E0BW97c6Hb7YK8HFkXLBQB2VTdo=
-43,-2,QqaBmcHrqmc8RMwUfH6QPnDzY2k=,E0BW97c6Hb7YK8HFkXLBQB2VTdo=
-47,-1,QqaBmcHrqmc8RMwUfH6QPnDzY2k=,E0BW97c6Hb7YK8HFkXLBQB2VTdo=
-46,-1,QqaBmcHrqmc8RMwUfH6QPnDzY2k=,E0BW97c6Hb7YK8HFkXLBQB2VTdo=
-45,-1,QqaBmcHrqmc8RMwUfH6QPnDzY2k=,E0BW97c6Hb7YK8HFkXLBQB2VTdo=
-44,-1,QqaBmcHrqmc8RMwUfH6QPnDzY2k=,E0BW97c6Hb7YK8HFkXLBQB2VTdo=
-47,-9,QqaBmcHrqmc8RMwUfH6QPnDzY2k=,pOUF2ruPRvZfY38oQqchPjbBkn0=
-47,-15,QqaBmcHrqmc8RMwUfH6QPnDzY2k=,pOUF2ruPRvZfY38oQqchPjbBkn0=
-46,-15,QqaBmcHrqmc8RMwUfH6QPnDzY2k=,pOUF2ruPRvZfY38oQqchPjbBkn0=
-45,-15,QqaBmcHrqmc8RMwUfH6QPnDzY2k=,pOUF2ruPRvZfY38oQqchPjbBkn0=
-46,-9,QqaBmcHrqmc8RMwUfH6QPnDzY2k=,pOUF2ruPRvZfY38oQqchPjbBkn0=
-44,-15,QqaBmcHrqmc8RMwUfH6QPnDzY2k=,pOUF2ruPRvZfY38oQqchPjbBkn0=
-43,-15,QqaBmcHrqmc8RMwUfH6QPnDzY2k=,pOUF2ruPRvZfY38oQqchPjbBkn0=
-47,-14,QqaBmcHrqmc8RMwUfH6QPnDzY2k=,pOUF2ruPRvZfY38oQqchPjbBkn0=
-46,-14,QqaBmcHrqmc8RMwUfH6QPnDzY2k=,pOUF2ruPRvZfY38oQqchPjbBkn0=
-45,-14,QqaBmcHrqmc8RMwUfH6QPnDzY2k=,pOUF2ruPRvZfY38oQqchPjbBkn0=
-45,-9,QqaBmcHrqmc8RMwUfH6QPnDzY2k=,pOUF2ruPRvZfY38oQqchPjbBkn0=
-44,-9,QqaBmcHrqmc8RMwUfH6QPnDzY2k=,pOUF2ruPRvZfY38oQqchPjbBkn0=
-44,-14,QqaBmcHrqmc8RMwUfH6QPnDzY2k=,pOUF2ruPRvZfY38oQqchPjbBkn0=
-43,-14,QqaBmcHrqmc8RMwUfH6QPnDzY2k=,pOUF2ruPRvZfY38oQqchPjbBkn0=
-42,-14,QqaBmcHrqmc8RMwUfH6QPnDzY2k=,pOUF2ruPRvZfY38oQqchPjbBkn0=
-47,-13,QqaBmcHrqmc8RMwUfH6QPnDzY2k=,pOUF2ruPRvZfY38oQqchPjbBkn0=
-43,-9,QqaBmcHrqmc8RMwUfH6QPnDzY2k=,pOUF2ruPRvZfY38oQqchPjbBkn0=
-46,-13,QqaBmcHrqmc8RMwUfH6QPnDzY2k=,pOUF2ruPRvZfY38oQqchPjbBkn0=
-42,-9,QqaBmcHrqmc8RMwUfH6QPnDzY2k=,pOUF2ruPRvZfY38oQqchPjbBkn0=
-45,-13,QqaBmcHrqmc8RMwUfH6QPnDzY2k=,pOUF2ruPRvZfY38oQqchPjbBkn0=
-42,-10,QqaBmcHrqmc8RMwUfH6QPnDzY2k=,pOUF2ruPRvZfY38oQqchPjbBkn0=
-44,-13,QqaBmcHrqmc8RMwUfH6QPnDzY2k=,pOUF2ruPRvZfY38oQqchPjbBkn0=
-43,-10,QqaBmcHrqmc8RMwUfH6QPnDzY2k=,pOUF2ruPRvZfY38oQqchPjbBkn0=
-47,-8,QqaBmcHrqmc8RMwUfH6QPnDzY2k=,E0BW97c6Hb7YK8HFkXLBQB2VTdo=
-46,-8,QqaBmcHrqmc8RMwUfH6QPnDzY2k=,E0BW97c6Hb7YK8HFkXLBQB2VTdo=
-43,-13,QqaBmcHrqmc8RMwUfH6QPnDzY2k=,pOUF2ruPRvZfY38oQqchPjbBkn0=
-45,-8,QqaBmcHrqmc8RMwUfH6QPnDzY2k=,E0BW97c6Hb7YK8HFkXLBQB2VTdo=
-42,-13,QqaBmcHrqmc8RMwUfH6QPnDzY2k=,pOUF2ruPRvZfY38oQqchPjbBkn0=
-44,-8,QqaBmcHrqmc8RMwUfH6QPnDzY2k=,E0BW97c6Hb7YK8HFkXLBQB2VTdo=
-43,-8,QqaBmcHrqmc8RMwUfH6QPnDzY2k=,E0BW97c6Hb7YK8HFkXLBQB2VTdo=
-42,-8,QqaBmcHrqmc8RMwUfH6QPnDzY2k=,E0BW97c6Hb7YK8HFkXLBQB2VTdo=
-47,-12,QqaBmcHrqmc8RMwUfH6QPnDzY2k=,pOUF2ruPRvZfY38oQqchPjbBkn0=
-46,-12,QqaBmcHrqmc8RMwUfH6QPnDzY2k=,pOUF2ruPRvZfY38oQqchPjbBkn0=
-45,-12,QqaBmcHrqmc8RMwUfH6QPnDzY2k=,pOUF2ruPRvZfY38oQqchPjbBkn0=
-44,-12,QqaBmcHrqmc8RMwUfH6QPnDzY2k=,pOUF2ruPRvZfY38oQqchPjbBkn0=
-44,-10,QqaBmcHrqmc8RMwUfH6QPnDzY2k=,pOUF2ruPRvZfY38oQqchPjbBkn0=
-43,-12,QqaBmcHrqmc8RMwUfH6QPnDzY2k=,pOUF2ruPRvZfY38oQqchPjbBkn0=
-42,-12,QqaBmcHrqmc8RMwUfH6QPnDzY2k=,pOUF2ruPRvZfY38oQqchPjbBkn0=
-45,-10,QqaBmcHrqmc8RMwUfH6QPnDzY2k=,pOUF2ruPRvZfY38oQqchPjbBkn0=
-47,-11,QqaBmcHrqmc8RMwUfH6QPnDzY2k=,pOUF2ruPRvZfY38oQqchPjbBkn0=
-46,-10,QqaBmcHrqmc8RMwUfH6QPnDzY2k=,pOUF2ruPRvZfY38oQqchPjbBkn0=
-46,-11,QqaBmcHrqmc8RMwUfH6QPnDzY2k=,pOUF2ruPRvZfY38oQqchPjbBkn0=
-47,-10,QqaBmcHrqmc8RMwUfH6QPnDzY2k=,pOUF2ruPRvZfY38oQqchPjbBkn0=
-45,-11,QqaBmcHrqmc8RMwUfH6QPnDzY2k=,pOUF2ruPRvZfY38oQqchPjbBkn0=
-42,-11,QqaBmcHrqmc8RMwUfH6QPnDzY2k=,pOUF2ruPRvZfY38oQqchPjbBkn0=
-44,-11,QqaBmcHrqmc8RMwUfH6QPnDzY2k=,pOUF2ruPRvZfY38oQqchPjbBkn0=
-43,-11,QqaBmcHrqmc8RMwUfH6QPnDzY2k=,pOUF2ruPRvZfY38oQqchPjbBkn0=
-38,-5,QqaBmcHrqmc8RMwUfH6QPnDzY2k=,FIJGh1qpmHqwGhoCmbQiEKHJ9Ms=
-34,-7,QqaBmcHrqmc8RMwUfH6QPnDzY2k=,FIJGh1qpmHqwGhoCmbQiEKHJ9Ms=
-41,-5,QqaBmcHrqmc8RMwUfH6QPnDzY2k=,E0BW97c6Hb7YK8HFkXLBQB2VTdo=
-35,-7,QqaBmcHrqmc8RMwUfH6QPnDzY2k=,FIJGh1qpmHqwGhoCmbQiEKHJ9Ms=
-36,-7,QqaBmcHrqmc8RMwUfH6QPnDzY2k=,FIJGh1qpmHqwGhoCmbQiEKHJ9Ms=
-41,-3,QqaBmcHrqmc8RMwUfH6QPnDzY2k=,E0BW97c6Hb7YK8HFkXLBQB2VTdo=
-37,-4,QqaBmcHrqmc8RMwUfH6QPnDzY2k=,FIJGh1qpmHqwGhoCmbQiEKHJ9Ms=
-38,-4,QqaBmcHrqmc8RMwUfH6QPnDzY2k=,FIJGh1qpmHqwGhoCmbQiEKHJ9Ms=
-39,-5,QqaBmcHrqmc8RMwUfH6QPnDzY2k=,FIJGh1qpmHqwGhoCmbQiEKHJ9Ms=
-37,-7,QqaBmcHrqmc8RMwUfH6QPnDzY2k=,FIJGh1qpmHqwGhoCmbQiEKHJ9Ms=
-41,-4,QqaBmcHrqmc8RMwUfH6QPnDzY2k=,E0BW97c6Hb7YK8HFkXLBQB2VTdo=
-41,-6,QqaBmcHrqmc8RMwUfH6QPnDzY2k=,E0BW97c6Hb7YK8HFkXLBQB2VTdo=
-38,-3,QqaBmcHrqmc8RMwUfH6QPnDzY2k=,FIJGh1qpmHqwGhoCmbQiEKHJ9Ms=
-41,-7,QqaBmcHrqmc8RMwUfH6QPnDzY2k=,E0BW97c6Hb7YK8HFkXLBQB2VTdo=
-39,-3,QqaBmcHrqmc8RMwUfH6QPnDzY2k=,FIJGh1qpmHqwGhoCmbQiEKHJ9Ms=
-38,-7,QqaBmcHrqmc8RMwUfH6QPnDzY2k=,FIJGh1qpmHqwGhoCmbQiEKHJ9Ms=
-39,-4,QqaBmcHrqmc8RMwUfH6QPnDzY2k=,FIJGh1qpmHqwGhoCmbQiEKHJ9Ms=
-40,-3,QqaBmcHrqmc8RMwUfH6QPnDzY2k=,FIJGh1qpmHqwGhoCmbQiEKHJ9Ms=
-39,-7,QqaBmcHrqmc8RMwUfH6QPnDzY2k=,FIJGh1qpmHqwGhoCmbQiEKHJ9Ms=
-40,-5,QqaBmcHrqmc8RMwUfH6QPnDzY2k=,FIJGh1qpmHqwGhoCmbQiEKHJ9Ms=
-40,-4,QqaBmcHrqmc8RMwUfH6QPnDzY2k=,FIJGh1qpmHqwGhoCmbQiEKHJ9Ms=
-34,-6,QqaBmcHrqmc8RMwUfH6QPnDzY2k=,FIJGh1qpmHqwGhoCmbQiEKHJ9Ms=
-35,-4,QqaBmcHrqmc8RMwUfH6QPnDzY2k=,FIJGh1qpmHqwGhoCmbQiEKHJ9Ms=
-35,-6,QqaBmcHrqmc8RMwUfH6QPnDzY2k=,FIJGh1qpmHqwGhoCmbQiEKHJ9Ms=
-36,-6,QqaBmcHrqmc8RMwUfH6QPnDzY2k=,FIJGh1qpmHqwGhoCmbQiEKHJ9Ms=
-37,-6,QqaBmcHrqmc8RMwUfH6QPnDzY2k=,FIJGh1qpmHqwGhoCmbQiEKHJ9Ms=
-34,-5,QqaBmcHrqmc8RMwUfH6QPnDzY2k=,FIJGh1qpmHqwGhoCmbQiEKHJ9Ms=
-38,-6,QqaBmcHrqmc8RMwUfH6QPnDzY2k=,FIJGh1qpmHqwGhoCmbQiEKHJ9Ms=
-39,-6,QqaBmcHrqmc8RMwUfH6QPnDzY2k=,FIJGh1qpmHqwGhoCmbQiEKHJ9Ms=
-35,-5,QqaBmcHrqmc8RMwUfH6QPnDzY2k=,FIJGh1qpmHqwGhoCmbQiEKHJ9Ms=
-40,-6,QqaBmcHrqmc8RMwUfH6QPnDzY2k=,FIJGh1qpmHqwGhoCmbQiEKHJ9Ms=
-36,-5,QqaBmcHrqmc8RMwUfH6QPnDzY2k=,FIJGh1qpmHqwGhoCmbQiEKHJ9Ms=
-40,-7,QqaBmcHrqmc8RMwUfH6QPnDzY2k=,FIJGh1qpmHqwGhoCmbQiEKHJ9Ms=
-37,-5,QqaBmcHrqmc8RMwUfH6QPnDzY2k=,FIJGh1qpmHqwGhoCmbQiEKHJ9Ms=
-40,-2,QqaBmcHrqmc8RMwUfH6QPnDzY2k=,FIJGh1qpmHqwGhoCmbQiEKHJ9Ms=
-36,-4,QqaBmcHrqmc8RMwUfH6QPnDzY2k=,FIJGh1qpmHqwGhoCmbQiEKHJ9Ms=
-41,-2,QqaBmcHrqmc8RMwUfH6QPnDzY2k=,E0BW97c6Hb7YK8HFkXLBQB2VTdo=
-44,-16,QqaBmcHrqmc8RMwUfH6QPnDzY2k=,pOUF2ruPRvZfY38oQqchPjbBkn0=
-47,-16,QqaBmcHrqmc8RMwUfH6QPnDzY2k=,pOUF2ruPRvZfY38oQqchPjbBkn0=
-46,-16,QqaBmcHrqmc8RMwUfH6QPnDzY2k=,pOUF2ruPRvZfY38oQqchPjbBkn0=
-45,-16,QqaBmcHrqmc8RMwUfH6QPnDzY2k=,pOUF2ruPRvZfY38oQqchPjbBkn0=
-33,-3,QqaBmcHrqmc8RMwUfH6QPnDzY2k=,FIJGh1qpmHqwGhoCmbQiEKHJ9Ms=
-33,-4,QqaBmcHrqmc8RMwUfH6QPnDzY2k=,FIJGh1qpmHqwGhoCmbQiEKHJ9Ms=
-33,-5,QqaBmcHrqmc8RMwUfH6QPnDzY2k=,FIJGh1qpmHqwGhoCmbQiEKHJ9Ms=
-33,-6,QqaBmcHrqmc8RMwUfH6QPnDzY2k=,FIJGh1qpmHqwGhoCmbQiEKHJ9Ms=
-33,-7,QqaBmcHrqmc8RMwUfH6QPnDzY2k=,FIJGh1qpmHqwGhoCmbQiEKHJ9Ms=
-48,-7,QqaBmcHrqmc8RMwUfH6QPnDzY2k=,E0BW97c6Hb7YK8HFkXLBQB2VTdo=
-48,-2,QqaBmcHrqmc8RMwUfH6QPnDzY2k=,E0BW97c6Hb7YK8HFkXLBQB2VTdo=
-48,-3,QqaBmcHrqmc8RMwUfH6QPnDzY2k=,E0BW97c6Hb7YK8HFkXLBQB2VTdo=
-48,-5,QqaBmcHrqmc8RMwUfH6QPnDzY2k=,E0BW97c6Hb7YK8HFkXLBQB2VTdo=
-48,-6,QqaBmcHrqmc8RMwUfH6QPnDzY2k=,E0BW97c6Hb7YK8HFkXLBQB2VTdo=
-48,-4,QqaBmcHrqmc8RMwUfH6QPnDzY2k=,E0BW97c6Hb7YK8HFkXLBQB2VTdo=
-48,-9,QqaBmcHrqmc8RMwUfH6QPnDzY2k=,pOUF2ruPRvZfY38oQqchPjbBkn0=
-48,-15,QqaBmcHrqmc8RMwUfH6QPnDzY2k=,pOUF2ruPRvZfY38oQqchPjbBkn0=
-48,-14,QqaBmcHrqmc8RMwUfH6QPnDzY2k=,pOUF2ruPRvZfY38oQqchPjbBkn0=
-48,-13,QqaBmcHrqmc8RMwUfH6QPnDzY2k=,pOUF2ruPRvZfY38oQqchPjbBkn0=
-48,-8,QqaBmcHrqmc8RMwUfH6QPnDzY2k=,E0BW97c6Hb7YK8HFkXLBQB2VTdo=
-48,-12,QqaBmcHrqmc8RMwUfH6QPnDzY2k=,pOUF2ruPRvZfY38oQqchPjbBkn0=
-48,-11,QqaBmcHrqmc8RMwUfH6QPnDzY2k=,pOUF2ruPRvZfY38oQqchPjbBkn0=
-48,-10,QqaBmcHrqmc8RMwUfH6QPnDzY2k=,pOUF2ruPRvZfY38oQqchPjbBkn0=
-48,-16,QqaBmcHrqmc8RMwUfH6QPnDzY2k=,pOUF2ruPRvZfY38oQqchPjbBkn0=
-48,-1,QqaBmcHrqmc8RMwUfH6QPnDzY2k=,E0BW97c6Hb7YK8HFkXLBQB2VTdo=
-40,-1,/bHQZCMjc5vGIR1d3VLp3CPEUAk=,FIJGh1qpmHqwGhoCmbQiEKHJ9Ms=
-37,-1,/bHQZCMjc5vGIR1d3VLp3CPEUAk=,FIJGh1qpmHqwGhoCmbQiEKHJ9Ms=
-34,-4,/bHQZCMjc5vGIR1d3VLp3CPEUAk=,FIJGh1qpmHqwGhoCmbQiEKHJ9Ms=
-43,-1,/bHQZCMjc5vGIR1d3VLp3CPEUAk=,E0BW97c6Hb7YK8HFkXLBQB2VTdo=
-35,-1,/bHQZCMjc5vGIR1d3VLp3CPEUAk=,FIJGh1qpmHqwGhoCmbQiEKHJ9Ms=
-36,-1,/bHQZCMjc5vGIR1d3VLp3CPEUAk=,FIJGh1qpmHqwGhoCmbQiEKHJ9Ms=
-38,-2,/bHQZCMjc5vGIR1d3VLp3CPEUAk=,FIJGh1qpmHqwGhoCmbQiEKHJ9Ms=
-38,-1,/bHQZCMjc5vGIR1d3VLp3CPEUAk=,FIJGh1qpmHqwGhoCmbQiEKHJ9Ms=
-35,-2,/bHQZCMjc5vGIR1d3VLp3CPEUAk=,FIJGh1qpmHqwGhoCmbQiEKHJ9Ms=
-39,-2,/bHQZCMjc5vGIR1d3VLp3CPEUAk=,FIJGh1qpmHqwGhoCmbQiEKHJ9Ms=
-34,-3,/bHQZCMjc5vGIR1d3VLp3CPEUAk=,FIJGh1qpmHqwGhoCmbQiEKHJ9Ms=
-41,-10,/bHQZCMjc5vGIR1d3VLp3CPEUAk=,pOUF2ruPRvZfY38oQqchPjbBkn0=
-34,-9,/bHQZCMjc5vGIR1d3VLp3CPEUAk=,tcP6gHgcVogNTe6hfbj5RgU0ktg=
-35,-9,/bHQZCMjc5vGIR1d3VLp3CPEUAk=,tcP6gHgcVogNTe6hfbj5RgU0ktg=
-36,-9,/bHQZCMjc5vGIR1d3VLp3CPEUAk=,tcP6gHgcVogNTe6hfbj5RgU0ktg=
-37,-9,/bHQZCMjc5vGIR1d3VLp3CPEUAk=,tcP6gHgcVogNTe6hfbj5RgU0ktg=
-39,-9,/bHQZCMjc5vGIR1d3VLp3CPEUAk=,tcP6gHgcVogNTe6hfbj5RgU0ktg=
-38,-9,/bHQZCMjc5vGIR1d3VLp3CPEUAk=,tcP6gHgcVogNTe6hfbj5RgU0ktg=
-40,-9,/bHQZCMjc5vGIR1d3VLp3CPEUAk=,tcP6gHgcVogNTe6hfbj5RgU0ktg=
-41,-11,/bHQZCMjc5vGIR1d3VLp3CPEUAk=,pOUF2ruPRvZfY38oQqchPjbBkn0=
-34,-8,/bHQZCMjc5vGIR1d3VLp3CPEUAk=,FIJGh1qpmHqwGhoCmbQiEKHJ9Ms=
-41,-12,/bHQZCMjc5vGIR1d3VLp3CPEUAk=,pOUF2ruPRvZfY38oQqchPjbBkn0=
-34,-10,/bHQZCMjc5vGIR1d3VLp3CPEUAk=,tcP6gHgcVogNTe6hfbj5RgU0ktg=
-35,-10,/bHQZCMjc5vGIR1d3VLp3CPEUAk=,tcP6gHgcVogNTe6hfbj5RgU0ktg=
-36,-10,/bHQZCMjc5vGIR1d3VLp3CPEUAk=,tcP6gHgcVogNTe6hfbj5RgU0ktg=
-37,-10,/bHQZCMjc5vGIR1d3VLp3CPEUAk=,tcP6gHgcVogNTe6hfbj5RgU0ktg=
-38,-10,/bHQZCMjc5vGIR1d3VLp3CPEUAk=,tcP6gHgcVogNTe6hfbj5RgU0ktg=
-39,-1,/bHQZCMjc5vGIR1d3VLp3CPEUAk=,FIJGh1qpmHqwGhoCmbQiEKHJ9Ms=
-37,-3,/bHQZCMjc5vGIR1d3VLp3CPEUAk=,FIJGh1qpmHqwGhoCmbQiEKHJ9Ms=
-39,-10,/bHQZCMjc5vGIR1d3VLp3CPEUAk=,tcP6gHgcVogNTe6hfbj5RgU0ktg=
-40,-10,/bHQZCMjc5vGIR1d3VLp3CPEUAk=,tcP6gHgcVogNTe6hfbj5RgU0ktg=
-37,-2,/bHQZCMjc5vGIR1d3VLp3CPEUAk=,FIJGh1qpmHqwGhoCmbQiEKHJ9Ms=
-35,-11,/bHQZCMjc5vGIR1d3VLp3CPEUAk=,tcP6gHgcVogNTe6hfbj5RgU0ktg=
-36,-11,/bHQZCMjc5vGIR1d3VLp3CPEUAk=,tcP6gHgcVogNTe6hfbj5RgU0ktg=
-37,-11,/bHQZCMjc5vGIR1d3VLp3CPEUAk=,tcP6gHgcVogNTe6hfbj5RgU0ktg=
-38,-11,/bHQZCMjc5vGIR1d3VLp3CPEUAk=,tcP6gHgcVogNTe6hfbj5RgU0ktg=
-39,-11,/bHQZCMjc5vGIR1d3VLp3CPEUAk=,tcP6gHgcVogNTe6hfbj5RgU0ktg=
-41,-13,/bHQZCMjc5vGIR1d3VLp3CPEUAk=,pOUF2ruPRvZfY38oQqchPjbBkn0=
-41,-8,/bHQZCMjc5vGIR1d3VLp3CPEUAk=,E0BW97c6Hb7YK8HFkXLBQB2VTdo=
-40,-11,/bHQZCMjc5vGIR1d3VLp3CPEUAk=,tcP6gHgcVogNTe6hfbj5RgU0ktg=
-42,-15,/bHQZCMjc5vGIR1d3VLp3CPEUAk=,pOUF2ruPRvZfY38oQqchPjbBkn0=
-34,-11,/bHQZCMjc5vGIR1d3VLp3CPEUAk=,tcP6gHgcVogNTe6hfbj5RgU0ktg=
-33,-11,/bHQZCMjc5vGIR1d3VLp3CPEUAk=,tcP6gHgcVogNTe6hfbj5RgU0ktg=
-41,-15,/bHQZCMjc5vGIR1d3VLp3CPEUAk=,pOUF2ruPRvZfY38oQqchPjbBkn0=
-41,-1,/bHQZCMjc5vGIR1d3VLp3CPEUAk=,E0BW97c6Hb7YK8HFkXLBQB2VTdo=
-34,-2,/bHQZCMjc5vGIR1d3VLp3CPEUAk=,FIJGh1qpmHqwGhoCmbQiEKHJ9Ms=
-33,-16,/bHQZCMjc5vGIR1d3VLp3CPEUAk=,tcP6gHgcVogNTe6hfbj5RgU0ktg=
-36,-2,/bHQZCMjc5vGIR1d3VLp3CPEUAk=,FIJGh1qpmHqwGhoCmbQiEKHJ9Ms=
-36,-3,/bHQZCMjc5vGIR1d3VLp3CPEUAk=,FIJGh1qpmHqwGhoCmbQiEKHJ9Ms=
-35,-3,/bHQZCMjc5vGIR1d3VLp3CPEUAk=,FIJGh1qpmHqwGhoCmbQiEKHJ9Ms=
-34,-12,/bHQZCMjc5vGIR1d3VLp3CPEUAk=,tcP6gHgcVogNTe6hfbj5RgU0ktg=
-35,-14,/bHQZCMjc5vGIR1d3VLp3CPEUAk=,tcP6gHgcVogNTe6hfbj5RgU0ktg=
-33,-2,/bHQZCMjc5vGIR1d3VLp3CPEUAk=,FIJGh1qpmHqwGhoCmbQiEKHJ9Ms=
-33,-12,/bHQZCMjc5vGIR1d3VLp3CPEUAk=,tcP6gHgcVogNTe6hfbj5RgU0ktg=
-42,-1,/bHQZCMjc5vGIR1d3VLp3CPEUAk=,E0BW97c6Hb7YK8HFkXLBQB2VTdo=
-39,-15,/bHQZCMjc5vGIR1d3VLp3CPEUAk=,tcP6gHgcVogNTe6hfbj5RgU0ktg=
-40,-15,/bHQZCMjc5vGIR1d3VLp3CPEUAk=,tcP6gHgcVogNTe6hfbj5RgU0ktg=
-37,-15,/bHQZCMjc5vGIR1d3VLp3CPEUAk=,tcP6gHgcVogNTe6hfbj5RgU0ktg=
-33,-9,/bHQZCMjc5vGIR1d3VLp3CPEUAk=,tcP6gHgcVogNTe6hfbj5RgU0ktg=
-38,-15,/bHQZCMjc5vGIR1d3VLp3CPEUAk=,tcP6gHgcVogNTe6hfbj5RgU0ktg=
-40,-16,/bHQZCMjc5vGIR1d3VLp3CPEUAk=,tcP6gHgcVogNTe6hfbj5RgU0ktg=
-43,-16,/bHQZCMjc5vGIR1d3VLp3CPEUAk=,pOUF2ruPRvZfY38oQqchPjbBkn0=
-37,-14,/bHQZCMjc5vGIR1d3VLp3CPEUAk=,tcP6gHgcVogNTe6hfbj5RgU0ktg=
-35,-8,/bHQZCMjc5vGIR1d3VLp3CPEUAk=,FIJGh1qpmHqwGhoCmbQiEKHJ9Ms=
-36,-14,/bHQZCMjc5vGIR1d3VLp3CPEUAk=,tcP6gHgcVogNTe6hfbj5RgU0ktg=
-34,-14,/bHQZCMjc5vGIR1d3VLp3CPEUAk=,tcP6gHgcVogNTe6hfbj5RgU0ktg=
-33,-15,/bHQZCMjc5vGIR1d3VLp3CPEUAk=,tcP6gHgcVogNTe6hfbj5RgU0ktg=
-36,-8,/bHQZCMjc5vGIR1d3VLp3CPEUAk=,FIJGh1qpmHqwGhoCmbQiEKHJ9Ms=
-38,-14,/bHQZCMjc5vGIR1d3VLp3CPEUAk=,tcP6gHgcVogNTe6hfbj5RgU0ktg=
-39,-14,/bHQZCMjc5vGIR1d3VLp3CPEUAk=,tcP6gHgcVogNTe6hfbj5RgU0ktg=
-39,-12,/bHQZCMjc5vGIR1d3VLp3CPEUAk=,tcP6gHgcVogNTe6hfbj5RgU0ktg=
-40,-12,/bHQZCMjc5vGIR1d3VLp3CPEUAk=,tcP6gHgcVogNTe6hfbj5RgU0ktg=
-36,-15,/bHQZCMjc5vGIR1d3VLp3CPEUAk=,tcP6gHgcVogNTe6hfbj5RgU0ktg=
-33,-10,/bHQZCMjc5vGIR1d3VLp3CPEUAk=,tcP6gHgcVogNTe6hfbj5RgU0ktg=
-35,-12,/bHQZCMjc5vGIR1d3VLp3CPEUAk=,tcP6gHgcVogNTe6hfbj5RgU0ktg=
-38,-12,/bHQZCMjc5vGIR1d3VLp3CPEUAk=,tcP6gHgcVogNTe6hfbj5RgU0ktg=
-37,-8,/bHQZCMjc5vGIR1d3VLp3CPEUAk=,FIJGh1qpmHqwGhoCmbQiEKHJ9Ms=
-38,-8,/bHQZCMjc5vGIR1d3VLp3CPEUAk=,FIJGh1qpmHqwGhoCmbQiEKHJ9Ms=
-39,-8,/bHQZCMjc5vGIR1d3VLp3CPEUAk=,FIJGh1qpmHqwGhoCmbQiEKHJ9Ms=
-41,-9,/bHQZCMjc5vGIR1d3VLp3CPEUAk=,pOUF2ruPRvZfY38oQqchPjbBkn0=
-37,-12,/bHQZCMjc5vGIR1d3VLp3CPEUAk=,tcP6gHgcVogNTe6hfbj5RgU0ktg=
-40,-8,/bHQZCMjc5vGIR1d3VLp3CPEUAk=,FIJGh1qpmHqwGhoCmbQiEKHJ9Ms=
-33,-8,/bHQZCMjc5vGIR1d3VLp3CPEUAk=,FIJGh1qpmHqwGhoCmbQiEKHJ9Ms=
-40,-14,/bHQZCMjc5vGIR1d3VLp3CPEUAk=,tcP6gHgcVogNTe6hfbj5RgU0ktg=
-41,-16,/bHQZCMjc5vGIR1d3VLp3CPEUAk=,pOUF2ruPRvZfY38oQqchPjbBkn0=
-39,-13,/bHQZCMjc5vGIR1d3VLp3CPEUAk=,tcP6gHgcVogNTe6hfbj5RgU0ktg=
-33,-1,/bHQZCMjc5vGIR1d3VLp3CPEUAk=,FIJGh1qpmHqwGhoCmbQiEKHJ9Ms=
-40,-13,/bHQZCMjc5vGIR1d3VLp3CPEUAk=,tcP6gHgcVogNTe6hfbj5RgU0ktg=
-38,-13,/bHQZCMjc5vGIR1d3VLp3CPEUAk=,tcP6gHgcVogNTe6hfbj5RgU0ktg=
-35,-16,/bHQZCMjc5vGIR1d3VLp3CPEUAk=,tcP6gHgcVogNTe6hfbj5RgU0ktg=
-37,-16,/bHQZCMjc5vGIR1d3VLp3CPEUAk=,tcP6gHgcVogNTe6hfbj5RgU0ktg=
-41,-14,/bHQZCMjc5vGIR1d3VLp3CPEUAk=,pOUF2ruPRvZfY38oQqchPjbBkn0=
-36,-12,/bHQZCMjc5vGIR1d3VLp3CPEUAk=,tcP6gHgcVogNTe6hfbj5RgU0ktg=
-34,-16,/bHQZCMjc5vGIR1d3VLp3CPEUAk=,tcP6gHgcVogNTe6hfbj5RgU0ktg=
-36,-16,/bHQZCMjc5vGIR1d3VLp3CPEUAk=,tcP6gHgcVogNTe6hfbj5RgU0ktg=
-38,-16,/bHQZCMjc5vGIR1d3VLp3CPEUAk=,tcP6gHgcVogNTe6hfbj5RgU0ktg=
-35,-15,/bHQZCMjc5vGIR1d3VLp3CPEUAk=,tcP6gHgcVogNTe6hfbj5RgU0ktg=
-34,-15,/bHQZCMjc5vGIR1d3VLp3CPEUAk=,tcP6gHgcVogNTe6hfbj5RgU0ktg=
-33,-13,/bHQZCMjc5vGIR1d3VLp3CPEUAk=,tcP6gHgcVogNTe6hfbj5RgU0ktg=
-39,-16,/bHQZCMjc5vGIR1d3VLp3CPEUAk=,tcP6gHgcVogNTe6hfbj5RgU0ktg=
-37,-13,/bHQZCMjc5vGIR1d3VLp3CPEUAk=,tcP6gHgcVogNTe6hfbj5RgU0ktg=
-36,-13,/bHQZCMjc5vGIR1d3VLp3CPEUAk=,tcP6gHgcVogNTe6hfbj5RgU0ktg=
-34,-1,/bHQZCMjc5vGIR1d3VLp3CPEUAk=,FIJGh1qpmHqwGhoCmbQiEKHJ9Ms=
-42,-16,/bHQZCMjc5vGIR1d3VLp3CPEUAk=,pOUF2ruPRvZfY38oQqchPjbBkn0=
-34,-13,/bHQZCMjc5vGIR1d3VLp3CPEUAk=,tcP6gHgcVogNTe6hfbj5RgU0ktg=
-33,-14,/bHQZCMjc5vGIR1d3VLp3CPEUAk=,tcP6gHgcVogNTe6hfbj5RgU0ktg=
-35,-13,/bHQZCMjc5vGIR1d3VLp3CPEUAk=,tcP6gHgcVogNTe6hfbj5RgU0ktg=
-44,-31,/bHQZCMjc5vGIR1d3VLp3CPEUAk=,5lcpFV/dAlZI/KtivNtdAgaYlNI=
-45,-31,/bHQZCMjc5vGIR1d3VLp3CPEUAk=,5lcpFV/dAlZI/KtivNtdAgaYlNI=
-46,-31,/bHQZCMjc5vGIR1d3VLp3CPEUAk=,5lcpFV/dAlZI/KtivNtdAgaYlNI=
-47,-31,/bHQZCMjc5vGIR1d3VLp3CPEUAk=,5lcpFV/dAlZI/KtivNtdAgaYlNI=
-42,-26,/bHQZCMjc5vGIR1d3VLp3CPEUAk=,5lcpFV/dAlZI/KtivNtdAgaYlNI=
-43,-26,/bHQZCMjc5vGIR1d3VLp3CPEUAk=,5lcpFV/dAlZI/KtivNtdAgaYlNI=
-44,-26,/bHQZCMjc5vGIR1d3VLp3CPEUAk=,5lcpFV/dAlZI/KtivNtdAgaYlNI=
-45,-26,/bHQZCMjc5vGIR1d3VLp3CPEUAk=,5lcpFV/dAlZI/KtivNtdAgaYlNI=
-46,-26,/bHQZCMjc5vGIR1d3VLp3CPEUAk=,5lcpFV/dAlZI/KtivNtdAgaYlNI=
-43,-27,/bHQZCMjc5vGIR1d3VLp3CPEUAk=,5lcpFV/dAlZI/KtivNtdAgaYlNI=
-44,-27,/bHQZCMjc5vGIR1d3VLp3CPEUAk=,5lcpFV/dAlZI/KtivNtdAgaYlNI=
-45,-27,/bHQZCMjc5vGIR1d3VLp3CPEUAk=,5lcpFV/dAlZI/KtivNtdAgaYlNI=
-46,-27,/bHQZCMjc5vGIR1d3VLp3CPEUAk=,5lcpFV/dAlZI/KtivNtdAgaYlNI=
-47,-27,/bHQZCMjc5vGIR1d3VLp3CPEUAk=,5lcpFV/dAlZI/KtivNtdAgaYlNI=
-42,-28,/bHQZCMjc5vGIR1d3VLp3CPEUAk=,5lcpFV/dAlZI/KtivNtdAgaYlNI=
-43,-28,/bHQZCMjc5vGIR1d3VLp3CPEUAk=,5lcpFV/dAlZI/KtivNtdAgaYlNI=
-44,-28,/bHQZCMjc5vGIR1d3VLp3CPEUAk=,5lcpFV/dAlZI/KtivNtdAgaYlNI=
-46,-28,/bHQZCMjc5vGIR1d3VLp3CPEUAk=,5lcpFV/dAlZI/KtivNtdAgaYlNI=
-45,-28,/bHQZCMjc5vGIR1d3VLp3CPEUAk=,5lcpFV/dAlZI/KtivNtdAgaYlNI=
-47,-28,/bHQZCMjc5vGIR1d3VLp3CPEUAk=,5lcpFV/dAlZI/KtivNtdAgaYlNI=
-44,-29,/bHQZCMjc5vGIR1d3VLp3CPEUAk=,5lcpFV/dAlZI/KtivNtdAgaYlNI=
-45,-29,/bHQZCMjc5vGIR1d3VLp3CPEUAk=,5lcpFV/dAlZI/KtivNtdAgaYlNI=
-47,-29,/bHQZCMjc5vGIR1d3VLp3CPEUAk=,5lcpFV/dAlZI/KtivNtdAgaYlNI=
-46,-29,/bHQZCMjc5vGIR1d3VLp3CPEUAk=,5lcpFV/dAlZI/KtivNtdAgaYlNI=
-44,-30,/bHQZCMjc5vGIR1d3VLp3CPEUAk=,5lcpFV/dAlZI/KtivNtdAgaYlNI=
-45,-30,/bHQZCMjc5vGIR1d3VLp3CPEUAk=,5lcpFV/dAlZI/KtivNtdAgaYlNI=
-46,-30,/bHQZCMjc5vGIR1d3VLp3CPEUAk=,5lcpFV/dAlZI/KtivNtdAgaYlNI=
-47,-30,/bHQZCMjc5vGIR1d3VLp3CPEUAk=,5lcpFV/dAlZI/KtivNtdAgaYlNI=
-38,-31,/bHQZCMjc5vGIR1d3VLp3CPEUAk=,thY3j9OmES2+7NkrLJhdcKAfrTk=
-36,-27,/bHQZCMjc5vGIR1d3VLp3CPEUAk=,thY3j9OmES2+7NkrLJhdcKAfrTk=
-35,-27,/bHQZCMjc5vGIR1d3VLp3CPEUAk=,thY3j9OmES2+7NkrLJhdcKAfrTk=
-35,-28,/bHQZCMjc5vGIR1d3VLp3CPEUAk=,thY3j9OmES2+7NkrLJhdcKAfrTk=
-34,-28,/bHQZCMjc5vGIR1d3VLp3CPEUAk=,thY3j9OmES2+7NkrLJhdcKAfrTk=
-36,-28,/bHQZCMjc5vGIR1d3VLp3CPEUAk=,thY3j9OmES2+7NkrLJhdcKAfrTk=
-37,-28,/bHQZCMjc5vGIR1d3VLp3CPEUAk=,thY3j9OmES2+7NkrLJhdcKAfrTk=
-35,-29,/bHQZCMjc5vGIR1d3VLp3CPEUAk=,thY3j9OmES2+7NkrLJhdcKAfrTk=
-34,-29,/bHQZCMjc5vGIR1d3VLp3CPEUAk=,thY3j9OmES2+7NkrLJhdcKAfrTk=
-36,-29,/bHQZCMjc5vGIR1d3VLp3CPEUAk=,thY3j9OmES2+7NkrLJhdcKAfrTk=
-37,-29,/bHQZCMjc5vGIR1d3VLp3CPEUAk=,thY3j9OmES2+7NkrLJhdcKAfrTk=
-38,-29,/bHQZCMjc5vGIR1d3VLp3CPEUAk=,thY3j9OmES2+7NkrLJhdcKAfrTk=
-34,-30,/bHQZCMjc5vGIR1d3VLp3CPEUAk=,thY3j9OmES2+7NkrLJhdcKAfrTk=
-35,-30,/bHQZCMjc5vGIR1d3VLp3CPEUAk=,thY3j9OmES2+7NkrLJhdcKAfrTk=
-36,-30,/bHQZCMjc5vGIR1d3VLp3CPEUAk=,thY3j9OmES2+7NkrLJhdcKAfrTk=
-37,-30,/bHQZCMjc5vGIR1d3VLp3CPEUAk=,thY3j9OmES2+7NkrLJhdcKAfrTk=
-38,-30,/bHQZCMjc5vGIR1d3VLp3CPEUAk=,thY3j9OmES2+7NkrLJhdcKAfrTk=
-34,-31,/bHQZCMjc5vGIR1d3VLp3CPEUAk=,thY3j9OmES2+7NkrLJhdcKAfrTk=
-35,-31,/bHQZCMjc5vGIR1d3VLp3CPEUAk=,thY3j9OmES2+7NkrLJhdcKAfrTk=
-36,-31,/bHQZCMjc5vGIR1d3VLp3CPEUAk=,thY3j9OmES2+7NkrLJhdcKAfrTk=
-37,-31,/bHQZCMjc5vGIR1d3VLp3CPEUAk=,thY3j9OmES2+7NkrLJhdcKAfrTk=
-38,-32,/bHQZCMjc5vGIR1d3VLp3CPEUAk=,thY3j9OmES2+7NkrLJhdcKAfrTk=
-37,-32,/bHQZCMjc5vGIR1d3VLp3CPEUAk=,thY3j9OmES2+7NkrLJhdcKAfrTk=
-36,-32,/bHQZCMjc5vGIR1d3VLp3CPEUAk=,thY3j9OmES2+7NkrLJhdcKAfrTk=
-35,-32,/bHQZCMjc5vGIR1d3VLp3CPEUAk=,thY3j9OmES2+7NkrLJhdcKAfrTk=
-34,-32,/bHQZCMjc5vGIR1d3VLp3CPEUAk=,thY3j9OmES2+7NkrLJhdcKAfrTk=
-33,-31,/bHQZCMjc5vGIR1d3VLp3CPEUAk=,thY3j9OmES2+7NkrLJhdcKAfrTk=
-33,-30,/bHQZCMjc5vGIR1d3VLp3CPEUAk=,thY3j9OmES2+7NkrLJhdcKAfrTk=
-33,-29,/bHQZCMjc5vGIR1d3VLp3CPEUAk=,thY3j9OmES2+7NkrLJhdcKAfrTk=
-33,-28,/bHQZCMjc5vGIR1d3VLp3CPEUAk=,thY3j9OmES2+7NkrLJhdcKAfrTk=
-33,-26,/bHQZCMjc5vGIR1d3VLp3CPEUAk=,thY3j9OmES2+7NkrLJhdcKAfrTk=
-44,-18,/bHQZCMjc5vGIR1d3VLp3CPEUAk=,gYcUUdKDdksFUXBzLejg42Vu3M4=
-45,-18,/bHQZCMjc5vGIR1d3VLp3CPEUAk=,gYcUUdKDdksFUXBzLejg42Vu3M4=
-46,-18,/bHQZCMjc5vGIR1d3VLp3CPEUAk=,gYcUUdKDdksFUXBzLejg42Vu3M4=
-47,-18,/bHQZCMjc5vGIR1d3VLp3CPEUAk=,gYcUUdKDdksFUXBzLejg42Vu3M4=
-48,-18,/bHQZCMjc5vGIR1d3VLp3CPEUAk=,gYcUUdKDdksFUXBzLejg42Vu3M4=
-42,-25,/bHQZCMjc5vGIR1d3VLp3CPEUAk=,5lcpFV/dAlZI/KtivNtdAgaYlNI=
-43,-25,/bHQZCMjc5vGIR1d3VLp3CPEUAk=,5lcpFV/dAlZI/KtivNtdAgaYlNI=
-44,-25,/bHQZCMjc5vGIR1d3VLp3CPEUAk=,5lcpFV/dAlZI/KtivNtdAgaYlNI=
-45,-25,/bHQZCMjc5vGIR1d3VLp3CPEUAk=,5lcpFV/dAlZI/KtivNtdAgaYlNI=
-46,-25,/bHQZCMjc5vGIR1d3VLp3CPEUAk=,5lcpFV/dAlZI/KtivNtdAgaYlNI=
-43,-19,/bHQZCMjc5vGIR1d3VLp3CPEUAk=,gYcUUdKDdksFUXBzLejg42Vu3M4=
-44,-19,/bHQZCMjc5vGIR1d3VLp3CPEUAk=,gYcUUdKDdksFUXBzLejg42Vu3M4=
-47,-19,/bHQZCMjc5vGIR1d3VLp3CPEUAk=,gYcUUdKDdksFUXBzLejg42Vu3M4=
-48,-19,/bHQZCMjc5vGIR1d3VLp3CPEUAk=,gYcUUdKDdksFUXBzLejg42Vu3M4=
-48,-20,/bHQZCMjc5vGIR1d3VLp3CPEUAk=,gYcUUdKDdksFUXBzLejg42Vu3M4=
-42,-23,/bHQZCMjc5vGIR1d3VLp3CPEUAk=,gYcUUdKDdksFUXBzLejg42Vu3M4=
-43,-23,/bHQZCMjc5vGIR1d3VLp3CPEUAk=,gYcUUdKDdksFUXBzLejg42Vu3M4=
-44,-17,/bHQZCMjc5vGIR1d3VLp3CPEUAk=,gYcUUdKDdksFUXBzLejg42Vu3M4=
-45,-17,/bHQZCMjc5vGIR1d3VLp3CPEUAk=,gYcUUdKDdksFUXBzLejg42Vu3M4=
-42,-24,/bHQZCMjc5vGIR1d3VLp3CPEUAk=,gYcUUdKDdksFUXBzLejg42Vu3M4=
-43,-24,/bHQZCMjc5vGIR1d3VLp3CPEUAk=,gYcUUdKDdksFUXBzLejg42Vu3M4=
-46,-17,/bHQZCMjc5vGIR1d3VLp3CPEUAk=,gYcUUdKDdksFUXBzLejg42Vu3M4=
-47,-17,/bHQZCMjc5vGIR1d3VLp3CPEUAk=,gYcUUdKDdksFUXBzLejg42Vu3M4=
-44,-24,/bHQZCMjc5vGIR1d3VLp3CPEUAk=,gYcUUdKDdksFUXBzLejg42Vu3M4=
-43,-18,/bHQZCMjc5vGIR1d3VLp3CPEUAk=,gYcUUdKDdksFUXBzLejg42Vu3M4=
-40,-24,/bHQZCMjc5vGIR1d3VLp3CPEUAk=,AL+tcKxBe6gPmYpjBwznHFIolLU=
-33,-18,/bHQZCMjc5vGIR1d3VLp3CPEUAk=,AL+tcKxBe6gPmYpjBwznHFIolLU=
-33,-20,/bHQZCMjc5vGIR1d3VLp3CPEUAk=,AL+tcKxBe6gPmYpjBwznHFIolLU=
-41,-24,/bHQZCMjc5vGIR1d3VLp3CPEUAk=,gYcUUdKDdksFUXBzLejg42Vu3M4=
-38,-23,/bHQZCMjc5vGIR1d3VLp3CPEUAk=,AL+tcKxBe6gPmYpjBwznHFIolLU=
-41,-23,/bHQZCMjc5vGIR1d3VLp3CPEUAk=,gYcUUdKDdksFUXBzLejg42Vu3M4=
-33,-21,/bHQZCMjc5vGIR1d3VLp3CPEUAk=,AL+tcKxBe6gPmYpjBwznHFIolLU=
-33,-24,/bHQZCMjc5vGIR1d3VLp3CPEUAk=,AL+tcKxBe6gPmYpjBwznHFIolLU=
-33,-23,/bHQZCMjc5vGIR1d3VLp3CPEUAk=,AL+tcKxBe6gPmYpjBwznHFIolLU=
-33,-22,/bHQZCMjc5vGIR1d3VLp3CPEUAk=,AL+tcKxBe6gPmYpjBwznHFIolLU=
-33,-19,/bHQZCMjc5vGIR1d3VLp3CPEUAk=,AL+tcKxBe6gPmYpjBwznHFIolLU=
-39,-23,/bHQZCMjc5vGIR1d3VLp3CPEUAk=,AL+tcKxBe6gPmYpjBwznHFIolLU=
-33,-25,/bHQZCMjc5vGIR1d3VLp3CPEUAk=,thY3j9OmES2+7NkrLJhdcKAfrTk=
-40,-23,/bHQZCMjc5vGIR1d3VLp3CPEUAk=,AL+tcKxBe6gPmYpjBwznHFIolLU=
-39,-22,/bHQZCMjc5vGIR1d3VLp3CPEUAk=,AL+tcKxBe6gPmYpjBwznHFIolLU=
-40,-22,/bHQZCMjc5vGIR1d3VLp3CPEUAk=,AL+tcKxBe6gPmYpjBwznHFIolLU=
-48,-30,/bHQZCMjc5vGIR1d3VLp3CPEUAk=,5lcpFV/dAlZI/KtivNtdAgaYlNI=
-48,-29,/bHQZCMjc5vGIR1d3VLp3CPEUAk=,5lcpFV/dAlZI/KtivNtdAgaYlNI=
-48,-28,/bHQZCMjc5vGIR1d3VLp3CPEUAk=,5lcpFV/dAlZI/KtivNtdAgaYlNI=
-38,-26,/bHQZCMjc5vGIR1d3VLp3CPEUAk=,thY3j9OmES2+7NkrLJhdcKAfrTk=
-37,-26,/bHQZCMjc5vGIR1d3VLp3CPEUAk=,thY3j9OmES2+7NkrLJhdcKAfrTk=
-37,-27,/bHQZCMjc5vGIR1d3VLp3CPEUAk=,thY3j9OmES2+7NkrLJhdcKAfrTk=
-34,-27,/bHQZCMjc5vGIR1d3VLp3CPEUAk=,thY3j9OmES2+7NkrLJhdcKAfrTk=
-38,-27,/bHQZCMjc5vGIR1d3VLp3CPEUAk=,thY3j9OmES2+7NkrLJhdcKAfrTk=
-42,-21,/bHQZCMjc5vGIR1d3VLp3CPEUAk=,gYcUUdKDdksFUXBzLejg42Vu3M4=
-36,-26,/bHQZCMjc5vGIR1d3VLp3CPEUAk=,thY3j9OmES2+7NkrLJhdcKAfrTk=
-33,-27,/bHQZCMjc5vGIR1d3VLp3CPEUAk=,thY3j9OmES2+7NkrLJhdcKAfrTk=
-38,-21,/bHQZCMjc5vGIR1d3VLp3CPEUAk=,AL+tcKxBe6gPmYpjBwznHFIolLU=
-38,-24,/bHQZCMjc5vGIR1d3VLp3CPEUAk=,AL+tcKxBe6gPmYpjBwznHFIolLU=
-42,-22,/bHQZCMjc5vGIR1d3VLp3CPEUAk=,gYcUUdKDdksFUXBzLejg42Vu3M4=
-34,-22,/bHQZCMjc5vGIR1d3VLp3CPEUAk=,AL+tcKxBe6gPmYpjBwznHFIolLU=
-34,-24,/bHQZCMjc5vGIR1d3VLp3CPEUAk=,AL+tcKxBe6gPmYpjBwznHFIolLU=
-39,-24,/bHQZCMjc5vGIR1d3VLp3CPEUAk=,AL+tcKxBe6gPmYpjBwznHFIolLU=
-41,-22,/bHQZCMjc5vGIR1d3VLp3CPEUAk=,gYcUUdKDdksFUXBzLejg42Vu3M4=
-39,-21,/bHQZCMjc5vGIR1d3VLp3CPEUAk=,AL+tcKxBe6gPmYpjBwznHFIolLU=
-34,-23,/bHQZCMjc5vGIR1d3VLp3CPEUAk=,AL+tcKxBe6gPmYpjBwznHFIolLU=
-38,-22,/bHQZCMjc5vGIR1d3VLp3CPEUAk=,AL+tcKxBe6gPmYpjBwznHFIolLU=
-35,-22,/bHQZCMjc5vGIR1d3VLp3CPEUAk=,AL+tcKxBe6gPmYpjBwznHFIolLU=
-38,-25,/bHQZCMjc5vGIR1d3VLp3CPEUAk=,thY3j9OmES2+7NkrLJhdcKAfrTk=
-34,-21,/bHQZCMjc5vGIR1d3VLp3CPEUAk=,AL+tcKxBe6gPmYpjBwznHFIolLU=
-35,-24,/bHQZCMjc5vGIR1d3VLp3CPEUAk=,AL+tcKxBe6gPmYpjBwznHFIolLU=
-34,-25,/bHQZCMjc5vGIR1d3VLp3CPEUAk=,thY3j9OmES2+7NkrLJhdcKAfrTk=
-40,-21,/bHQZCMjc5vGIR1d3VLp3CPEUAk=,AL+tcKxBe6gPmYpjBwznHFIolLU=
-34,-26,/bHQZCMjc5vGIR1d3VLp3CPEUAk=,thY3j9OmES2+7NkrLJhdcKAfrTk=
-38,-28,/bHQZCMjc5vGIR1d3VLp3CPEUAk=,thY3j9OmES2+7NkrLJhdcKAfrTk=
-39,-27,/bHQZCMjc5vGIR1d3VLp3CPEUAk=,thY3j9OmES2+7NkrLJhdcKAfrTk=
-37,-21,/bHQZCMjc5vGIR1d3VLp3CPEUAk=,AL+tcKxBe6gPmYpjBwznHFIolLU=
-37,-22,/bHQZCMjc5vGIR1d3VLp3CPEUAk=,AL+tcKxBe6gPmYpjBwznHFIolLU=
-40,-26,/bHQZCMjc5vGIR1d3VLp3CPEUAk=,thY3j9OmES2+7NkrLJhdcKAfrTk=
-35,-23,/bHQZCMjc5vGIR1d3VLp3CPEUAk=,AL+tcKxBe6gPmYpjBwznHFIolLU=
-39,-26,/bHQZCMjc5vGIR1d3VLp3CPEUAk=,thY3j9OmES2+7NkrLJhdcKAfrTk=
-37,-24,/bHQZCMjc5vGIR1d3VLp3CPEUAk=,AL+tcKxBe6gPmYpjBwznHFIolLU=
-35,-26,/bHQZCMjc5vGIR1d3VLp3CPEUAk=,thY3j9OmES2+7NkrLJhdcKAfrTk=
-43,-21,/bHQZCMjc5vGIR1d3VLp3CPEUAk=,gYcUUdKDdksFUXBzLejg42Vu3M4=
-37,-25,/bHQZCMjc5vGIR1d3VLp3CPEUAk=,thY3j9OmES2+7NkrLJhdcKAfrTk=
-44,-21,/bHQZCMjc5vGIR1d3VLp3CPEUAk=,gYcUUdKDdksFUXBzLejg42Vu3M4=
-36,-24,/bHQZCMjc5vGIR1d3VLp3CPEUAk=,AL+tcKxBe6gPmYpjBwznHFIolLU=
-41,-25,/bHQZCMjc5vGIR1d3VLp3CPEUAk=,5lcpFV/dAlZI/KtivNtdAgaYlNI=
-40,-25,/bHQZCMjc5vGIR1d3VLp3CPEUAk=,thY3j9OmES2+7NkrLJhdcKAfrTk=
-39,-28,/bHQZCMjc5vGIR1d3VLp3CPEUAk=,thY3j9OmES2+7NkrLJhdcKAfrTk=
-37,-23,/bHQZCMjc5vGIR1d3VLp3CPEUAk=,AL+tcKxBe6gPmYpjBwznHFIolLU=
-36,-22,/bHQZCMjc5vGIR1d3VLp3CPEUAk=,AL+tcKxBe6gPmYpjBwznHFIolLU=
-42,-27,/bHQZCMjc5vGIR1d3VLp3CPEUAk=,5lcpFV/dAlZI/KtivNtdAgaYlNI=
-39,-25,/bHQZCMjc5vGIR1d3VLp3CPEUAk=,thY3j9OmES2+7NkrLJhdcKAfrTk=
-48,-26,/bHQZCMjc5vGIR1d3VLp3CPEUAk=,5lcpFV/dAlZI/KtivNtdAgaYlNI=
-40,-28,/bHQZCMjc5vGIR1d3VLp3CPEUAk=,thY3j9OmES2+7NkrLJhdcKAfrTk=
-33,-32,/bHQZCMjc5vGIR1d3VLp3CPEUAk=,thY3j9OmES2+7NkrLJhdcKAfrTk=
-48,-17,/bHQZCMjc5vGIR1d3VLp3CPEUAk=,gYcUUdKDdksFUXBzLejg42Vu3M4=
-35,-25,/bHQZCMjc5vGIR1d3VLp3CPEUAk=,thY3j9OmES2+7NkrLJhdcKAfrTk=
-35,-21,/bHQZCMjc5vGIR1d3VLp3CPEUAk=,AL+tcKxBe6gPmYpjBwznHFIolLU=
-44,-23,/bHQZCMjc5vGIR1d3VLp3CPEUAk=,gYcUUdKDdksFUXBzLejg42Vu3M4=
-45,-19,/bHQZCMjc5vGIR1d3VLp3CPEUAk=,gYcUUdKDdksFUXBzLejg42Vu3M4=
-36,-25,/bHQZCMjc5vGIR1d3VLp3CPEUAk=,thY3j9OmES2+7NkrLJhdcKAfrTk=
-48,-31,/bHQZCMjc5vGIR1d3VLp3CPEUAk=,5lcpFV/dAlZI/KtivNtdAgaYlNI=
-36,-21,/bHQZCMjc5vGIR1d3VLp3CPEUAk=,AL+tcKxBe6gPmYpjBwznHFIolLU=
-47,-26,/bHQZCMjc5vGIR1d3VLp3CPEUAk=,5lcpFV/dAlZI/KtivNtdAgaYlNI=
-36,-23,/bHQZCMjc5vGIR1d3VLp3CPEUAk=,AL+tcKxBe6gPmYpjBwznHFIolLU=
-45,-20,/bHQZCMjc5vGIR1d3VLp3CPEUAk=,gYcUUdKDdksFUXBzLejg42Vu3M4=
-46,-19,/bHQZCMjc5vGIR1d3VLp3CPEUAk=,gYcUUdKDdksFUXBzLejg42Vu3M4=
-40,-27,/bHQZCMjc5vGIR1d3VLp3CPEUAk=,thY3j9OmES2+7NkrLJhdcKAfrTk=
-47,-20,/bHQZCMjc5vGIR1d3VLp3CPEUAk=,gYcUUdKDdksFUXBzLejg42Vu3M4=
-41,-26,/bHQZCMjc5vGIR1d3VLp3CPEUAk=,5lcpFV/dAlZI/KtivNtdAgaYlNI=
-43,-22,/bHQZCMjc5vGIR1d3VLp3CPEUAk=,gYcUUdKDdksFUXBzLejg42Vu3M4=
-46,-20,D9dzkmo1o+XMAqF4R2Zp0TG82Dw=,gYcUUdKDdksFUXBzLejg42Vu3M4=
-41,-28,D9dzkmo1o+XMAqF4R2Zp0TG82Dw=,5lcpFV/dAlZI/KtivNtdAgaYlNI=
-41,-27,D9dzkmo1o+XMAqF4R2Zp0TG82Dw=,5lcpFV/dAlZI/KtivNtdAgaYlNI=
-48,-22,D9dzkmo1o+XMAqF4R2Zp0TG82Dw=,gYcUUdKDdksFUXBzLejg42Vu3M4=
-48,-27,D9dzkmo1o+XMAqF4R2Zp0TG82Dw=,5lcpFV/dAlZI/KtivNtdAgaYlNI=
-48,-21,D9dzkmo1o+XMAqF4R2Zp0TG82Dw=,gYcUUdKDdksFUXBzLejg42Vu3M4=
-47,-22,D9dzkmo1o+XMAqF4R2Zp0TG82Dw=,gYcUUdKDdksFUXBzLejg42Vu3M4=
-38,-17,D9dzkmo1o+XMAqF4R2Zp0TG82Dw=,AL+tcKxBe6gPmYpjBwznHFIolLU=
-46,-22,D9dzkmo1o+XMAqF4R2Zp0TG82Dw=,gYcUUdKDdksFUXBzLejg42Vu3M4=
-45,-23,D9dzkmo1o+XMAqF4R2Zp0TG82Dw=,gYcUUdKDdksFUXBzLejg42Vu3M4=
-45,-24,D9dzkmo1o+XMAqF4R2Zp0TG82Dw=,gYcUUdKDdksFUXBzLejg42Vu3M4=
-37,-17,D9dzkmo1o+XMAqF4R2Zp0TG82Dw=,AL+tcKxBe6gPmYpjBwznHFIolLU=
-36,-17,D9dzkmo1o+XMAqF4R2Zp0TG82Dw=,AL+tcKxBe6gPmYpjBwznHFIolLU=
-41,-21,D9dzkmo1o+XMAqF4R2Zp0TG82Dw=,gYcUUdKDdksFUXBzLejg42Vu3M4=
-42,-19,D9dzkmo1o+XMAqF4R2Zp0TG82Dw=,gYcUUdKDdksFUXBzLejg42Vu3M4=
-35,-17,D9dzkmo1o+XMAqF4R2Zp0TG82Dw=,AL+tcKxBe6gPmYpjBwznHFIolLU=
-47,-25,D9dzkmo1o+XMAqF4R2Zp0TG82Dw=,5lcpFV/dAlZI/KtivNtdAgaYlNI=
-45,-22,D9dzkmo1o+XMAqF4R2Zp0TG82Dw=,gYcUUdKDdksFUXBzLejg42Vu3M4=
-43,-20,D9dzkmo1o+XMAqF4R2Zp0TG82Dw=,gYcUUdKDdksFUXBzLejg42Vu3M4=
-46,-24,D9dzkmo1o+XMAqF4R2Zp0TG82Dw=,gYcUUdKDdksFUXBzLejg42Vu3M4=
-44,-20,D9dzkmo1o+XMAqF4R2Zp0TG82Dw=,gYcUUdKDdksFUXBzLejg42Vu3M4=
-43,-17,D9dzkmo1o+XMAqF4R2Zp0TG82Dw=,gYcUUdKDdksFUXBzLejg42Vu3M4=
-42,-20,D9dzkmo1o+XMAqF4R2Zp0TG82Dw=,gYcUUdKDdksFUXBzLejg42Vu3M4=
-42,-18,D9dzkmo1o+XMAqF4R2Zp0TG82Dw=,gYcUUdKDdksFUXBzLejg42Vu3M4=
-45,-21,D9dzkmo1o+XMAqF4R2Zp0TG82Dw=,gYcUUdKDdksFUXBzLejg42Vu3M4=
-46,-23,D9dzkmo1o+XMAqF4R2Zp0TG82Dw=,gYcUUdKDdksFUXBzLejg42Vu3M4=
-44,-22,D9dzkmo1o+XMAqF4R2Zp0TG82Dw=,gYcUUdKDdksFUXBzLejg42Vu3M4=
-39,-19,D9dzkmo1o+XMAqF4R2Zp0TG82Dw=,AL+tcKxBe6gPmYpjBwznHFIolLU=
-34,-20,D9dzkmo1o+XMAqF4R2Zp0TG82Dw=,AL+tcKxBe6gPmYpjBwznHFIolLU=
-41,-18,D9dzkmo1o+XMAqF4R2Zp0TG82Dw=,gYcUUdKDdksFUXBzLejg42Vu3M4=
-47,-32,D9dzkmo1o+XMAqF4R2Zp0TG82Dw=,5lcpFV/dAlZI/KtivNtdAgaYlNI=
-48,-25,D9dzkmo1o+XMAqF4R2Zp0TG82Dw=,5lcpFV/dAlZI/KtivNtdAgaYlNI=
-46,-32,D9dzkmo1o+XMAqF4R2Zp0TG82Dw=,5lcpFV/dAlZI/KtivNtdAgaYlNI=
-43,-29,D9dzkmo1o+XMAqF4R2Zp0TG82Dw=,5lcpFV/dAlZI/KtivNtdAgaYlNI=
-43,-30,D9dzkmo1o+XMAqF4R2Zp0TG82Dw=,5lcpFV/dAlZI/KtivNtdAgaYlNI=
-48,-32,D9dzkmo1o+XMAqF4R2Zp0TG82Dw=,5lcpFV/dAlZI/KtivNtdAgaYlNI=
-38,-19,D9dzkmo1o+XMAqF4R2Zp0TG82Dw=,AL+tcKxBe6gPmYpjBwznHFIolLU=
-42,-30,D9dzkmo1o+XMAqF4R2Zp0TG82Dw=,5lcpFV/dAlZI/KtivNtdAgaYlNI=
-34,-19,D9dzkmo1o+XMAqF4R2Zp0TG82Dw=,AL+tcKxBe6gPmYpjBwznHFIolLU=
-34,-17,D9dzkmo1o+XMAqF4R2Zp0TG82Dw=,AL+tcKxBe6gPmYpjBwznHFIolLU=
-42,-29,D9dzkmo1o+XMAqF4R2Zp0TG82Dw=,5lcpFV/dAlZI/KtivNtdAgaYlNI=
-37,-19,D9dzkmo1o+XMAqF4R2Zp0TG82Dw=,AL+tcKxBe6gPmYpjBwznHFIolLU=
-35,-19,D9dzkmo1o+XMAqF4R2Zp0TG82Dw=,AL+tcKxBe6gPmYpjBwznHFIolLU=
-37,-20,D9dzkmo1o+XMAqF4R2Zp0TG82Dw=,AL+tcKxBe6gPmYpjBwznHFIolLU=
-36,-19,D9dzkmo1o+XMAqF4R2Zp0TG82Dw=,AL+tcKxBe6gPmYpjBwznHFIolLU=
-41,-17,D9dzkmo1o+XMAqF4R2Zp0TG82Dw=,gYcUUdKDdksFUXBzLejg42Vu3M4=
-43,-31,D9dzkmo1o+XMAqF4R2Zp0TG82Dw=,5lcpFV/dAlZI/KtivNtdAgaYlNI=
-33,-17,D9dzkmo1o+XMAqF4R2Zp0TG82Dw=,AL+tcKxBe6gPmYpjBwznHFIolLU=
-42,-17,D9dzkmo1o+XMAqF4R2Zp0TG82Dw=,gYcUUdKDdksFUXBzLejg42Vu3M4=
-46,-21,D9dzkmo1o+XMAqF4R2Zp0TG82Dw=,gYcUUdKDdksFUXBzLejg42Vu3M4=
-35,-20,D9dzkmo1o+XMAqF4R2Zp0TG82Dw=,AL+tcKxBe6gPmYpjBwznHFIolLU=
-39,-17,D9dzkmo1o+XMAqF4R2Zp0TG82Dw=,AL+tcKxBe6gPmYpjBwznHFIolLU=
-40,-17,D9dzkmo1o+XMAqF4R2Zp0TG82Dw=,AL+tcKxBe6gPmYpjBwznHFIolLU=
-41,-29,D9dzkmo1o+XMAqF4R2Zp0TG82Dw=,5lcpFV/dAlZI/KtivNtdAgaYlNI=
-40,-29,D9dzkmo1o+XMAqF4R2Zp0TG82Dw=,thY3j9OmES2+7NkrLJhdcKAfrTk=
-36,-18,D9dzkmo1o+XMAqF4R2Zp0TG82Dw=,AL+tcKxBe6gPmYpjBwznHFIolLU=
-48,-23,D9dzkmo1o+XMAqF4R2Zp0TG82Dw=,gYcUUdKDdksFUXBzLejg42Vu3M4=
-48,-24,D9dzkmo1o+XMAqF4R2Zp0TG82Dw=,gYcUUdKDdksFUXBzLejg42Vu3M4=
-39,-30,D9dzkmo1o+XMAqF4R2Zp0TG82Dw=,thY3j9OmES2+7NkrLJhdcKAfrTk=
-39,-18,D9dzkmo1o+XMAqF4R2Zp0TG82Dw=,AL+tcKxBe6gPmYpjBwznHFIolLU=
-41,-20,D9dzkmo1o+XMAqF4R2Zp0TG82Dw=,gYcUUdKDdksFUXBzLejg42Vu3M4=
-43,-32,D9dzkmo1o+XMAqF4R2Zp0TG82Dw=,5lcpFV/dAlZI/KtivNtdAgaYlNI=
-38,-20,D9dzkmo1o+XMAqF4R2Zp0TG82Dw=,AL+tcKxBe6gPmYpjBwznHFIolLU=
-47,-23,D9dzkmo1o+XMAqF4R2Zp0TG82Dw=,gYcUUdKDdksFUXBzLejg42Vu3M4=
-37,-18,D9dzkmo1o+XMAqF4R2Zp0TG82Dw=,AL+tcKxBe6gPmYpjBwznHFIolLU=
-38,-18,D9dzkmo1o+XMAqF4R2Zp0TG82Dw=,AL+tcKxBe6gPmYpjBwznHFIolLU=
-41,-19,D9dzkmo1o+XMAqF4R2Zp0TG82Dw=,gYcUUdKDdksFUXBzLejg42Vu3M4=
-40,-18,D9dzkmo1o+XMAqF4R2Zp0TG82Dw=,AL+tcKxBe6gPmYpjBwznHFIolLU=
-39,-31,D9dzkmo1o+XMAqF4R2Zp0TG82Dw=,thY3j9OmES2+7NkrLJhdcKAfrTk=
-39,-20,D9dzkmo1o+XMAqF4R2Zp0TG82Dw=,AL+tcKxBe6gPmYpjBwznHFIolLU=
-40,-19,D9dzkmo1o+XMAqF4R2Zp0TG82Dw=,AL+tcKxBe6gPmYpjBwznHFIolLU=
-36,-20,D9dzkmo1o+XMAqF4R2Zp0TG82Dw=,AL+tcKxBe6gPmYpjBwznHFIolLU=
-39,-29,D9dzkmo1o+XMAqF4R2Zp0TG82Dw=,thY3j9OmES2+7NkrLJhdcKAfrTk=
-39,-32,D9dzkmo1o+XMAqF4R2Zp0TG82Dw=,thY3j9OmES2+7NkrLJhdcKAfrTk=
-40,-20,D9dzkmo1o+XMAqF4R2Zp0TG82Dw=,AL+tcKxBe6gPmYpjBwznHFIolLU=
-44,-32,D9dzkmo1o+XMAqF4R2Zp0TG82Dw=,5lcpFV/dAlZI/KtivNtdAgaYlNI=
-34,-18,D9dzkmo1o+XMAqF4R2Zp0TG82Dw=,AL+tcKxBe6gPmYpjBwznHFIolLU=
-47,-24,D9dzkmo1o+XMAqF4R2Zp0TG82Dw=,gYcUUdKDdksFUXBzLejg42Vu3M4=
-41,-30,D9dzkmo1o+XMAqF4R2Zp0TG82Dw=,5lcpFV/dAlZI/KtivNtdAgaYlNI=
-35,-18,D9dzkmo1o+XMAqF4R2Zp0TG82Dw=,AL+tcKxBe6gPmYpjBwznHFIolLU=
-47,-21,D9dzkmo1o+XMAqF4R2Zp0TG82Dw=,gYcUUdKDdksFUXBzLejg42Vu3M4=
-40,-30,D9dzkmo1o+XMAqF4R2Zp0TG82Dw=,thY3j9OmES2+7NkrLJhdcKAfrTk=
-40,-32,D9dzkmo1o+XMAqF4R2Zp0TG82Dw=,thY3j9OmES2+7NkrLJhdcKAfrTk=
-42,-31,D9dzkmo1o+XMAqF4R2Zp0TG82Dw=,5lcpFV/dAlZI/KtivNtdAgaYlNI=
-45,-32,D9dzkmo1o+XMAqF4R2Zp0TG82Dw=,5lcpFV/dAlZI/KtivNtdAgaYlNI=
-42,-32,D9dzkmo1o+XMAqF4R2Zp0TG82Dw=,5lcpFV/dAlZI/KtivNtdAgaYlNI=
-40,-31,D9dzkmo1o+XMAqF4R2Zp0TG82Dw=,thY3j9OmES2+7NkrLJhdcKAfrTk=
-41,-32,D9dzkmo1o+XMAqF4R2Zp0TG82Dw=,5lcpFV/dAlZI/KtivNtdAgaYlNI=
-41,-31,D9dzkmo1o+XMAqF4R2Zp0TG82Dw=,5lcpFV/dAlZI/KtivNtdAgaYlNI=
-50,-18,/mi3bxgY+6k8QoXNyqF1fi5N9eY=,HZlf5EAbOR7KU++lt1mydESfLWs=
-52,-21,/mi3bxgY+6k8QoXNyqF1fi5N9eY=,HZlf5EAbOR7KU++lt1mydESfLWs=
-51,-18,/mi3bxgY+6k8QoXNyqF1fi5N9eY=,HZlf5EAbOR7KU++lt1mydESfLWs=
-55,-22,/mi3bxgY+6k8QoXNyqF1fi5N9eY=,HZlf5EAbOR7KU++lt1mydESfLWs=
-51,-20,/mi3bxgY+6k8QoXNyqF1fi5N9eY=,HZlf5EAbOR7KU++lt1mydESfLWs=
-56,-22,/mi3bxgY+6k8QoXNyqF1fi5N9eY=,HZlf5EAbOR7KU++lt1mydESfLWs=
-52,-20,/mi3bxgY+6k8QoXNyqF1fi5N9eY=,HZlf5EAbOR7KU++lt1mydESfLWs=
-53,-21,/mi3bxgY+6k8QoXNyqF1fi5N9eY=,HZlf5EAbOR7KU++lt1mydESfLWs=
-53,-20,/mi3bxgY+6k8QoXNyqF1fi5N9eY=,HZlf5EAbOR7KU++lt1mydESfLWs=
-54,-20,/mi3bxgY+6k8QoXNyqF1fi5N9eY=,HZlf5EAbOR7KU++lt1mydESfLWs=
-52,-18,/mi3bxgY+6k8QoXNyqF1fi5N9eY=,HZlf5EAbOR7KU++lt1mydESfLWs=
-54,-21,/mi3bxgY+6k8QoXNyqF1fi5N9eY=,HZlf5EAbOR7KU++lt1mydESfLWs=
-55,-20,/mi3bxgY+6k8QoXNyqF1fi5N9eY=,HZlf5EAbOR7KU++lt1mydESfLWs=
-50,-19,/mi3bxgY+6k8QoXNyqF1fi5N9eY=,HZlf5EAbOR7KU++lt1mydESfLWs=
-55,-21,/mi3bxgY+6k8QoXNyqF1fi5N9eY=,HZlf5EAbOR7KU++lt1mydESfLWs=
-56,-20,/mi3bxgY+6k8QoXNyqF1fi5N9eY=,HZlf5EAbOR7KU++lt1mydESfLWs=
-56,-21,/mi3bxgY+6k8QoXNyqF1fi5N9eY=,HZlf5EAbOR7KU++lt1mydESfLWs=
-51,-19,/mi3bxgY+6k8QoXNyqF1fi5N9eY=,HZlf5EAbOR7KU++lt1mydESfLWs=
-52,-19,/mi3bxgY+6k8QoXNyqF1fi5N9eY=,HZlf5EAbOR7KU++lt1mydESfLWs=
-53,-19,/mi3bxgY+6k8QoXNyqF1fi5N9eY=,HZlf5EAbOR7KU++lt1mydESfLWs=
-54,-19,/mi3bxgY+6k8QoXNyqF1fi5N9eY=,HZlf5EAbOR7KU++lt1mydESfLWs=
-55,-19,/mi3bxgY+6k8QoXNyqF1fi5N9eY=,HZlf5EAbOR7KU++lt1mydESfLWs=
-51,-23,/mi3bxgY+6k8QoXNyqF1fi5N9eY=,HZlf5EAbOR7KU++lt1mydESfLWs=
-52,-23,/mi3bxgY+6k8QoXNyqF1fi5N9eY=,HZlf5EAbOR7KU++lt1mydESfLWs=
-56,-19,/mi3bxgY+6k8QoXNyqF1fi5N9eY=,HZlf5EAbOR7KU++lt1mydESfLWs=
-53,-18,/mi3bxgY+6k8QoXNyqF1fi5N9eY=,HZlf5EAbOR7KU++lt1mydESfLWs=
-53,-23,/mi3bxgY+6k8QoXNyqF1fi5N9eY=,HZlf5EAbOR7KU++lt1mydESfLWs=
-51,-22,/mi3bxgY+6k8QoXNyqF1fi5N9eY=,HZlf5EAbOR7KU++lt1mydESfLWs=
-54,-23,/mi3bxgY+6k8QoXNyqF1fi5N9eY=,HZlf5EAbOR7KU++lt1mydESfLWs=
-55,-23,/mi3bxgY+6k8QoXNyqF1fi5N9eY=,HZlf5EAbOR7KU++lt1mydESfLWs=
-56,-23,/mi3bxgY+6k8QoXNyqF1fi5N9eY=,HZlf5EAbOR7KU++lt1mydESfLWs=
-52,-22,/mi3bxgY+6k8QoXNyqF1fi5N9eY=,HZlf5EAbOR7KU++lt1mydESfLWs=
-54,-18,/mi3bxgY+6k8QoXNyqF1fi5N9eY=,HZlf5EAbOR7KU++lt1mydESfLWs=
-53,-22,/mi3bxgY+6k8QoXNyqF1fi5N9eY=,HZlf5EAbOR7KU++lt1mydESfLWs=
-50,-21,/mi3bxgY+6k8QoXNyqF1fi5N9eY=,HZlf5EAbOR7KU++lt1mydESfLWs=
-54,-22,/mi3bxgY+6k8QoXNyqF1fi5N9eY=,HZlf5EAbOR7KU++lt1mydESfLWs=
-50,-20,/mi3bxgY+6k8QoXNyqF1fi5N9eY=,HZlf5EAbOR7KU++lt1mydESfLWs=
-55,-18,/mi3bxgY+6k8QoXNyqF1fi5N9eY=,HZlf5EAbOR7KU++lt1mydESfLWs=
-56,-18,/mi3bxgY+6k8QoXNyqF1fi5N9eY=,HZlf5EAbOR7KU++lt1mydESfLWs=
-51,-21,/mi3bxgY+6k8QoXNyqF1fi5N9eY=,HZlf5EAbOR7KU++lt1mydESfLWs=
-49,-18,/mi3bxgY+6k8QoXNyqF1fi5N9eY=,HZlf5EAbOR7KU++lt1mydESfLWs=
-49,-20,/mi3bxgY+6k8QoXNyqF1fi5N9eY=,HZlf5EAbOR7KU++lt1mydESfLWs=
-49,-19,/mi3bxgY+6k8QoXNyqF1fi5N9eY=,HZlf5EAbOR7KU++lt1mydESfLWs=
-60,-31,/mi3bxgY+6k8QoXNyqF1fi5N9eY=,N7zssuRerfHYnNshIwtFJYxyaws=
-64,-31,/mi3bxgY+6k8QoXNyqF1fi5N9eY=,N7zssuRerfHYnNshIwtFJYxyaws=
-58,-25,/mi3bxgY+6k8QoXNyqF1fi5N9eY=,N7zssuRerfHYnNshIwtFJYxyaws=
-59,-25,/mi3bxgY+6k8QoXNyqF1fi5N9eY=,N7zssuRerfHYnNshIwtFJYxyaws=
-60,-25,/mi3bxgY+6k8QoXNyqF1fi5N9eY=,N7zssuRerfHYnNshIwtFJYxyaws=
-61,-25,/mi3bxgY+6k8QoXNyqF1fi5N9eY=,N7zssuRerfHYnNshIwtFJYxyaws=
-62,-25,/mi3bxgY+6k8QoXNyqF1fi5N9eY=,N7zssuRerfHYnNshIwtFJYxyaws=
-63,-25,/mi3bxgY+6k8QoXNyqF1fi5N9eY=,N7zssuRerfHYnNshIwtFJYxyaws=
-58,-26,/mi3bxgY+6k8QoXNyqF1fi5N9eY=,N7zssuRerfHYnNshIwtFJYxyaws=
-59,-26,/mi3bxgY+6k8QoXNyqF1fi5N9eY=,N7zssuRerfHYnNshIwtFJYxyaws=
-60,-26,/mi3bxgY+6k8QoXNyqF1fi5N9eY=,N7zssuRerfHYnNshIwtFJYxyaws=
-61,-26,/mi3bxgY+6k8QoXNyqF1fi5N9eY=,N7zssuRerfHYnNshIwtFJYxyaws=
-62,-26,/mi3bxgY+6k8QoXNyqF1fi5N9eY=,N7zssuRerfHYnNshIwtFJYxyaws=
-58,-27,/mi3bxgY+6k8QoXNyqF1fi5N9eY=,N7zssuRerfHYnNshIwtFJYxyaws=
-63,-26,/mi3bxgY+6k8QoXNyqF1fi5N9eY=,N7zssuRerfHYnNshIwtFJYxyaws=
-64,-26,/mi3bxgY+6k8QoXNyqF1fi5N9eY=,N7zssuRerfHYnNshIwtFJYxyaws=
-60,-27,/mi3bxgY+6k8QoXNyqF1fi5N9eY=,N7zssuRerfHYnNshIwtFJYxyaws=
-59,-27,/mi3bxgY+6k8QoXNyqF1fi5N9eY=,N7zssuRerfHYnNshIwtFJYxyaws=
-61,-27,/mi3bxgY+6k8QoXNyqF1fi5N9eY=,N7zssuRerfHYnNshIwtFJYxyaws=
-62,-27,/mi3bxgY+6k8QoXNyqF1fi5N9eY=,N7zssuRerfHYnNshIwtFJYxyaws=
-63,-27,/mi3bxgY+6k8QoXNyqF1fi5N9eY=,N7zssuRerfHYnNshIwtFJYxyaws=
-64,-27,/mi3bxgY+6k8QoXNyqF1fi5N9eY=,N7zssuRerfHYnNshIwtFJYxyaws=
-58,-28,/mi3bxgY+6k8QoXNyqF1fi5N9eY=,N7zssuRerfHYnNshIwtFJYxyaws=
-59,-28,/mi3bxgY+6k8QoXNyqF1fi5N9eY=,N7zssuRerfHYnNshIwtFJYxyaws=
-60,-28,/mi3bxgY+6k8QoXNyqF1fi5N9eY=,N7zssuRerfHYnNshIwtFJYxyaws=
-61,-28,/mi3bxgY+6k8QoXNyqF1fi5N9eY=,N7zssuRerfHYnNshIwtFJYxyaws=
-62,-28,/mi3bxgY+6k8QoXNyqF1fi5N9eY=,N7zssuRerfHYnNshIwtFJYxyaws=
-63,-28,/mi3bxgY+6k8QoXNyqF1fi5N9eY=,N7zssuRerfHYnNshIwtFJYxyaws=
-64,-28,/mi3bxgY+6k8QoXNyqF1fi5N9eY=,N7zssuRerfHYnNshIwtFJYxyaws=
-58,-29,/mi3bxgY+6k8QoXNyqF1fi5N9eY=,N7zssuRerfHYnNshIwtFJYxyaws=
-59,-29,/mi3bxgY+6k8QoXNyqF1fi5N9eY=,N7zssuRerfHYnNshIwtFJYxyaws=
-61,-29,/mi3bxgY+6k8QoXNyqF1fi5N9eY=,N7zssuRerfHYnNshIwtFJYxyaws=
-62,-29,/mi3bxgY+6k8QoXNyqF1fi5N9eY=,N7zssuRerfHYnNshIwtFJYxyaws=
-63,-29,/mi3bxgY+6k8QoXNyqF1fi5N9eY=,N7zssuRerfHYnNshIwtFJYxyaws=
-64,-29,/mi3bxgY+6k8QoXNyqF1fi5N9eY=,N7zssuRerfHYnNshIwtFJYxyaws=
-60,-29,/mi3bxgY+6k8QoXNyqF1fi5N9eY=,N7zssuRerfHYnNshIwtFJYxyaws=
-59,-30,/mi3bxgY+6k8QoXNyqF1fi5N9eY=,N7zssuRerfHYnNshIwtFJYxyaws=
-60,-30,/mi3bxgY+6k8QoXNyqF1fi5N9eY=,N7zssuRerfHYnNshIwtFJYxyaws=
-61,-30,/mi3bxgY+6k8QoXNyqF1fi5N9eY=,N7zssuRerfHYnNshIwtFJYxyaws=
-62,-30,/mi3bxgY+6k8QoXNyqF1fi5N9eY=,N7zssuRerfHYnNshIwtFJYxyaws=
-63,-30,/mi3bxgY+6k8QoXNyqF1fi5N9eY=,N7zssuRerfHYnNshIwtFJYxyaws=
-55,-17,/mi3bxgY+6k8QoXNyqF1fi5N9eY=,HZlf5EAbOR7KU++lt1mydESfLWs=
-54,-17,/mi3bxgY+6k8QoXNyqF1fi5N9eY=,HZlf5EAbOR7KU++lt1mydESfLWs=
-53,-17,/mi3bxgY+6k8QoXNyqF1fi5N9eY=,HZlf5EAbOR7KU++lt1mydESfLWs=
-52,-17,/mi3bxgY+6k8QoXNyqF1fi5N9eY=,HZlf5EAbOR7KU++lt1mydESfLWs=
-51,-17,/mi3bxgY+6k8QoXNyqF1fi5N9eY=,HZlf5EAbOR7KU++lt1mydESfLWs=
-50,-17,/mi3bxgY+6k8QoXNyqF1fi5N9eY=,HZlf5EAbOR7KU++lt1mydESfLWs=
-49,-17,/mi3bxgY+6k8QoXNyqF1fi5N9eY=,HZlf5EAbOR7KU++lt1mydESfLWs=
-64,-25,/mi3bxgY+6k8QoXNyqF1fi5N9eY=,N7zssuRerfHYnNshIwtFJYxyaws=
-56,-17,/mi3bxgY+6k8QoXNyqF1fi5N9eY=,HZlf5EAbOR7KU++lt1mydESfLWs=
-64,-32,/mi3bxgY+6k8QoXNyqF1fi5N9eY=,N7zssuRerfHYnNshIwtFJYxyaws=
-53,-31,/mi3bxgY+6k8QoXNyqF1fi5N9eY=,FEyELJkLt80JwMYt+5CEWqrKqwY=
-53,-24,/mi3bxgY+6k8QoXNyqF1fi5N9eY=,HZlf5EAbOR7KU++lt1mydESfLWs=
-49,-32,/mi3bxgY+6k8QoXNyqF1fi5N9eY=,FEyELJkLt80JwMYt+5CEWqrKqwY=
-50,-32,/mi3bxgY+6k8QoXNyqF1fi5N9eY=,FEyELJkLt80JwMYt+5CEWqrKqwY=
-57,-25,/mi3bxgY+6k8QoXNyqF1fi5N9eY=,N7zssuRerfHYnNshIwtFJYxyaws=
-52,-25,/mi3bxgY+6k8QoXNyqF1fi5N9eY=,FEyELJkLt80JwMYt+5CEWqrKqwY=
-53,-25,/mi3bxgY+6k8QoXNyqF1fi5N9eY=,FEyELJkLt80JwMYt+5CEWqrKqwY=
-54,-25,/mi3bxgY+6k8QoXNyqF1fi5N9eY=,FEyELJkLt80JwMYt+5CEWqrKqwY=
-55,-25,/mi3bxgY+6k8QoXNyqF1fi5N9eY=,FEyELJkLt80JwMYt+5CEWqrKqwY=
-56,-25,/mi3bxgY+6k8QoXNyqF1fi5N9eY=,FEyELJkLt80JwMYt+5CEWqrKqwY=
-53,-26,/mi3bxgY+6k8QoXNyqF1fi5N9eY=,FEyELJkLt80JwMYt+5CEWqrKqwY=
-51,-24,/mi3bxgY+6k8QoXNyqF1fi5N9eY=,HZlf5EAbOR7KU++lt1mydESfLWs=
-54,-26,/mi3bxgY+6k8QoXNyqF1fi5N9eY=,FEyELJkLt80JwMYt+5CEWqrKqwY=
-51,-32,/mi3bxgY+6k8QoXNyqF1fi5N9eY=,FEyELJkLt80JwMYt+5CEWqrKqwY=
-52,-32,/mi3bxgY+6k8QoXNyqF1fi5N9eY=,FEyELJkLt80JwMYt+5CEWqrKqwY=
-54,-24,/mi3bxgY+6k8QoXNyqF1fi5N9eY=,HZlf5EAbOR7KU++lt1mydESfLWs=
-55,-26,/mi3bxgY+6k8QoXNyqF1fi5N9eY=,FEyELJkLt80JwMYt+5CEWqrKqwY=
-56,-26,/mi3bxgY+6k8QoXNyqF1fi5N9eY=,FEyELJkLt80JwMYt+5CEWqrKqwY=
-52,-24,/mi3bxgY+6k8QoXNyqF1fi5N9eY=,HZlf5EAbOR7KU++lt1mydESfLWs=
-55,-24,/mi3bxgY+6k8QoXNyqF1fi5N9eY=,HZlf5EAbOR7KU++lt1mydESfLWs=
-53,-32,/mi3bxgY+6k8QoXNyqF1fi5N9eY=,FEyELJkLt80JwMYt+5CEWqrKqwY=
-54,-32,/mi3bxgY+6k8QoXNyqF1fi5N9eY=,FEyELJkLt80JwMYt+5CEWqrKqwY=
-54,-27,/mi3bxgY+6k8QoXNyqF1fi5N9eY=,FEyELJkLt80JwMYt+5CEWqrKqwY=
-55,-27,/mi3bxgY+6k8QoXNyqF1fi5N9eY=,FEyELJkLt80JwMYt+5CEWqrKqwY=
-56,-27,/mi3bxgY+6k8QoXNyqF1fi5N9eY=,FEyELJkLt80JwMYt+5CEWqrKqwY=
-55,-28,/mi3bxgY+6k8QoXNyqF1fi5N9eY=,FEyELJkLt80JwMYt+5CEWqrKqwY=
-57,-26,/mi3bxgY+6k8QoXNyqF1fi5N9eY=,N7zssuRerfHYnNshIwtFJYxyaws=
-56,-28,/mi3bxgY+6k8QoXNyqF1fi5N9eY=,FEyELJkLt80JwMYt+5CEWqrKqwY=
-57,-27,/mi3bxgY+6k8QoXNyqF1fi5N9eY=,N7zssuRerfHYnNshIwtFJYxyaws=
-55,-29,/mi3bxgY+6k8QoXNyqF1fi5N9eY=,FEyELJkLt80JwMYt+5CEWqrKqwY=
-49,-30,/mi3bxgY+6k8QoXNyqF1fi5N9eY=,FEyELJkLt80JwMYt+5CEWqrKqwY=
-50,-30,/mi3bxgY+6k8QoXNyqF1fi5N9eY=,FEyELJkLt80JwMYt+5CEWqrKqwY=
-57,-28,/mi3bxgY+6k8QoXNyqF1fi5N9eY=,N7zssuRerfHYnNshIwtFJYxyaws=
-56,-24,/mi3bxgY+6k8QoXNyqF1fi5N9eY=,HZlf5EAbOR7KU++lt1mydESfLWs=
-49,-31,/mi3bxgY+6k8QoXNyqF1fi5N9eY=,FEyELJkLt80JwMYt+5CEWqrKqwY=
-50,-31,/mi3bxgY+6k8QoXNyqF1fi5N9eY=,FEyELJkLt80JwMYt+5CEWqrKqwY=
-49,-21,/mi3bxgY+6k8QoXNyqF1fi5N9eY=,HZlf5EAbOR7KU++lt1mydESfLWs=
-50,-22,/mi3bxgY+6k8QoXNyqF1fi5N9eY=,HZlf5EAbOR7KU++lt1mydESfLWs=
-64,-30,/mi3bxgY+6k8QoXNyqF1fi5N9eY=,N7zssuRerfHYnNshIwtFJYxyaws=
-55,-31,/mi3bxgY+6k8QoXNyqF1fi5N9eY=,FEyELJkLt80JwMYt+5CEWqrKqwY=
-54,-31,BT+qJ+6UuSDs8IzIv/PZM5XCggs=,FEyELJkLt80JwMYt+5CEWqrKqwY=
-62,-31,BT+qJ+6UuSDs8IzIv/PZM5XCggs=,N7zssuRerfHYnNshIwtFJYxyaws=
-63,-32,BT+qJ+6UuSDs8IzIv/PZM5XCggs=,N7zssuRerfHYnNshIwtFJYxyaws=
-63,-31,BT+qJ+6UuSDs8IzIv/PZM5XCggs=,N7zssuRerfHYnNshIwtFJYxyaws=
-51,-25,BT+qJ+6UuSDs8IzIv/PZM5XCggs=,FEyELJkLt80JwMYt+5CEWqrKqwY=
-60,-32,BT+qJ+6UuSDs8IzIv/PZM5XCggs=,N7zssuRerfHYnNshIwtFJYxyaws=
-62,-32,BT+qJ+6UuSDs8IzIv/PZM5XCggs=,N7zssuRerfHYnNshIwtFJYxyaws=
-61,-31,BT+qJ+6UuSDs8IzIv/PZM5XCggs=,N7zssuRerfHYnNshIwtFJYxyaws=
-59,-31,BT+qJ+6UuSDs8IzIv/PZM5XCggs=,N7zssuRerfHYnNshIwtFJYxyaws=
-51,-26,BT+qJ+6UuSDs8IzIv/PZM5XCggs=,FEyELJkLt80JwMYt+5CEWqrKqwY=
-52,-26,BT+qJ+6UuSDs8IzIv/PZM5XCggs=,FEyELJkLt80JwMYt+5CEWqrKqwY=
-50,-24,BT+qJ+6UuSDs8IzIv/PZM5XCggs=,HZlf5EAbOR7KU++lt1mydESfLWs=
-58,-30,BT+qJ+6UuSDs8IzIv/PZM5XCggs=,N7zssuRerfHYnNshIwtFJYxyaws=
-49,-22,BT+qJ+6UuSDs8IzIv/PZM5XCggs=,HZlf5EAbOR7KU++lt1mydESfLWs=
-53,-27,BT+qJ+6UuSDs8IzIv/PZM5XCggs=,FEyELJkLt80JwMYt+5CEWqrKqwY=
-58,-32,BT+qJ+6UuSDs8IzIv/PZM5XCggs=,N7zssuRerfHYnNshIwtFJYxyaws=
-50,-25,BT+qJ+6UuSDs8IzIv/PZM5XCggs=,FEyELJkLt80JwMYt+5CEWqrKqwY=
-50,-26,BT+qJ+6UuSDs8IzIv/PZM5XCggs=,FEyELJkLt80JwMYt+5CEWqrKqwY=
-50,-23,BT+qJ+6UuSDs8IzIv/PZM5XCggs=,HZlf5EAbOR7KU++lt1mydESfLWs=
-61,-32,BT+qJ+6UuSDs8IzIv/PZM5XCggs=,N7zssuRerfHYnNshIwtFJYxyaws=
-49,-28,BT+qJ+6UuSDs8IzIv/PZM5XCggs=,FEyELJkLt80JwMYt+5CEWqrKqwY=
-52,-28,BT+qJ+6UuSDs8IzIv/PZM5XCggs=,FEyELJkLt80JwMYt+5CEWqrKqwY=
-53,-28,BT+qJ+6UuSDs8IzIv/PZM5XCggs=,FEyELJkLt80JwMYt+5CEWqrKqwY=
-54,-28,BT+qJ+6UuSDs8IzIv/PZM5XCggs=,FEyELJkLt80JwMYt+5CEWqrKqwY=
-49,-29,BT+qJ+6UuSDs8IzIv/PZM5XCggs=,FEyELJkLt80JwMYt+5CEWqrKqwY=
-59,-32,BT+qJ+6UuSDs8IzIv/PZM5XCggs=,N7zssuRerfHYnNshIwtFJYxyaws=
-50,-27,BT+qJ+6UuSDs8IzIv/PZM5XCggs=,FEyELJkLt80JwMYt+5CEWqrKqwY=
-57,-31,BT+qJ+6UuSDs8IzIv/PZM5XCggs=,N7zssuRerfHYnNshIwtFJYxyaws=
-53,-29,BT+qJ+6UuSDs8IzIv/PZM5XCggs=,FEyELJkLt80JwMYt+5CEWqrKqwY=
-52,-29,BT+qJ+6UuSDs8IzIv/PZM5XCggs=,FEyELJkLt80JwMYt+5CEWqrKqwY=
-54,-29,BT+qJ+6UuSDs8IzIv/PZM5XCggs=,FEyELJkLt80JwMYt+5CEWqrKqwY=
-55,-32,BT+qJ+6UuSDs8IzIv/PZM5XCggs=,FEyELJkLt80JwMYt+5CEWqrKqwY=
-57,-32,BT+qJ+6UuSDs8IzIv/PZM5XCggs=,N7zssuRerfHYnNshIwtFJYxyaws=
-49,-23,BT+qJ+6UuSDs8IzIv/PZM5XCggs=,HZlf5EAbOR7KU++lt1mydESfLWs=
-52,-30,BT+qJ+6UuSDs8IzIv/PZM5XCggs=,FEyELJkLt80JwMYt+5CEWqrKqwY=
-52,-27,BT+qJ+6UuSDs8IzIv/PZM5XCggs=,FEyELJkLt80JwMYt+5CEWqrKqwY=
-56,-29,BT+qJ+6UuSDs8IzIv/PZM5XCggs=,FEyELJkLt80JwMYt+5CEWqrKqwY=
-51,-29,BT+qJ+6UuSDs8IzIv/PZM5XCggs=,FEyELJkLt80JwMYt+5CEWqrKqwY=
-51,-30,BT+qJ+6UuSDs8IzIv/PZM5XCggs=,FEyELJkLt80JwMYt+5CEWqrKqwY=
-49,-25,BT+qJ+6UuSDs8IzIv/PZM5XCggs=,FEyELJkLt80JwMYt+5CEWqrKqwY=
-54,-30,BT+qJ+6UuSDs8IzIv/PZM5XCggs=,FEyELJkLt80JwMYt+5CEWqrKqwY=
-51,-31,BT+qJ+6UuSDs8IzIv/PZM5XCggs=,FEyELJkLt80JwMYt+5CEWqrKqwY=
-57,-29,BT+qJ+6UuSDs8IzIv/PZM5XCggs=,N7zssuRerfHYnNshIwtFJYxyaws=
-53,-30,BT+qJ+6UuSDs8IzIv/PZM5XCggs=,FEyELJkLt80JwMYt+5CEWqrKqwY=
-55,-30,BT+qJ+6UuSDs8IzIv/PZM5XCggs=,FEyELJkLt80JwMYt+5CEWqrKqwY=
-49,-24,BT+qJ+6UuSDs8IzIv/PZM5XCggs=,HZlf5EAbOR7KU++lt1mydESfLWs=
-52,-31,BT+qJ+6UuSDs8IzIv/PZM5XCggs=,FEyELJkLt80JwMYt+5CEWqrKqwY=
-50,-29,BT+qJ+6UuSDs8IzIv/PZM5XCggs=,FEyELJkLt80JwMYt+5CEWqrKqwY=
-56,-31,BT+qJ+6UuSDs8IzIv/PZM5XCggs=,FEyELJkLt80JwMYt+5CEWqrKqwY=
-51,-27,BT+qJ+6UuSDs8IzIv/PZM5XCggs=,FEyELJkLt80JwMYt+5CEWqrKqwY=
-49,-27,BT+qJ+6UuSDs8IzIv/PZM5XCggs=,FEyELJkLt80JwMYt+5CEWqrKqwY=
-49,-26,BT+qJ+6UuSDs8IzIv/PZM5XCggs=,FEyELJkLt80JwMYt+5CEWqrKqwY=
-51,-28,BT+qJ+6UuSDs8IzIv/PZM5XCggs=,FEyELJkLt80JwMYt+5CEWqrKqwY=
-50,-28,BT+qJ+6UuSDs8IzIv/PZM5XCggs=,FEyELJkLt80JwMYt+5CEWqrKqwY=
-58,-31,BT+qJ+6UuSDs8IzIv/PZM5XCggs=,N7zssuRerfHYnNshIwtFJYxyaws=
-56,-30,BT+qJ+6UuSDs8IzIv/PZM5XCggs=,FEyELJkLt80JwMYt+5CEWqrKqwY=
-57,-30,BT+qJ+6UuSDs8IzIv/PZM5XCggs=,N7zssuRerfHYnNshIwtFJYxyaws=
-56,-32,BT+qJ+6UuSDs8IzIv/PZM5XCggs=,FEyELJkLt80JwMYt+5CEWqrKqwY=
