28,-8,xW2THJGEFAIZxakdA3ibg/lP9Ho=,ql8yg+ibyBwDjRDSp6Uj4MUL+sU=
29,-8,xW2THJGEFAIZxakdA3ibg/lP9Ho=,ql8yg+ibyBwDjRDSp6Uj4MUL+sU=
27,-8,xW2THJGEFAIZxakdA3ibg/lP9Ho=,ql8yg+ibyBwDjRDSp6Uj4MUL+sU=
30,-2,xW2THJGEFAIZxakdA3ibg/lP9Ho=,ql8yg+ibyBwDjRDSp6Uj4MUL+sU=
29,-2,xW2THJGEFAIZxakdA3ibg/lP9Ho=,ql8yg+ibyBwDjRDSp6Uj4MUL+sU=
28,-2,xW2THJGEFAIZxakdA3ibg/lP9Ho=,ql8yg+ibyBwDjRDSp6Uj4MUL+sU=
26,-8,xW2THJGEFAIZxakdA3ibg/lP9Ho=,ql8yg+ibyBwDjRDSp6Uj4MUL+sU=
27,-2,xW2THJGEFAIZxakdA3ibg/lP9Ho=,ql8yg+ibyBwDjRDSp6Uj4MUL+sU=
25,-8,xW2THJGEFAIZxakdA3ibg/lP9Ho=,ql8yg+ibyBwDjRDSp6Uj4MUL+sU=
30,-3,xW2THJGEFAIZxakdA3ibg/lP9Ho=,ql8yg+ibyBwDjRDSp6Uj4MUL+sU=
29,-3,xW2THJGEFAIZxakdA3ibg/lP9Ho=,ql8yg+ibyBwDjRDSp6Uj4MUL+sU=
28,-3,xW2THJGEFAIZxakdA3ibg/lP9Ho=,ql8yg+ibyBwDjRDSp6Uj4MUL+sU=
27,-3,xW2THJGEFAIZxakdA3ibg/lP9Ho=,ql8yg+ibyBwDjRDSp6Uj4MUL+sU=
26,-3,xW2THJGEFAIZxakdA3ibg/lP9Ho=,ql8yg+ibyBwDjRDSp6Uj4MUL+sU=
25,-3,xW2THJGEFAIZxakdA3ibg/lP9Ho=,ql8yg+ibyBwDjRDSp6Uj4MUL+sU=
30,-4,xW2THJGEFAIZxakdA3ibg/lP9Ho=,ql8yg+ibyBwDjRDSp6Uj4MUL+sU=
29,-4,xW2THJGEFAIZxakdA3ibg/lP9Ho=,ql8yg+ibyBwDjRDSp6Uj4MUL+sU=
28,-4,xW2THJGEFAIZxakdA3ibg/lP9Ho=,ql8yg+ibyBwDjRDSp6Uj4MUL+sU=
27,-4,xW2THJGEFAIZxakdA3ibg/lP9Ho=,ql8yg+ibyBwDjRDSp6Uj4MUL+sU=
26,-4,xW2THJGEFAIZxakdA3ibg/lP9Ho=,ql8yg+ibyBwDjRDSp6Uj4MUL+sU=
25,-4,xW2THJGEFAIZxakdA3ibg/lP9Ho=,ql8yg+ibyBwDjRDSp6Uj4MUL+sU=
30,-5,xW2THJGEFAIZxakdA3ibg/lP9Ho=,ql8yg+ibyBwDjRDSp6Uj4MUL+sU=
29,-5,xW2THJGEFAIZxakdA3ibg/lP9Ho=,ql8yg+ibyBwDjRDSp6Uj4MUL+sU=
28,-5,xW2THJGEFAIZxakdA3ibg/lP9Ho=,ql8yg+ibyBwDjRDSp6Uj4MUL+sU=
27,-5,xW2THJGEFAIZxakdA3ibg/lP9Ho=,ql8yg+ibyBwDjRDSp6Uj4MUL+sU=
26,-5,xW2THJGEFAIZxakdA3ibg/lP9Ho=,ql8yg+ibyBwDjRDSp6Uj4MUL+sU=
25,-5,xW2THJGEFAIZxakdA3ibg/lP9Ho=,ql8yg+ibyBwDjRDSp6Uj4MUL+sU=
30,-6,xW2THJGEFAIZxakdA3ibg/lP9Ho=,ql8yg+ibyBwDjRDSp6Uj4MUL+sU=
29,-6,xW2THJGEFAIZxakdA3ibg/lP9Ho=,ql8yg+ibyBwDjRDSp6Uj4MUL+sU=
28,-6,xW2THJGEFAIZxakdA3ibg/lP9Ho=,ql8yg+ibyBwDjRDSp6Uj4MUL+sU=
27,-6,xW2THJGEFAIZxakdA3ibg/lP9Ho=,ql8yg+ibyBwDjRDSp6Uj4MUL+sU=
26,-6,xW2THJGEFAIZxakdA3ibg/lP9Ho=,ql8yg+ibyBwDjRDSp6Uj4MUL+sU=
25,-6,xW2THJGEFAIZxakdA3ibg/lP9Ho=,ql8yg+ibyBwDjRDSp6Uj4MUL+sU=
30,-7,xW2THJGEFAIZxakdA3ibg/lP9Ho=,ql8yg+ibyBwDjRDSp6Uj4MUL+sU=
29,-7,xW2THJGEFAIZxakdA3ibg/lP9Ho=,ql8yg+ibyBwDjRDSp6Uj4MUL+sU=
28,-7,xW2THJGEFAIZxakdA3ibg/lP9Ho=,ql8yg+ibyBwDjRDSp6Uj4MUL+sU=
27,-7,xW2THJGEFAIZxakdA3ibg/lP9Ho=,ql8yg+ibyBwDjRDSp6Uj4MUL+sU=
26,-7,xW2THJGEFAIZxakdA3ibg/lP9Ho=,ql8yg+ibyBwDjRDSp6Uj4MUL+sU=
25,-7,xW2THJGEFAIZxakdA3ibg/lP9Ho=,ql8yg+ibyBwDjRDSp6Uj4MUL+sU=
30,-1,xW2THJGEFAIZxakdA3ibg/lP9Ho=,ql8yg+ibyBwDjRDSp6Uj4MUL+sU=
29,-1,xW2THJGEFAIZxakdA3ibg/lP9Ho=,ql8yg+ibyBwDjRDSp6Uj4MUL+sU=
28,-1,xW2THJGEFAIZxakdA3ibg/lP9Ho=,ql8yg+ibyBwDjRDSp6Uj4MUL+sU=
30,-8,xW2THJGEFAIZxakdA3ibg/lP9Ho=,ql8yg+ibyBwDjRDSp6Uj4MUL+sU=
31,-1,kKRNTyjGhf1Ki3u0Ika3hqrxoGg=,ql8yg+ibyBwDjRDSp6Uj4MUL+sU=
31,-2,kKRNTyjGhf1Ki3u0Ika3hqrxoGg=,ql8yg+ibyBwDjRDSp6Uj4MUL+sU=
31,-3,kKRNTyjGhf1Ki3u0Ika3hqrxoGg=,ql8yg+ibyBwDjRDSp6Uj4MUL+sU=
31,-4,kKRNTyjGhf1Ki3u0Ika3hqrxoGg=,ql8yg+ibyBwDjRDSp6Uj4MUL+sU=
31,-5,kKRNTyjGhf1Ki3u0Ika3hqrxoGg=,ql8yg+ibyBwDjRDSp6Uj4MUL+sU=
31,-6,kKRNTyjGhf1Ki3u0Ika3hqrxoGg=,ql8yg+ibyBwDjRDSp6Uj4MUL+sU=
31,-7,kKRNTyjGhf1Ki3u0Ika3hqrxoGg=,ql8yg+ibyBwDjRDSp6Uj4MUL+sU=
31,-8,kKRNTyjGhf1Ki3u0Ika3hqrxoGg=,ql8yg+ibyBwDjRDSp6Uj4MUL+sU=
16,-16,kKRNTyjGhf1Ki3u0Ika3hqrxoGg=,u1Su47hyrGG0r8Q4dL/ogAhFIMw=
23,-12,kKRNTyjGhf1Ki3u0Ika3hqrxoGg=,u1Su47hyrGG0r8Q4dL/ogAhFIMw=
23,-16,kKRNTyjGhf1Ki3u0Ika3hqrxoGg=,u1Su47hyrGG0r8Q4dL/ogAhFIMw=
23,-13,kKRNTyjGhf1Ki3u0Ika3hqrxoGg=,u1Su47hyrGG0r8Q4dL/ogAhFIMw=
22,-13,kKRNTyjGhf1Ki3u0Ika3hqrxoGg=,u1Su47hyrGG0r8Q4dL/ogAhFIMw=
23,-14,kKRNTyjGhf1Ki3u0Ika3hqrxoGg=,u1Su47hyrGG0r8Q4dL/ogAhFIMw=
16,-15,kKRNTyjGhf1Ki3u0Ika3hqrxoGg=,u1Su47hyrGG0r8Q4dL/ogAhFIMw=
22,-14,kKRNTyjGhf1Ki3u0Ika3hqrxoGg=,u1Su47hyrGG0r8Q4dL/ogAhFIMw=
23,-15,kKRNTyjGhf1Ki3u0Ika3hqrxoGg=,u1Su47hyrGG0r8Q4dL/ogAhFIMw=
22,-15,kKRNTyjGhf1Ki3u0Ika3hqrxoGg=,u1Su47hyrGG0r8Q4dL/ogAhFIMw=
16,-12,kKRNTyjGhf1Ki3u0Ika3hqrxoGg=,u1Su47hyrGG0r8Q4dL/ogAhFIMw=
18,-16,kKRNTyjGhf1Ki3u0Ika3hqrxoGg=,u1Su47hyrGG0r8Q4dL/ogAhFIMw=
22,-16,kKRNTyjGhf1Ki3u0Ika3hqrxoGg=,u1Su47hyrGG0r8Q4dL/ogAhFIMw=
17,-15,kKRNTyjGhf1Ki3u0Ika3hqrxoGg=,u1Su47hyrGG0r8Q4dL/ogAhFIMw=
17,-12,kKRNTyjGhf1Ki3u0Ika3hqrxoGg=,u1Su47hyrGG0r8Q4dL/ogAhFIMw=
18,-15,kKRNTyjGhf1Ki3u0Ika3hqrxoGg=,u1Su47hyrGG0r8Q4dL/ogAhFIMw=
18,-14,kKRNTyjGhf1Ki3u0Ika3hqrxoGg=,u1Su47hyrGG0r8Q4dL/ogAhFIMw=
17,-13,kKRNTyjGhf1Ki3u0Ika3hqrxoGg=,u1Su47hyrGG0r8Q4dL/ogAhFIMw=
17,-14,kKRNTyjGhf1Ki3u0Ika3hqrxoGg=,u1Su47hyrGG0r8Q4dL/ogAhFIMw=
17,-16,kKRNTyjGhf1Ki3u0Ika3hqrxoGg=,u1Su47hyrGG0r8Q4dL/ogAhFIMw=
16,-13,kKRNTyjGhf1Ki3u0Ika3hqrxoGg=,u1Su47hyrGG0r8Q4dL/ogAhFIMw=
16,-14,kKRNTyjGhf1Ki3u0Ika3hqrxoGg=,u1Su47hyrGG0r8Q4dL/ogAhFIMw=
18,-13,kKRNTyjGhf1Ki3u0Ika3hqrxoGg=,u1Su47hyrGG0r8Q4dL/ogAhFIMw=
21,-16,kKRNTyjGhf1Ki3u0Ika3hqrxoGg=,u1Su47hyrGG0r8Q4dL/ogAhFIMw=
21,-15,kKRNTyjGhf1Ki3u0Ika3hqrxoGg=,u1Su47hyrGG0r8Q4dL/ogAhFIMw=
21,-14,kKRNTyjGhf1Ki3u0Ika3hqrxoGg=,u1Su47hyrGG0r8Q4dL/ogAhFIMw=
19,-14,kKRNTyjGhf1Ki3u0Ika3hqrxoGg=,u1Su47hyrGG0r8Q4dL/ogAhFIMw=
21,-13,kKRNTyjGhf1Ki3u0Ika3hqrxoGg=,u1Su47hyrGG0r8Q4dL/ogAhFIMw=
19,-13,kKRNTyjGhf1Ki3u0Ika3hqrxoGg=,u1Su47hyrGG0r8Q4dL/ogAhFIMw=
20,-14,kKRNTyjGhf1Ki3u0Ika3hqrxoGg=,u1Su47hyrGG0r8Q4dL/ogAhFIMw=
20,-16,kKRNTyjGhf1Ki3u0Ika3hqrxoGg=,u1Su47hyrGG0r8Q4dL/ogAhFIMw=
20,-15,kKRNTyjGhf1Ki3u0Ika3hqrxoGg=,u1Su47hyrGG0r8Q4dL/ogAhFIMw=
19,-16,kKRNTyjGhf1Ki3u0Ika3hqrxoGg=,u1Su47hyrGG0r8Q4dL/ogAhFIMw=
24,-7,kKRNTyjGhf1Ki3u0Ika3hqrxoGg=,ql8yg+ibyBwDjRDSp6Uj4MUL+sU=
23,-7,kKRNTyjGhf1Ki3u0Ika3hqrxoGg=,ps0LbwR0FLuSeWlidAnATdoQ/VA=
22,-7,kKRNTyjGhf1Ki3u0Ika3hqrxoGg=,ps0LbwR0FLuSeWlidAnATdoQ/VA=
24,-8,kKRNTyjGhf1Ki3u0Ika3hqrxoGg=,ql8yg+ibyBwDjRDSp6Uj4MUL+sU=
24,-3,kKRNTyjGhf1Ki3u0Ika3hqrxoGg=,ql8yg+ibyBwDjRDSp6Uj4MUL+sU=
20,-13,kKRNTyjGhf1Ki3u0Ika3hqrxoGg=,u1Su47hyrGG0r8Q4dL/ogAhFIMw=
22,-6,kKRNTyjGhf1Ki3u0Ika3hqrxoGg=,ps0LbwR0FLuSeWlidAnATdoQ/VA=
23,-6,kKRNTyjGhf1Ki3u0Ika3hqrxoGg=,ps0LbwR0FLuSeWlidAnATdoQ/VA=
23,-3,kKRNTyjGhf1Ki3u0Ika3hqrxoGg=,ps0LbwR0FLuSeWlidAnATdoQ/VA=
19,-15,kKRNTyjGhf1Ki3u0Ika3hqrxoGg=,u1Su47hyrGG0r8Q4dL/ogAhFIMw=
16,-2,kKRNTyjGhf1Ki3u0Ika3hqrxoGg=,ps0LbwR0FLuSeWlidAnATdoQ/VA=
24,-4,kKRNTyjGhf1Ki3u0Ika3hqrxoGg=,ql8yg+ibyBwDjRDSp6Uj4MUL+sU=
22,-3,kKRNTyjGhf1Ki3u0Ika3hqrxoGg=,ps0LbwR0FLuSeWlidAnATdoQ/VA=
26,-2,kKRNTyjGhf1Ki3u0Ika3hqrxoGg=,ql8yg+ibyBwDjRDSp6Uj4MUL+sU=
16,-5,fOqYmsisFyZEXKEMQ7B01t4icgs=,ps0LbwR0FLuSeWlidAnATdoQ/VA=
21,-3,k8w6AnWHVblSKiB1GIDBBWU+qz8=,ps0LbwR0FLuSeWlidAnATdoQ/VA=
27,-1,kKRNTyjGhf1Ki3u0Ika3hqrxoGg=,ql8yg+ibyBwDjRDSp6Uj4MUL+sU=
17,-2,k8w6AnWHVblSKiB1GIDBBWU+qz8=,ps0LbwR0FLuSeWlidAnATdoQ/VA=
16,-11,kKRNTyjGhf1Ki3u0Ika3hqrxoGg=,u1Su47hyrGG0r8Q4dL/ogAhFIMw=
20,-9,k8w6AnWHVblSKiB1GIDBBWU+qz8=,u1Su47hyrGG0r8Q4dL/ogAhFIMw=
19,-9,k8w6AnWHVblSKiB1GIDBBWU+qz8=,u1Su47hyrGG0r8Q4dL/ogAhFIMw=
20,-3,k8w6AnWHVblSKiB1GIDBBWU+qz8=,ps0LbwR0FLuSeWlidAnATdoQ/VA=
17,-5,fOqYmsisFyZEXKEMQ7B01t4icgs=,ps0LbwR0FLuSeWlidAnATdoQ/VA=
20,-12,kKRNTyjGhf1Ki3u0Ika3hqrxoGg=,u1Su47hyrGG0r8Q4dL/ogAhFIMw=
26,-1,kKRNTyjGhf1Ki3u0Ika3hqrxoGg=,ql8yg+ibyBwDjRDSp6Uj4MUL+sU=
18,-12,k8w6AnWHVblSKiB1GIDBBWU+qz8=,u1Su47hyrGG0r8Q4dL/ogAhFIMw=
21,-9,k8w6AnWHVblSKiB1GIDBBWU+qz8=,u1Su47hyrGG0r8Q4dL/ogAhFIMw=
19,-12,k8w6AnWHVblSKiB1GIDBBWU+qz8=,u1Su47hyrGG0r8Q4dL/ogAhFIMw=
16,-6,fOqYmsisFyZEXKEMQ7B01t4icgs=,ps0LbwR0FLuSeWlidAnATdoQ/VA=
18,-5,fOqYmsisFyZEXKEMQ7B01t4icgs=,ps0LbwR0FLuSeWlidAnATdoQ/VA=
18,-9,k8w6AnWHVblSKiB1GIDBBWU+qz8=,u1Su47hyrGG0r8Q4dL/ogAhFIMw=
17,-3,k8w6AnWHVblSKiB1GIDBBWU+qz8=,ps0LbwR0FLuSeWlidAnATdoQ/VA=
16,-3,fOqYmsisFyZEXKEMQ7B01t4icgs=,ps0LbwR0FLuSeWlidAnATdoQ/VA=
21,-10,k8w6AnWHVblSKiB1GIDBBWU+qz8=,u1Su47hyrGG0r8Q4dL/ogAhFIMw=
22,-12,k8w6AnWHVblSKiB1GIDBBWU+qz8=,u1Su47hyrGG0r8Q4dL/ogAhFIMw=
20,-10,k8w6AnWHVblSKiB1GIDBBWU+qz8=,u1Su47hyrGG0r8Q4dL/ogAhFIMw=
18,-2,fOqYmsisFyZEXKEMQ7B01t4icgs=,ps0LbwR0FLuSeWlidAnATdoQ/VA=
21,-11,fOqYmsisFyZEXKEMQ7B01t4icgs=,u1Su47hyrGG0r8Q4dL/ogAhFIMw=
20,-11,fOqYmsisFyZEXKEMQ7B01t4icgs=,u1Su47hyrGG0r8Q4dL/ogAhFIMw=
23,-4,k8w6AnWHVblSKiB1GIDBBWU+qz8=,ps0LbwR0FLuSeWlidAnATdoQ/VA=
22,-4,k8w6AnWHVblSKiB1GIDBBWU+qz8=,ps0LbwR0FLuSeWlidAnATdoQ/VA=
25,-2,k8w6AnWHVblSKiB1GIDBBWU+qz8=,ql8yg+ibyBwDjRDSp6Uj4MUL+sU=
18,-6,fOqYmsisFyZEXKEMQ7B01t4icgs=,ps0LbwR0FLuSeWlidAnATdoQ/VA=
21,-4,k8w6AnWHVblSKiB1GIDBBWU+qz8=,ps0LbwR0FLuSeWlidAnATdoQ/VA=
24,-5,k8w6AnWHVblSKiB1GIDBBWU+qz8=,ql8yg+ibyBwDjRDSp6Uj4MUL+sU=
17,-6,fOqYmsisFyZEXKEMQ7B01t4icgs=,ps0LbwR0FLuSeWlidAnATdoQ/VA=
23,-10,fOqYmsisFyZEXKEMQ7B01t4icgs=,u1Su47hyrGG0r8Q4dL/ogAhFIMw=
19,-10,fOqYmsisFyZEXKEMQ7B01t4icgs=,u1Su47hyrGG0r8Q4dL/ogAhFIMw=
19,-5,fOqYmsisFyZEXKEMQ7B01t4icgs=,ps0LbwR0FLuSeWlidAnATdoQ/VA=
21,-12,k8w6AnWHVblSKiB1GIDBBWU+qz8=,u1Su47hyrGG0r8Q4dL/ogAhFIMw=
21,-7,fOqYmsisFyZEXKEMQ7B01t4icgs=,ps0LbwR0FLuSeWlidAnATdoQ/VA=
23,-11,k8w6AnWHVblSKiB1GIDBBWU+qz8=,u1Su47hyrGG0r8Q4dL/ogAhFIMw=
25,-1,k8w6AnWHVblSKiB1GIDBBWU+qz8=,ql8yg+ibyBwDjRDSp6Uj4MUL+sU=
19,-6,fOqYmsisFyZEXKEMQ7B01t4icgs=,ps0LbwR0FLuSeWlidAnATdoQ/VA=
23,-8,fOqYmsisFyZEXKEMQ7B01t4icgs=,ps0LbwR0FLuSeWlidAnATdoQ/VA=
20,-6,fOqYmsisFyZEXKEMQ7B01t4icgs=,ps0LbwR0FLuSeWlidAnATdoQ/VA=
17,-11,fOqYmsisFyZEXKEMQ7B01t4icgs=,u1Su47hyrGG0r8Q4dL/ogAhFIMw=
19,-3,fOqYmsisFyZEXKEMQ7B01t4icgs=,ps0LbwR0FLuSeWlidAnATdoQ/VA=
17,-7,fOqYmsisFyZEXKEMQ7B01t4icgs=,ps0LbwR0FLuSeWlidAnATdoQ/VA=
20,-4,k8w6AnWHVblSKiB1GIDBBWU+qz8=,ps0LbwR0FLuSeWlidAnATdoQ/VA=
23,-5,kKRNTyjGhf1Ki3u0Ika3hqrxoGg=,ps0LbwR0FLuSeWlidAnATdoQ/VA=
19,-11,fOqYmsisFyZEXKEMQ7B01t4icgs=,u1Su47hyrGG0r8Q4dL/ogAhFIMw=
16,-4,kKRNTyjGhf1Ki3u0Ika3hqrxoGg=,ps0LbwR0FLuSeWlidAnATdoQ/VA=
20,-5,fOqYmsisFyZEXKEMQ7B01t4icgs=,ps0LbwR0FLuSeWlidAnATdoQ/VA=
17,-9,fOqYmsisFyZEXKEMQ7B01t4icgs=,u1Su47hyrGG0r8Q4dL/ogAhFIMw=
18,-3,fOqYmsisFyZEXKEMQ7B01t4icgs=,ps0LbwR0FLuSeWlidAnATdoQ/VA=
22,-8,fOqYmsisFyZEXKEMQ7B01t4icgs=,ps0LbwR0FLuSeWlidAnATdoQ/VA=
20,-7,fOqYmsisFyZEXKEMQ7B01t4icgs=,ps0LbwR0FLuSeWlidAnATdoQ/VA=
17,-4,k8w6AnWHVblSKiB1GIDBBWU+qz8=,ps0LbwR0FLuSeWlidAnATdoQ/VA=
18,-10,fOqYmsisFyZEXKEMQ7B01t4icgs=,u1Su47hyrGG0r8Q4dL/ogAhFIMw=
18,-4,k8w6AnWHVblSKiB1GIDBBWU+qz8=,ps0LbwR0FLuSeWlidAnATdoQ/VA=
22,-10,k8w6AnWHVblSKiB1GIDBBWU+qz8=,u1Su47hyrGG0r8Q4dL/ogAhFIMw=
16,-7,fOqYmsisFyZEXKEMQ7B01t4icgs=,ps0LbwR0FLuSeWlidAnATdoQ/VA=
16,-9,fOqYmsisFyZEXKEMQ7B01t4icgs=,u1Su47hyrGG0r8Q4dL/ogAhFIMw=
21,-6,fOqYmsisFyZEXKEMQ7B01t4icgs=,ps0LbwR0FLuSeWlidAnATdoQ/VA=
19,-7,fOqYmsisFyZEXKEMQ7B01t4icgs=,ps0LbwR0FLuSeWlidAnATdoQ/VA=
24,-6,k8w6AnWHVblSKiB1GIDBBWU+qz8=,ql8yg+ibyBwDjRDSp6Uj4MUL+sU=
16,-10,fOqYmsisFyZEXKEMQ7B01t4icgs=,u1Su47hyrGG0r8Q4dL/ogAhFIMw=
22,-5,kKRNTyjGhf1Ki3u0Ika3hqrxoGg=,ps0LbwR0FLuSeWlidAnATdoQ/VA=
18,-7,fOqYmsisFyZEXKEMQ7B01t4icgs=,ps0LbwR0FLuSeWlidAnATdoQ/VA=
22,-11,fOqYmsisFyZEXKEMQ7B01t4icgs=,u1Su47hyrGG0r8Q4dL/ogAhFIMw=
21,-5,fOqYmsisFyZEXKEMQ7B01t4icgs=,ps0LbwR0FLuSeWlidAnATdoQ/VA=
18,-11,fOqYmsisFyZEXKEMQ7B01t4icgs=,u1Su47hyrGG0r8Q4dL/ogAhFIMw=
17,-10,fOqYmsisFyZEXKEMQ7B01t4icgs=,u1Su47hyrGG0r8Q4dL/ogAhFIMw=
16,-1,fOqYmsisFyZEXKEMQ7B01t4icgs=,ps0LbwR0FLuSeWlidAnATdoQ/VA=
19,-2,fOqYmsisFyZEXKEMQ7B01t4icgs=,ps0LbwR0FLuSeWlidAnATdoQ/VA=
19,-4,fOqYmsisFyZEXKEMQ7B01t4icgs=,ps0LbwR0FLuSeWlidAnATdoQ/VA=
20,-1,fOqYmsisFyZEXKEMQ7B01t4icgs=,ps0LbwR0FLuSeWlidAnATdoQ/VA=
17,-1,fOqYmsisFyZEXKEMQ7B01t4icgs=,ps0LbwR0FLuSeWlidAnATdoQ/VA=
21,-8,fOqYmsisFyZEXKEMQ7B01t4icgs=,ps0LbwR0FLuSeWlidAnATdoQ/VA=
20,-8,fOqYmsisFyZEXKEMQ7B01t4icgs=,ps0LbwR0FLuSeWlidAnATdoQ/VA=
18,-1,fOqYmsisFyZEXKEMQ7B01t4icgs=,ps0LbwR0FLuSeWlidAnATdoQ/VA=
19,-1,fOqYmsisFyZEXKEMQ7B01t4icgs=,ps0LbwR0FLuSeWlidAnATdoQ/VA=
24,-1,k8w6AnWHVblSKiB1GIDBBWU+qz8=,ql8yg+ibyBwDjRDSp6Uj4MUL+sU=
19,-8,fOqYmsisFyZEXKEMQ7B01t4icgs=,ps0LbwR0FLuSeWlidAnATdoQ/VA=
24,-2,fOqYmsisFyZEXKEMQ7B01t4icgs=,ql8yg+ibyBwDjRDSp6Uj4MUL+sU=
17,-8,fOqYmsisFyZEXKEMQ7B01t4icgs=,ps0LbwR0FLuSeWlidAnATdoQ/VA=
23,-1,fOqYmsisFyZEXKEMQ7B01t4icgs=,ps0LbwR0FLuSeWlidAnATdoQ/VA=
18,-8,fOqYmsisFyZEXKEMQ7B01t4icgs=,ps0LbwR0FLuSeWlidAnATdoQ/VA=
22,-9,k8w6AnWHVblSKiB1GIDBBWU+qz8=,u1Su47hyrGG0r8Q4dL/ogAhFIMw=
21,-1,fOqYmsisFyZEXKEMQ7B01t4icgs=,ps0LbwR0FLuSeWlidAnATdoQ/VA=
16,-8,kKRNTyjGhf1Ki3u0Ika3hqrxoGg=,ps0LbwR0FLuSeWlidAnATdoQ/VA=
23,-9,k8w6AnWHVblSKiB1GIDBBWU+qz8=,u1Su47hyrGG0r8Q4dL/ogAhFIMw=
22,-1,fOqYmsisFyZEXKEMQ7B01t4icgs=,ps0LbwR0FLuSeWlidAnATdoQ/VA=
20,-2,fOqYmsisFyZEXKEMQ7B01t4icgs=,ps0LbwR0FLuSeWlidAnATdoQ/VA=
23,-2,fOqYmsisFyZEXKEMQ7B01t4icgs=,ps0LbwR0FLuSeWlidAnATdoQ/VA=
21,-2,fOqYmsisFyZEXKEMQ7B01t4icgs=,ps0LbwR0FLuSeWlidAnATdoQ/VA=
22,-2,fOqYmsisFyZEXKEMQ7B01t4icgs=,ps0LbwR0FLuSeWlidAnATdoQ/VA=
23,-17,+uIrfC/68IK7sD+JHKgom3S08wI=,mN4gVA5aWgNgWFwnnJSxVZi4Mc4=
23,-23,+uIrfC/68IK7sD+JHKgom3S08wI=,mN4gVA5aWgNgWFwnnJSxVZi4Mc4=
22,-23,+uIrfC/68IK7sD+JHKgom3S08wI=,mN4gVA5aWgNgWFwnnJSxVZi4Mc4=
16,-21,+uIrfC/68IK7sD+JHKgom3S08wI=,mN4gVA5aWgNgWFwnnJSxVZi4Mc4=
22,-19,+uIrfC/68IK7sD+JHKgom3S08wI=,mN4gVA5aWgNgWFwnnJSxVZi4Mc4=
19,-20,+uIrfC/68IK7sD+JHKgom3S08wI=,mN4gVA5aWgNgWFwnnJSxVZi4Mc4=
19,-24,+uIrfC/68IK7sD+JHKgom3S08wI=,mN4gVA5aWgNgWFwnnJSxVZi4Mc4=
20,-24,+uIrfC/68IK7sD+JHKgom3S08wI=,mN4gVA5aWgNgWFwnnJSxVZi4Mc4=
23,-18,+uIrfC/68IK7sD+JHKgom3S08wI=,mN4gVA5aWgNgWFwnnJSxVZi4Mc4=
16,-22,+uIrfC/68IK7sD+JHKgom3S08wI=,mN4gVA5aWgNgWFwnnJSxVZi4Mc4=
18,-20,+uIrfC/68IK7sD+JHKgom3S08wI=,mN4gVA5aWgNgWFwnnJSxVZi4Mc4=
17,-20,+uIrfC/68IK7sD+JHKgom3S08wI=,mN4gVA5aWgNgWFwnnJSxVZi4Mc4=
17,-21,+uIrfC/68IK7sD+JHKgom3S08wI=,mN4gVA5aWgNgWFwnnJSxVZi4Mc4=
22,-17,+uIrfC/68IK7sD+JHKgom3S08wI=,mN4gVA5aWgNgWFwnnJSxVZi4Mc4=
16,-20,+uIrfC/68IK7sD+JHKgom3S08wI=,mN4gVA5aWgNgWFwnnJSxVZi4Mc4=
18,-19,+uIrfC/68IK7sD+JHKgom3S08wI=,mN4gVA5aWgNgWFwnnJSxVZi4Mc4=
20,-20,+uIrfC/68IK7sD+JHKgom3S08wI=,mN4gVA5aWgNgWFwnnJSxVZi4Mc4=
21,-20,+uIrfC/68IK7sD+JHKgom3S08wI=,mN4gVA5aWgNgWFwnnJSxVZi4Mc4=
22,-18,+uIrfC/68IK7sD+JHKgom3S08wI=,mN4gVA5aWgNgWFwnnJSxVZi4Mc4=
17,-22,+uIrfC/68IK7sD+JHKgom3S08wI=,mN4gVA5aWgNgWFwnnJSxVZi4Mc4=
18,-18,+uIrfC/68IK7sD+JHKgom3S08wI=,mN4gVA5aWgNgWFwnnJSxVZi4Mc4=
22,-24,+uIrfC/68IK7sD+JHKgom3S08wI=,mN4gVA5aWgNgWFwnnJSxVZi4Mc4=
23,-24,+uIrfC/68IK7sD+JHKgom3S08wI=,mN4gVA5aWgNgWFwnnJSxVZi4Mc4=
17,-18,+uIrfC/68IK7sD+JHKgom3S08wI=,mN4gVA5aWgNgWFwnnJSxVZi4Mc4=
17,-19,+uIrfC/68IK7sD+JHKgom3S08wI=,mN4gVA5aWgNgWFwnnJSxVZi4Mc4=
16,-18,+uIrfC/68IK7sD+JHKgom3S08wI=,mN4gVA5aWgNgWFwnnJSxVZi4Mc4=
18,-24,+uIrfC/68IK7sD+JHKgom3S08wI=,mN4gVA5aWgNgWFwnnJSxVZi4Mc4=
18,-21,+uIrfC/68IK7sD+JHKgom3S08wI=,mN4gVA5aWgNgWFwnnJSxVZi4Mc4=
23,-21,+uIrfC/68IK7sD+JHKgom3S08wI=,mN4gVA5aWgNgWFwnnJSxVZi4Mc4=
19,-21,+uIrfC/68IK7sD+JHKgom3S08wI=,mN4gVA5aWgNgWFwnnJSxVZi4Mc4=
21,-24,+uIrfC/68IK7sD+JHKgom3S08wI=,mN4gVA5aWgNgWFwnnJSxVZi4Mc4=
23,-22,+uIrfC/68IK7sD+JHKgom3S08wI=,mN4gVA5aWgNgWFwnnJSxVZi4Mc4=
16,-17,+uIrfC/68IK7sD+JHKgom3S08wI=,mN4gVA5aWgNgWFwnnJSxVZi4Mc4=
22,-22,+uIrfC/68IK7sD+JHKgom3S08wI=,mN4gVA5aWgNgWFwnnJSxVZi4Mc4=
23,-19,+uIrfC/68IK7sD+JHKgom3S08wI=,mN4gVA5aWgNgWFwnnJSxVZi4Mc4=
17,-17,+uIrfC/68IK7sD+JHKgom3S08wI=,mN4gVA5aWgNgWFwnnJSxVZi4Mc4=
21,-22,+uIrfC/68IK7sD+JHKgom3S08wI=,mN4gVA5aWgNgWFwnnJSxVZi4Mc4=
16,-24,+uIrfC/68IK7sD+JHKgom3S08wI=,mN4gVA5aWgNgWFwnnJSxVZi4Mc4=
20,-22,+uIrfC/68IK7sD+JHKgom3S08wI=,mN4gVA5aWgNgWFwnnJSxVZi4Mc4=
16,-19,+uIrfC/68IK7sD+JHKgom3S08wI=,mN4gVA5aWgNgWFwnnJSxVZi4Mc4=
16,-23,+uIrfC/68IK7sD+JHKgom3S08wI=,mN4gVA5aWgNgWFwnnJSxVZi4Mc4=
17,-23,+uIrfC/68IK7sD+JHKgom3S08wI=,mN4gVA5aWgNgWFwnnJSxVZi4Mc4=
22,-21,+uIrfC/68IK7sD+JHKgom3S08wI=,mN4gVA5aWgNgWFwnnJSxVZi4Mc4=
22,-20,+uIrfC/68IK7sD+JHKgom3S08wI=,mN4gVA5aWgNgWFwnnJSxVZi4Mc4=
20,-21,+uIrfC/68IK7sD+JHKgom3S08wI=,mN4gVA5aWgNgWFwnnJSxVZi4Mc4=
18,-23,+uIrfC/68IK7sD+JHKgom3S08wI=,mN4gVA5aWgNgWFwnnJSxVZi4Mc4=
19,-23,+uIrfC/68IK7sD+JHKgom3S08wI=,mN4gVA5aWgNgWFwnnJSxVZi4Mc4=
17,-24,+uIrfC/68IK7sD+JHKgom3S08wI=,mN4gVA5aWgNgWFwnnJSxVZi4Mc4=
20,-23,+uIrfC/68IK7sD+JHKgom3S08wI=,mN4gVA5aWgNgWFwnnJSxVZi4Mc4=
23,-20,+uIrfC/68IK7sD+JHKgom3S08wI=,mN4gVA5aWgNgWFwnnJSxVZi4Mc4=
21,-23,+uIrfC/68IK7sD+JHKgom3S08wI=,mN4gVA5aWgNgWFwnnJSxVZi4Mc4=
18,-17,+uIrfC/68IK7sD+JHKgom3S08wI=,mN4gVA5aWgNgWFwnnJSxVZi4Mc4=
18,-22,+uIrfC/68IK7sD+JHKgom3S08wI=,mN4gVA5aWgNgWFwnnJSxVZi4Mc4=
19,-22,+uIrfC/68IK7sD+JHKgom3S08wI=,mN4gVA5aWgNgWFwnnJSxVZi4Mc4=
21,-21,+uIrfC/68IK7sD+JHKgom3S08wI=,mN4gVA5aWgNgWFwnnJSxVZi4Mc4=
21,-19,+uIrfC/68IK7sD+JHKgom3S08wI=,mN4gVA5aWgNgWFwnnJSxVZi4Mc4=
21,-18,+uIrfC/68IK7sD+JHKgom3S08wI=,mN4gVA5aWgNgWFwnnJSxVZi4Mc4=
21,-17,+uIrfC/68IK7sD+JHKgom3S08wI=,mN4gVA5aWgNgWFwnnJSxVZi4Mc4=
19,-19,+uIrfC/68IK7sD+JHKgom3S08wI=,mN4gVA5aWgNgWFwnnJSxVZi4Mc4=
20,-19,+uIrfC/68IK7sD+JHKgom3S08wI=,mN4gVA5aWgNgWFwnnJSxVZi4Mc4=
20,-18,+uIrfC/68IK7sD+JHKgom3S08wI=,mN4gVA5aWgNgWFwnnJSxVZi4Mc4=
19,-17,+uIrfC/68IK7sD+JHKgom3S08wI=,mN4gVA5aWgNgWFwnnJSxVZi4Mc4=
19,-18,+uIrfC/68IK7sD+JHKgom3S08wI=,mN4gVA5aWgNgWFwnnJSxVZi4Mc4=
20,-17,ar4XoXS2SYGNzt2ZghOeGtf0bYM=,mN4gVA5aWgNgWFwnnJSxVZi4Mc4=
12,-17,NmnSSzUteB/HVxsH5J4XvQMB0qU=,Fo/LuXYdRNLAe+CWCJd/sffi3Go=
10,-20,NmnSSzUteB/HVxsH5J4XvQMB0qU=,Fo/LuXYdRNLAe+CWCJd/sffi3Go=
13,-17,NmnSSzUteB/HVxsH5J4XvQMB0qU=,Fo/LuXYdRNLAe+CWCJd/sffi3Go=
14,-17,NmnSSzUteB/HVxsH5J4XvQMB0qU=,Fo/LuXYdRNLAe+CWCJd/sffi3Go=
12,-18,NmnSSzUteB/HVxsH5J4XvQMB0qU=,Fo/LuXYdRNLAe+CWCJd/sffi3Go=
9,-22,NmnSSzUteB/HVxsH5J4XvQMB0qU=,Fo/LuXYdRNLAe+CWCJd/sffi3Go=
10,-24,NmnSSzUteB/HVxsH5J4XvQMB0qU=,Fo/LuXYdRNLAe+CWCJd/sffi3Go=
10,-22,NmnSSzUteB/HVxsH5J4XvQMB0qU=,Fo/LuXYdRNLAe+CWCJd/sffi3Go=
14,-24,NmnSSzUteB/HVxsH5J4XvQMB0qU=,Fo/LuXYdRNLAe+CWCJd/sffi3Go=
13,-18,NmnSSzUteB/HVxsH5J4XvQMB0qU=,Fo/LuXYdRNLAe+CWCJd/sffi3Go=
12,-20,NmnSSzUteB/HVxsH5J4XvQMB0qU=,Fo/LuXYdRNLAe+CWCJd/sffi3Go=
10,-19,NmnSSzUteB/HVxsH5J4XvQMB0qU=,Fo/LuXYdRNLAe+CWCJd/sffi3Go=
13,-20,NmnSSzUteB/HVxsH5J4XvQMB0qU=,Fo/LuXYdRNLAe+CWCJd/sffi3Go=
14,-20,NmnSSzUteB/HVxsH5J4XvQMB0qU=,Fo/LuXYdRNLAe+CWCJd/sffi3Go=
9,-23,NmnSSzUteB/HVxsH5J4XvQMB0qU=,Fo/LuXYdRNLAe+CWCJd/sffi3Go=
9,-17,NmnSSzUteB/HVxsH5J4XvQMB0qU=,Fo/LuXYdRNLAe+CWCJd/sffi3Go=
9,-21,NmnSSzUteB/HVxsH5J4XvQMB0qU=,Fo/LuXYdRNLAe+CWCJd/sffi3Go=
10,-23,NmnSSzUteB/HVxsH5J4XvQMB0qU=,Fo/LuXYdRNLAe+CWCJd/sffi3Go=
11,-19,NmnSSzUteB/HVxsH5J4XvQMB0qU=,Fo/LuXYdRNLAe+CWCJd/sffi3Go=
10,-21,NmnSSzUteB/HVxsH5J4XvQMB0qU=,Fo/LuXYdRNLAe+CWCJd/sffi3Go=
12,-19,NmnSSzUteB/HVxsH5J4XvQMB0qU=,Fo/LuXYdRNLAe+CWCJd/sffi3Go=
11,-21,NmnSSzUteB/HVxsH5J4XvQMB0qU=,Fo/LuXYdRNLAe+CWCJd/sffi3Go=
12,-21,NmnSSzUteB/HVxsH5J4XvQMB0qU=,Fo/LuXYdRNLAe+CWCJd/sffi3Go=
13,-21,NmnSSzUteB/HVxsH5J4XvQMB0qU=,Fo/LuXYdRNLAe+CWCJd/sffi3Go=
13,-19,NmnSSzUteB/HVxsH5J4XvQMB0qU=,Fo/LuXYdRNLAe+CWCJd/sffi3Go=
14,-21,NmnSSzUteB/HVxsH5J4XvQMB0qU=,Fo/LuXYdRNLAe+CWCJd/sffi3Go=
11,-23,NmnSSzUteB/HVxsH5J4XvQMB0qU=,Fo/LuXYdRNLAe+CWCJd/sffi3Go=
11,-22,NmnSSzUteB/HVxsH5J4XvQMB0qU=,Fo/LuXYdRNLAe+CWCJd/sffi3Go=
14,-19,NmnSSzUteB/HVxsH5J4XvQMB0qU=,Fo/LuXYdRNLAe+CWCJd/sffi3Go=
10,-17,NmnSSzUteB/HVxsH5J4XvQMB0qU=,Fo/LuXYdRNLAe+CWCJd/sffi3Go=
9,-20,NmnSSzUteB/HVxsH5J4XvQMB0qU=,Fo/LuXYdRNLAe+CWCJd/sffi3Go=
9,-18,NmnSSzUteB/HVxsH5J4XvQMB0qU=,Fo/LuXYdRNLAe+CWCJd/sffi3Go=
12,-23,NmnSSzUteB/HVxsH5J4XvQMB0qU=,Fo/LuXYdRNLAe+CWCJd/sffi3Go=
11,-24,NmnSSzUteB/HVxsH5J4XvQMB0qU=,Fo/LuXYdRNLAe+CWCJd/sffi3Go=
10,-18,NmnSSzUteB/HVxsH5J4XvQMB0qU=,Fo/LuXYdRNLAe+CWCJd/sffi3Go=
13,-23,NmnSSzUteB/HVxsH5J4XvQMB0qU=,Fo/LuXYdRNLAe+CWCJd/sffi3Go=
14,-23,NmnSSzUteB/HVxsH5J4XvQMB0qU=,Fo/LuXYdRNLAe+CWCJd/sffi3Go=
12,-24,NmnSSzUteB/HVxsH5J4XvQMB0qU=,Fo/LuXYdRNLAe+CWCJd/sffi3Go=
12,-22,NmnSSzUteB/HVxsH5J4XvQMB0qU=,Fo/LuXYdRNLAe+CWCJd/sffi3Go=
9,-24,NmnSSzUteB/HVxsH5J4XvQMB0qU=,Fo/LuXYdRNLAe+CWCJd/sffi3Go=
9,-19,NmnSSzUteB/HVxsH5J4XvQMB0qU=,Fo/LuXYdRNLAe+CWCJd/sffi3Go=
13,-22,NmnSSzUteB/HVxsH5J4XvQMB0qU=,Fo/LuXYdRNLAe+CWCJd/sffi3Go=
13,-24,NmnSSzUteB/HVxsH5J4XvQMB0qU=,Fo/LuXYdRNLAe+CWCJd/sffi3Go=
14,-22,NmnSSzUteB/HVxsH5J4XvQMB0qU=,Fo/LuXYdRNLAe+CWCJd/sffi3Go=
11,-18,NmnSSzUteB/HVxsH5J4XvQMB0qU=,Fo/LuXYdRNLAe+CWCJd/sffi3Go=
11,-17,NmnSSzUteB/HVxsH5J4XvQMB0qU=,Fo/LuXYdRNLAe+CWCJd/sffi3Go=
1,-26,NmnSSzUteB/HVxsH5J4XvQMB0qU=,EYCErZNEdqCROtIk110CUfiqoE4=
7,-27,NmnSSzUteB/HVxsH5J4XvQMB0qU=,EYCErZNEdqCROtIk110CUfiqoE4=
6,-27,NmnSSzUteB/HVxsH5J4XvQMB0qU=,EYCErZNEdqCROtIk110CUfiqoE4=
5,-27,NmnSSzUteB/HVxsH5J4XvQMB0qU=,EYCErZNEdqCROtIk110CUfiqoE4=
4,-27,NmnSSzUteB/HVxsH5J4XvQMB0qU=,EYCErZNEdqCROtIk110CUfiqoE4=
3,-27,NmnSSzUteB/HVxsH5J4XvQMB0qU=,EYCErZNEdqCROtIk110CUfiqoE4=
2,-27,NmnSSzUteB/HVxsH5J4XvQMB0qU=,EYCErZNEdqCROtIk110CUfiqoE4=
7,-28,NmnSSzUteB/HVxsH5J4XvQMB0qU=,EYCErZNEdqCROtIk110CUfiqoE4=
6,-28,NmnSSzUteB/HVxsH5J4XvQMB0qU=,EYCErZNEdqCROtIk110CUfiqoE4=
5,-28,NmnSSzUteB/HVxsH5J4XvQMB0qU=,EYCErZNEdqCROtIk110CUfiqoE4=
4,-28,NmnSSzUteB/HVxsH5J4XvQMB0qU=,EYCErZNEdqCROtIk110CUfiqoE4=
3,-28,NmnSSzUteB/HVxsH5J4XvQMB0qU=,EYCErZNEdqCROtIk110CUfiqoE4=
2,-28,NmnSSzUteB/HVxsH5J4XvQMB0qU=,EYCErZNEdqCROtIk110CUfiqoE4=
7,-29,NmnSSzUteB/HVxsH5J4XvQMB0qU=,EYCErZNEdqCROtIk110CUfiqoE4=
6,-29,NmnSSzUteB/HVxsH5J4XvQMB0qU=,EYCErZNEdqCROtIk110CUfiqoE4=
5,-29,NmnSSzUteB/HVxsH5J4XvQMB0qU=,EYCErZNEdqCROtIk110CUfiqoE4=
4,-29,NmnSSzUteB/HVxsH5J4XvQMB0qU=,EYCErZNEdqCROtIk110CUfiqoE4=
3,-29,NmnSSzUteB/HVxsH5J4XvQMB0qU=,EYCErZNEdqCROtIk110CUfiqoE4=
2,-29,NmnSSzUteB/HVxsH5J4XvQMB0qU=,EYCErZNEdqCROtIk110CUfiqoE4=
1,-29,NmnSSzUteB/HVxsH5J4XvQMB0qU=,EYCErZNEdqCROtIk110CUfiqoE4=
7,-30,NmnSSzUteB/HVxsH5J4XvQMB0qU=,EYCErZNEdqCROtIk110CUfiqoE4=
6,-30,NmnSSzUteB/HVxsH5J4XvQMB0qU=,EYCErZNEdqCROtIk110CUfiqoE4=
5,-30,NmnSSzUteB/HVxsH5J4XvQMB0qU=,EYCErZNEdqCROtIk110CUfiqoE4=
4,-30,NmnSSzUteB/HVxsH5J4XvQMB0qU=,EYCErZNEdqCROtIk110CUfiqoE4=
3,-30,NmnSSzUteB/HVxsH5J4XvQMB0qU=,EYCErZNEdqCROtIk110CUfiqoE4=
2,-30,NmnSSzUteB/HVxsH5J4XvQMB0qU=,EYCErZNEdqCROtIk110CUfiqoE4=
1,-30,NmnSSzUteB/HVxsH5J4XvQMB0qU=,EYCErZNEdqCROtIk110CUfiqoE4=
7,-31,NmnSSzUteB/HVxsH5J4XvQMB0qU=,EYCErZNEdqCROtIk110CUfiqoE4=
6,-31,NmnSSzUteB/HVxsH5J4XvQMB0qU=,EYCErZNEdqCROtIk110CUfiqoE4=
5,-31,NmnSSzUteB/HVxsH5J4XvQMB0qU=,EYCErZNEdqCROtIk110CUfiqoE4=
4,-31,NmnSSzUteB/HVxsH5J4XvQMB0qU=,EYCErZNEdqCROtIk110CUfiqoE4=
3,-31,NmnSSzUteB/HVxsH5J4XvQMB0qU=,EYCErZNEdqCROtIk110CUfiqoE4=
2,-31,NmnSSzUteB/HVxsH5J4XvQMB0qU=,EYCErZNEdqCROtIk110CUfiqoE4=
1,-31,NmnSSzUteB/HVxsH5J4XvQMB0qU=,EYCErZNEdqCROtIk110CUfiqoE4=
7,-26,NmnSSzUteB/HVxsH5J4XvQMB0qU=,EYCErZNEdqCROtIk110CUfiqoE4=
6,-26,NmnSSzUteB/HVxsH5J4XvQMB0qU=,EYCErZNEdqCROtIk110CUfiqoE4=
5,-26,NmnSSzUteB/HVxsH5J4XvQMB0qU=,EYCErZNEdqCROtIk110CUfiqoE4=
4,-26,NmnSSzUteB/HVxsH5J4XvQMB0qU=,EYCErZNEdqCROtIk110CUfiqoE4=
3,-26,NmnSSzUteB/HVxsH5J4XvQMB0qU=,EYCErZNEdqCROtIk110CUfiqoE4=
2,-26,NmnSSzUteB/HVxsH5J4XvQMB0qU=,EYCErZNEdqCROtIk110CUfiqoE4=
0,-31,NmnSSzUteB/HVxsH5J4XvQMB0qU=,EYCErZNEdqCROtIk110CUfiqoE4=
0,-30,NmnSSzUteB/HVxsH5J4XvQMB0qU=,EYCErZNEdqCROtIk110CUfiqoE4=
15,-18,lsNa7HOzmtQyBDknxLj5nabsfkI=,Fo/LuXYdRNLAe+CWCJd/sffi3Go=
15,-24,lsNa7HOzmtQyBDknxLj5nabsfkI=,Fo/LuXYdRNLAe+CWCJd/sffi3Go=
15,-22,lsNa7HOzmtQyBDknxLj5nabsfkI=,Fo/LuXYdRNLAe+CWCJd/sffi3Go=
15,-20,lsNa7HOzmtQyBDknxLj5nabsfkI=,Fo/LuXYdRNLAe+CWCJd/sffi3Go=
15,-23,lsNa7HOzmtQyBDknxLj5nabsfkI=,Fo/LuXYdRNLAe+CWCJd/sffi3Go=
15,-19,lsNa7HOzmtQyBDknxLj5nabsfkI=,Fo/LuXYdRNLAe+CWCJd/sffi3Go=
15,-21,lsNa7HOzmtQyBDknxLj5nabsfkI=,Fo/LuXYdRNLAe+CWCJd/sffi3Go=
15,-17,lsNa7HOzmtQyBDknxLj5nabsfkI=,Fo/LuXYdRNLAe+CWCJd/sffi3Go=
1,-32,lsNa7HOzmtQyBDknxLj5nabsfkI=,EYCErZNEdqCROtIk110CUfiqoE4=
2,-32,lsNa7HOzmtQyBDknxLj5nabsfkI=,EYCErZNEdqCROtIk110CUfiqoE4=
3,-32,lsNa7HOzmtQyBDknxLj5nabsfkI=,EYCErZNEdqCROtIk110CUfiqoE4=
4,-32,lsNa7HOzmtQyBDknxLj5nabsfkI=,EYCErZNEdqCROtIk110CUfiqoE4=
5,-32,lsNa7HOzmtQyBDknxLj5nabsfkI=,EYCErZNEdqCROtIk110CUfiqoE4=
6,-32,lsNa7HOzmtQyBDknxLj5nabsfkI=,EYCErZNEdqCROtIk110CUfiqoE4=
7,-32,lsNa7HOzmtQyBDknxLj5nabsfkI=,EYCErZNEdqCROtIk110CUfiqoE4=
0,-32,lsNa7HOzmtQyBDknxLj5nabsfkI=,EYCErZNEdqCROtIk110CUfiqoE4=
14,-18,lsNa7HOzmtQyBDknxLj5nabsfkI=,Fo/LuXYdRNLAe+CWCJd/sffi3Go=
0,-29,lsNa7HOzmtQyBDknxLj5nabsfkI=,EYCErZNEdqCROtIk110CUfiqoE4=
7,-17,lsNa7HOzmtQyBDknxLj5nabsfkI=,AtwolewmXoxxgjfO4BKsNLvQXqs=
7,-22,lsNa7HOzmtQyBDknxLj5nabsfkI=,AtwolewmXoxxgjfO4BKsNLvQXqs=
8,-24,lsNa7HOzmtQyBDknxLj5nabsfkI=,Fo/LuXYdRNLAe+CWCJd/sffi3Go=
8,-22,lsNa7HOzmtQyBDknxLj5nabsfkI=,Fo/LuXYdRNLAe+CWCJd/sffi3Go=
6,-17,lsNa7HOzmtQyBDknxLj5nabsfkI=,AtwolewmXoxxgjfO4BKsNLvQXqs=
1,-25,lsNa7HOzmtQyBDknxLj5nabsfkI=,EYCErZNEdqCROtIk110CUfiqoE4=
2,-25,lsNa7HOzmtQyBDknxLj5nabsfkI=,EYCErZNEdqCROtIk110CUfiqoE4=
6,-22,lsNa7HOzmtQyBDknxLj5nabsfkI=,AtwolewmXoxxgjfO4BKsNLvQXqs=
3,-25,lsNa7HOzmtQyBDknxLj5nabsfkI=,EYCErZNEdqCROtIk110CUfiqoE4=
4,-25,lsNa7HOzmtQyBDknxLj5nabsfkI=,EYCErZNEdqCROtIk110CUfiqoE4=
5,-25,lsNa7HOzmtQyBDknxLj5nabsfkI=,EYCErZNEdqCROtIk110CUfiqoE4=
1,-21,lsNa7HOzmtQyBDknxLj5nabsfkI=,AtwolewmXoxxgjfO4BKsNLvQXqs=
6,-25,lsNa7HOzmtQyBDknxLj5nabsfkI=,EYCErZNEdqCROtIk110CUfiqoE4=
7,-18,lsNa7HOzmtQyBDknxLj5nabsfkI=,AtwolewmXoxxgjfO4BKsNLvQXqs=
8,-23,lsNa7HOzmtQyBDknxLj5nabsfkI=,Fo/LuXYdRNLAe+CWCJd/sffi3Go=
2,-21,lsNa7HOzmtQyBDknxLj5nabsfkI=,AtwolewmXoxxgjfO4BKsNLvQXqs=
8,-18,lsNa7HOzmtQyBDknxLj5nabsfkI=,Fo/LuXYdRNLAe+CWCJd/sffi3Go=
3,-21,lsNa7HOzmtQyBDknxLj5nabsfkI=,AtwolewmXoxxgjfO4BKsNLvQXqs=
7,-25,lsNa7HOzmtQyBDknxLj5nabsfkI=,EYCErZNEdqCROtIk110CUfiqoE4=
8,-20,lsNa7HOzmtQyBDknxLj5nabsfkI=,Fo/LuXYdRNLAe+CWCJd/sffi3Go=
7,-19,lsNa7HOzmtQyBDknxLj5nabsfkI=,AtwolewmXoxxgjfO4BKsNLvQXqs=
1,-24,lsNa7HOzmtQyBDknxLj5nabsfkI=,AtwolewmXoxxgjfO4BKsNLvQXqs=
5,-22,lsNa7HOzmtQyBDknxLj5nabsfkI=,AtwolewmXoxxgjfO4BKsNLvQXqs=
3,-22,lsNa7HOzmtQyBDknxLj5nabsfkI=,AtwolewmXoxxgjfO4BKsNLvQXqs=
8,-19,lsNa7HOzmtQyBDknxLj5nabsfkI=,Fo/LuXYdRNLAe+CWCJd/sffi3Go=
2,-24,lsNa7HOzmtQyBDknxLj5nabsfkI=,AtwolewmXoxxgjfO4BKsNLvQXqs=
2,-22,lsNa7HOzmtQyBDknxLj5nabsfkI=,AtwolewmXoxxgjfO4BKsNLvQXqs=
4,-22,lsNa7HOzmtQyBDknxLj5nabsfkI=,AtwolewmXoxxgjfO4BKsNLvQXqs=
5,-21,lsNa7HOzmtQyBDknxLj5nabsfkI=,AtwolewmXoxxgjfO4BKsNLvQXqs=
6,-21,lsNa7HOzmtQyBDknxLj5nabsfkI=,AtwolewmXoxxgjfO4BKsNLvQXqs=
7,-23,lsNa7HOzmtQyBDknxLj5nabsfkI=,AtwolewmXoxxgjfO4BKsNLvQXqs=
6,-23,lsNa7HOzmtQyBDknxLj5nabsfkI=,AtwolewmXoxxgjfO4BKsNLvQXqs=
7,-21,lsNa7HOzmtQyBDknxLj5nabsfkI=,AtwolewmXoxxgjfO4BKsNLvQXqs=
5,-23,lsNa7HOzmtQyBDknxLj5nabsfkI=,AtwolewmXoxxgjfO4BKsNLvQXqs=
4,-23,lsNa7HOzmtQyBDknxLj5nabsfkI=,AtwolewmXoxxgjfO4BKsNLvQXqs=
3,-23,lsNa7HOzmtQyBDknxLj5nabsfkI=,AtwolewmXoxxgjfO4BKsNLvQXqs=
2,-23,lsNa7HOzmtQyBDknxLj5nabsfkI=,AtwolewmXoxxgjfO4BKsNLvQXqs=
1,-23,lsNa7HOzmtQyBDknxLj5nabsfkI=,AtwolewmXoxxgjfO4BKsNLvQXqs=
7,-20,lsNa7HOzmtQyBDknxLj5nabsfkI=,AtwolewmXoxxgjfO4BKsNLvQXqs=
7,-24,lsNa7HOzmtQyBDknxLj5nabsfkI=,AtwolewmXoxxgjfO4BKsNLvQXqs=
6,-20,lsNa7HOzmtQyBDknxLj5nabsfkI=,AtwolewmXoxxgjfO4BKsNLvQXqs=
8,-17,lsNa7HOzmtQyBDknxLj5nabsfkI=,Fo/LuXYdRNLAe+CWCJd/sffi3Go=
1,-22,lsNa7HOzmtQyBDknxLj5nabsfkI=,AtwolewmXoxxgjfO4BKsNLvQXqs=
11,-20,lsNa7HOzmtQyBDknxLj5nabsfkI=,Fo/LuXYdRNLAe+CWCJd/sffi3Go=
1,-28,lsNa7HOzmtQyBDknxLj5nabsfkI=,EYCErZNEdqCROtIk110CUfiqoE4=
6,-24,lsNa7HOzmtQyBDknxLj5nabsfkI=,AtwolewmXoxxgjfO4BKsNLvQXqs=
5,-24,lsNa7HOzmtQyBDknxLj5nabsfkI=,AtwolewmXoxxgjfO4BKsNLvQXqs=
8,-21,lsNa7HOzmtQyBDknxLj5nabsfkI=,Fo/LuXYdRNLAe+CWCJd/sffi3Go=
1,-20,lsNa7HOzmtQyBDknxLj5nabsfkI=,AtwolewmXoxxgjfO4BKsNLvQXqs=
0,-23,lsNa7HOzmtQyBDknxLj5nabsfkI=,AtwolewmXoxxgjfO4BKsNLvQXqs=
4,-24,lsNa7HOzmtQyBDknxLj5nabsfkI=,AtwolewmXoxxgjfO4BKsNLvQXqs=
3,-24,lsNa7HOzmtQyBDknxLj5nabsfkI=,AtwolewmXoxxgjfO4BKsNLvQXqs=
5,-20,lsNa7HOzmtQyBDknxLj5nabsfkI=,AtwolewmXoxxgjfO4BKsNLvQXqs=
1,-27,lsNa7HOzmtQyBDknxLj5nabsfkI=,EYCErZNEdqCROtIk110CUfiqoE4=
0,-25,lsNa7HOzmtQyBDknxLj5nabsfkI=,EYCErZNEdqCROtIk110CUfiqoE4=
0,-22,lsNa7HOzmtQyBDknxLj5nabsfkI=,AtwolewmXoxxgjfO4BKsNLvQXqs=
2,-20,lsNa7HOzmtQyBDknxLj5nabsfkI=,AtwolewmXoxxgjfO4BKsNLvQXqs=
5,-17,lsNa7HOzmtQyBDknxLj5nabsfkI=,AtwolewmXoxxgjfO4BKsNLvQXqs=
0,-19,lsNa7HOzmtQyBDknxLj5nabsfkI=,AtwolewmXoxxgjfO4BKsNLvQXqs=
6,-18,lsNa7HOzmtQyBDknxLj5nabsfkI=,AtwolewmXoxxgjfO4BKsNLvQXqs=
0,-21,lsNa7HOzmtQyBDknxLj5nabsfkI=,AtwolewmXoxxgjfO4BKsNLvQXqs=
4,-17,lsNa7HOzmtQyBDknxLj5nabsfkI=,AtwolewmXoxxgjfO4BKsNLvQXqs=
0,-26,lsNa7HOzmtQyBDknxLj5nabsfkI=,EYCErZNEdqCROtIk110CUfiqoE4=
0,-20,lsNa7HOzmtQyBDknxLj5nabsfkI=,AtwolewmXoxxgjfO4BKsNLvQXqs=
3,-17,lsNa7HOzmtQyBDknxLj5nabsfkI=,AtwolewmXoxxgjfO4BKsNLvQXqs=
4,-18,lsNa7HOzmtQyBDknxLj5nabsfkI=,AtwolewmXoxxgjfO4BKsNLvQXqs=
0,-24,lsNa7HOzmtQyBDknxLj5nabsfkI=,AtwolewmXoxxgjfO4BKsNLvQXqs=
4,-21,lsNa7HOzmtQyBDknxLj5nabsfkI=,AtwolewmXoxxgjfO4BKsNLvQXqs=
0,-17,lsNa7HOzmtQyBDknxLj5nabsfkI=,AtwolewmXoxxgjfO4BKsNLvQXqs=
4,-20,lsNa7HOzmtQyBDknxLj5nabsfkI=,AtwolewmXoxxgjfO4BKsNLvQXqs=
0,-27,lsNa7HOzmtQyBDknxLj5nabsfkI=,EYCErZNEdqCROtIk110CUfiqoE4=
6,-19,lsNa7HOzmtQyBDknxLj5nabsfkI=,AtwolewmXoxxgjfO4BKsNLvQXqs=
3,-20,lsNa7HOzmtQyBDknxLj5nabsfkI=,AtwolewmXoxxgjfO4BKsNLvQXqs=
0,-18,lsNa7HOzmtQyBDknxLj5nabsfkI=,AtwolewmXoxxgjfO4BKsNLvQXqs=
2,-17,lsNa7HOzmtQyBDknxLj5nabsfkI=,AtwolewmXoxxgjfO4BKsNLvQXqs=
5,-18,lsNa7HOzmtQyBDknxLj5nabsfkI=,AtwolewmXoxxgjfO4BKsNLvQXqs=
1,-18,lsNa7HOzmtQyBDknxLj5nabsfkI=,AtwolewmXoxxgjfO4BKsNLvQXqs=
0,-28,lsNa7HOzmtQyBDknxLj5nabsfkI=,EYCErZNEdqCROtIk110CUfiqoE4=
5,-19,lsNa7HOzmtQyBDknxLj5nabsfkI=,AtwolewmXoxxgjfO4BKsNLvQXqs=
2,-18,lsNa7HOzmtQyBDknxLj5nabsfkI=,AtwolewmXoxxgjfO4BKsNLvQXqs=
1,-17,lsNa7HOzmtQyBDknxLj5nabsfkI=,AtwolewmXoxxgjfO4BKsNLvQXqs=
3,-19,lsNa7HOzmtQyBDknxLj5nabsfkI=,AtwolewmXoxxgjfO4BKsNLvQXqs=
1,-19,lsNa7HOzmtQyBDknxLj5nabsfkI=,AtwolewmXoxxgjfO4BKsNLvQXqs=
4,-19,lsNa7HOzmtQyBDknxLj5nabsfkI=,AtwolewmXoxxgjfO4BKsNLvQXqs=
3,-18,lsNa7HOzmtQyBDknxLj5nabsfkI=,AtwolewmXoxxgjfO4BKsNLvQXqs=
2,-19,lsNa7HOzmtQyBDknxLj5nabsfkI=,AtwolewmXoxxgjfO4BKsNLvQXqs=
9,-14,The87fbJoJcJedZVCWCD4dnKWxs=,ygFZrEpk+8USKwgxrk/OG9rUoJk=
14,-15,The87fbJoJcJedZVCWCD4dnKWxs=,ygFZrEpk+8USKwgxrk/OG9rUoJk=
13,-15,The87fbJoJcJedZVCWCD4dnKWxs=,ygFZrEpk+8USKwgxrk/OG9rUoJk=
12,-15,The87fbJoJcJedZVCWCD4dnKWxs=,ygFZrEpk+8USKwgxrk/OG9rUoJk=
11,-15,The87fbJoJcJedZVCWCD4dnKWxs=,ygFZrEpk+8USKwgxrk/OG9rUoJk=
10,-15,The87fbJoJcJedZVCWCD4dnKWxs=,ygFZrEpk+8USKwgxrk/OG9rUoJk=
9,-15,The87fbJoJcJedZVCWCD4dnKWxs=,ygFZrEpk+8USKwgxrk/OG9rUoJk=
10,-10,The87fbJoJcJedZVCWCD4dnKWxs=,ygFZrEpk+8USKwgxrk/OG9rUoJk=
9,-10,The87fbJoJcJedZVCWCD4dnKWxs=,ygFZrEpk+8USKwgxrk/OG9rUoJk=
13,-11,The87fbJoJcJedZVCWCD4dnKWxs=,ygFZrEpk+8USKwgxrk/OG9rUoJk=
12,-11,The87fbJoJcJedZVCWCD4dnKWxs=,ygFZrEpk+8USKwgxrk/OG9rUoJk=
11,-11,The87fbJoJcJedZVCWCD4dnKWxs=,ygFZrEpk+8USKwgxrk/OG9rUoJk=
10,-11,The87fbJoJcJedZVCWCD4dnKWxs=,ygFZrEpk+8USKwgxrk/OG9rUoJk=
9,-11,The87fbJoJcJedZVCWCD4dnKWxs=,ygFZrEpk+8USKwgxrk/OG9rUoJk=
14,-12,The87fbJoJcJedZVCWCD4dnKWxs=,ygFZrEpk+8USKwgxrk/OG9rUoJk=
13,-12,The87fbJoJcJedZVCWCD4dnKWxs=,ygFZrEpk+8USKwgxrk/OG9rUoJk=
12,-12,The87fbJoJcJedZVCWCD4dnKWxs=,ygFZrEpk+8USKwgxrk/OG9rUoJk=
11,-12,The87fbJoJcJedZVCWCD4dnKWxs=,ygFZrEpk+8USKwgxrk/OG9rUoJk=
10,-12,The87fbJoJcJedZVCWCD4dnKWxs=,ygFZrEpk+8USKwgxrk/OG9rUoJk=
9,-12,The87fbJoJcJedZVCWCD4dnKWxs=,ygFZrEpk+8USKwgxrk/OG9rUoJk=
14,-13,The87fbJoJcJedZVCWCD4dnKWxs=,ygFZrEpk+8USKwgxrk/OG9rUoJk=
13,-13,The87fbJoJcJedZVCWCD4dnKWxs=,ygFZrEpk+8USKwgxrk/OG9rUoJk=
12,-13,The87fbJoJcJedZVCWCD4dnKWxs=,ygFZrEpk+8USKwgxrk/OG9rUoJk=
11,-13,The87fbJoJcJedZVCWCD4dnKWxs=,ygFZrEpk+8USKwgxrk/OG9rUoJk=
10,-13,The87fbJoJcJedZVCWCD4dnKWxs=,ygFZrEpk+8USKwgxrk/OG9rUoJk=
9,-13,The87fbJoJcJedZVCWCD4dnKWxs=,ygFZrEpk+8USKwgxrk/OG9rUoJk=
14,-14,The87fbJoJcJedZVCWCD4dnKWxs=,ygFZrEpk+8USKwgxrk/OG9rUoJk=
13,-14,The87fbJoJcJedZVCWCD4dnKWxs=,ygFZrEpk+8USKwgxrk/OG9rUoJk=
12,-14,The87fbJoJcJedZVCWCD4dnKWxs=,ygFZrEpk+8USKwgxrk/OG9rUoJk=
11,-14,The87fbJoJcJedZVCWCD4dnKWxs=,ygFZrEpk+8USKwgxrk/OG9rUoJk=
10,-14,The87fbJoJcJedZVCWCD4dnKWxs=,ygFZrEpk+8USKwgxrk/OG9rUoJk=
8,-14,xwah/DDAhbCR0SdkPGFyeHB11Bs=,ygFZrEpk+8USKwgxrk/OG9rUoJk=
7,-10,xwah/DDAhbCR0SdkPGFyeHB11Bs=,oC73Fr+//wqa3LOMgWkhBz3goIA=
6,-10,xwah/DDAhbCR0SdkPGFyeHB11Bs=,oC73Fr+//wqa3LOMgWkhBz3goIA=
5,-10,xwah/DDAhbCR0SdkPGFyeHB11Bs=,oC73Fr+//wqa3LOMgWkhBz3goIA=
4,-10,xwah/DDAhbCR0SdkPGFyeHB11Bs=,oC73Fr+//wqa3LOMgWkhBz3goIA=
8,-15,xwah/DDAhbCR0SdkPGFyeHB11Bs=,ygFZrEpk+8USKwgxrk/OG9rUoJk=
7,-11,xwah/DDAhbCR0SdkPGFyeHB11Bs=,oC73Fr+//wqa3LOMgWkhBz3goIA=
6,-11,xwah/DDAhbCR0SdkPGFyeHB11Bs=,oC73Fr+//wqa3LOMgWkhBz3goIA=
5,-11,xwah/DDAhbCR0SdkPGFyeHB11Bs=,oC73Fr+//wqa3LOMgWkhBz3goIA=
4,-11,xwah/DDAhbCR0SdkPGFyeHB11Bs=,oC73Fr+//wqa3LOMgWkhBz3goIA=
8,-10,xwah/DDAhbCR0SdkPGFyeHB11Bs=,ygFZrEpk+8USKwgxrk/OG9rUoJk=
7,-12,xwah/DDAhbCR0SdkPGFyeHB11Bs=,oC73Fr+//wqa3LOMgWkhBz3goIA=
6,-12,xwah/DDAhbCR0SdkPGFyeHB11Bs=,oC73Fr+//wqa3LOMgWkhBz3goIA=
5,-12,xwah/DDAhbCR0SdkPGFyeHB11Bs=,oC73Fr+//wqa3LOMgWkhBz3goIA=
4,-12,xwah/DDAhbCR0SdkPGFyeHB11Bs=,oC73Fr+//wqa3LOMgWkhBz3goIA=
8,-11,xwah/DDAhbCR0SdkPGFyeHB11Bs=,ygFZrEpk+8USKwgxrk/OG9rUoJk=
7,-13,xwah/DDAhbCR0SdkPGFyeHB11Bs=,oC73Fr+//wqa3LOMgWkhBz3goIA=
5,-13,xwah/DDAhbCR0SdkPGFyeHB11Bs=,oC73Fr+//wqa3LOMgWkhBz3goIA=
4,-13,xwah/DDAhbCR0SdkPGFyeHB11Bs=,oC73Fr+//wqa3LOMgWkhBz3goIA=
6,-13,xwah/DDAhbCR0SdkPGFyeHB11Bs=,oC73Fr+//wqa3LOMgWkhBz3goIA=
7,-14,xwah/DDAhbCR0SdkPGFyeHB11Bs=,oC73Fr+//wqa3LOMgWkhBz3goIA=
6,-14,xwah/DDAhbCR0SdkPGFyeHB11Bs=,oC73Fr+//wqa3LOMgWkhBz3goIA=
5,-14,xwah/DDAhbCR0SdkPGFyeHB11Bs=,oC73Fr+//wqa3LOMgWkhBz3goIA=
4,-14,xwah/DDAhbCR0SdkPGFyeHB11Bs=,oC73Fr+//wqa3LOMgWkhBz3goIA=
7,-15,xwah/DDAhbCR0SdkPGFyeHB11Bs=,oC73Fr+//wqa3LOMgWkhBz3goIA=
8,-12,xwah/DDAhbCR0SdkPGFyeHB11Bs=,ygFZrEpk+8USKwgxrk/OG9rUoJk=
6,-15,xwah/DDAhbCR0SdkPGFyeHB11Bs=,oC73Fr+//wqa3LOMgWkhBz3goIA=
5,-15,xwah/DDAhbCR0SdkPGFyeHB11Bs=,oC73Fr+//wqa3LOMgWkhBz3goIA=
4,-15,xwah/DDAhbCR0SdkPGFyeHB11Bs=,oC73Fr+//wqa3LOMgWkhBz3goIA=
8,-13,xwah/DDAhbCR0SdkPGFyeHB11Bs=,ygFZrEpk+8USKwgxrk/OG9rUoJk=
5,-9,Ok+10YjdWBmwFdplMYAmwyUjYRw=,oC73Fr+//wqa3LOMgWkhBz3goIA=
6,-9,Ok+10YjdWBmwFdplMYAmwyUjYRw=,oC73Fr+//wqa3LOMgWkhBz3goIA=
4,-8,Ok+10YjdWBmwFdplMYAmwyUjYRw=,8iPRU7FGfkX8f0ApIbciOW9sdl8=
5,-8,Ok+10YjdWBmwFdplMYAmwyUjYRw=,8iPRU7FGfkX8f0ApIbciOW9sdl8=
5,-7,Ok+10YjdWBmwFdplMYAmwyUjYRw=,8iPRU7FGfkX8f0ApIbciOW9sdl8=
4,-7,Ok+10YjdWBmwFdplMYAmwyUjYRw=,8iPRU7FGfkX8f0ApIbciOW9sdl8=
6,-8,Ok+10YjdWBmwFdplMYAmwyUjYRw=,8iPRU7FGfkX8f0ApIbciOW9sdl8=
7,-9,aS5sRRZGMx0C2E3wC5t6xXSjol0=,oC73Fr+//wqa3LOMgWkhBz3goIA=
10,-9,aS5sRRZGMx0C2E3wC5t6xXSjol0=,ygFZrEpk+8USKwgxrk/OG9rUoJk=
9,-9,aS5sRRZGMx0C2E3wC5t6xXSjol0=,ygFZrEpk+8USKwgxrk/OG9rUoJk=
8,-9,aS5sRRZGMx0C2E3wC5t6xXSjol0=,ygFZrEpk+8USKwgxrk/OG9rUoJk=
7,-8,aS5sRRZGMx0C2E3wC5t6xXSjol0=,8iPRU7FGfkX8f0ApIbciOW9sdl8=
4,-9,aS5sRRZGMx0C2E3wC5t6xXSjol0=,oC73Fr+//wqa3LOMgWkhBz3goIA=
11,-10,aS5sRRZGMx0C2E3wC5t6xXSjol0=,ygFZrEpk+8USKwgxrk/OG9rUoJk=
6,-7,aS5sRRZGMx0C2E3wC5t6xXSjol0=,8iPRU7FGfkX8f0ApIbciOW9sdl8=
6,-6,aS5sRRZGMx0C2E3wC5t6xXSjol0=,8iPRU7FGfkX8f0ApIbciOW9sdl8=
8,-8,aS5sRRZGMx0C2E3wC5t6xXSjol0=,jU67AvVuL3f229dlhanwSHmzHVg=
9,-5,aS5sRRZGMx0C2E3wC5t6xXSjol0=,jU67AvVuL3f229dlhanwSHmzHVg=
11,-9,aS5sRRZGMx0C2E3wC5t6xXSjol0=,ygFZrEpk+8USKwgxrk/OG9rUoJk=
5,-6,aS5sRRZGMx0C2E3wC5t6xXSjol0=,8iPRU7FGfkX8f0ApIbciOW9sdl8=
7,-7,aS5sRRZGMx0C2E3wC5t6xXSjol0=,8iPRU7FGfkX8f0ApIbciOW9sdl8=
4,-6,aS5sRRZGMx0C2E3wC5t6xXSjol0=,8iPRU7FGfkX8f0ApIbciOW9sdl8=
10,-5,aS5sRRZGMx0C2E3wC5t6xXSjol0=,jU67AvVuL3f229dlhanwSHmzHVg=
10,-6,aS5sRRZGMx0C2E3wC5t6xXSjol0=,jU67AvVuL3f229dlhanwSHmzHVg=
6,-5,aS5sRRZGMx0C2E3wC5t6xXSjol0=,8iPRU7FGfkX8f0ApIbciOW9sdl8=
7,-5,aS5sRRZGMx0C2E3wC5t6xXSjol0=,8iPRU7FGfkX8f0ApIbciOW9sdl8=
9,-8,aS5sRRZGMx0C2E3wC5t6xXSjol0=,jU67AvVuL3f229dlhanwSHmzHVg=
4,-5,aS5sRRZGMx0C2E3wC5t6xXSjol0=,8iPRU7FGfkX8f0ApIbciOW9sdl8=
8,-5,aS5sRRZGMx0C2E3wC5t6xXSjol0=,jU67AvVuL3f229dlhanwSHmzHVg=
11,-6,aS5sRRZGMx0C2E3wC5t6xXSjol0=,jU67AvVuL3f229dlhanwSHmzHVg=
11,-5,aS5sRRZGMx0C2E3wC5t6xXSjol0=,jU67AvVuL3f229dlhanwSHmzHVg=
5,-5,aS5sRRZGMx0C2E3wC5t6xXSjol0=,8iPRU7FGfkX8f0ApIbciOW9sdl8=
7,-6,aS5sRRZGMx0C2E3wC5t6xXSjol0=,8iPRU7FGfkX8f0ApIbciOW9sdl8=
9,-6,aS5sRRZGMx0C2E3wC5t6xXSjol0=,jU67AvVuL3f229dlhanwSHmzHVg=
8,-6,aS5sRRZGMx0C2E3wC5t6xXSjol0=,jU67AvVuL3f229dlhanwSHmzHVg=
11,-8,aS5sRRZGMx0C2E3wC5t6xXSjol0=,jU67AvVuL3f229dlhanwSHmzHVg=
8,-7,aS5sRRZGMx0C2E3wC5t6xXSjol0=,jU67AvVuL3f229dlhanwSHmzHVg=
10,-8,aS5sRRZGMx0C2E3wC5t6xXSjol0=,jU67AvVuL3f229dlhanwSHmzHVg=
10,-7,aS5sRRZGMx0C2E3wC5t6xXSjol0=,jU67AvVuL3f229dlhanwSHmzHVg=
15,-14,aEndh1Py/evNPX3cF4u/lbKAfBg=,ygFZrEpk+8USKwgxrk/OG9rUoJk=
15,-15,aEndh1Py/evNPX3cF4u/lbKAfBg=,ygFZrEpk+8USKwgxrk/OG9rUoJk=
15,-12,aEndh1Py/evNPX3cF4u/lbKAfBg=,ygFZrEpk+8USKwgxrk/OG9rUoJk=
15,-13,aEndh1Py/evNPX3cF4u/lbKAfBg=,ygFZrEpk+8USKwgxrk/OG9rUoJk=
12,-10,aEndh1Py/evNPX3cF4u/lbKAfBg=,ygFZrEpk+8USKwgxrk/OG9rUoJk=
13,-10,aEndh1Py/evNPX3cF4u/lbKAfBg=,ygFZrEpk+8USKwgxrk/OG9rUoJk=
14,-5,aEndh1Py/evNPX3cF4u/lbKAfBg=,jU67AvVuL3f229dlhanwSHmzHVg=
14,-7,aEndh1Py/evNPX3cF4u/lbKAfBg=,jU67AvVuL3f229dlhanwSHmzHVg=
15,-5,aEndh1Py/evNPX3cF4u/lbKAfBg=,jU67AvVuL3f229dlhanwSHmzHVg=
15,-6,aEndh1Py/evNPX3cF4u/lbKAfBg=,jU67AvVuL3f229dlhanwSHmzHVg=
12,-9,aEndh1Py/evNPX3cF4u/lbKAfBg=,ygFZrEpk+8USKwgxrk/OG9rUoJk=
9,-7,aS5sRRZGMx0C2E3wC5t6xXSjol0=,jU67AvVuL3f229dlhanwSHmzHVg=
14,-6,aEndh1Py/evNPX3cF4u/lbKAfBg=,jU67AvVuL3f229dlhanwSHmzHVg=
15,-8,aEndh1Py/evNPX3cF4u/lbKAfBg=,jU67AvVuL3f229dlhanwSHmzHVg=
14,-8,aEndh1Py/evNPX3cF4u/lbKAfBg=,jU67AvVuL3f229dlhanwSHmzHVg=
13,-6,aEndh1Py/evNPX3cF4u/lbKAfBg=,jU67AvVuL3f229dlhanwSHmzHVg=
11,-7,aS5sRRZGMx0C2E3wC5t6xXSjol0=,jU67AvVuL3f229dlhanwSHmzHVg=
9,-16,aEndh1Py/evNPX3cF4u/lbKAfBg=,ygFZrEpk+8USKwgxrk/OG9rUoJk=
10,-16,aEndh1Py/evNPX3cF4u/lbKAfBg=,ygFZrEpk+8USKwgxrk/OG9rUoJk=
14,-16,aEndh1Py/evNPX3cF4u/lbKAfBg=,ygFZrEpk+8USKwgxrk/OG9rUoJk=
13,-16,aEndh1Py/evNPX3cF4u/lbKAfBg=,ygFZrEpk+8USKwgxrk/OG9rUoJk=
12,-16,aEndh1Py/evNPX3cF4u/lbKAfBg=,ygFZrEpk+8USKwgxrk/OG9rUoJk=
11,-16,aEndh1Py/evNPX3cF4u/lbKAfBg=,ygFZrEpk+8USKwgxrk/OG9rUoJk=
12,-6,aEndh1Py/evNPX3cF4u/lbKAfBg=,jU67AvVuL3f229dlhanwSHmzHVg=
13,-5,aEndh1Py/evNPX3cF4u/lbKAfBg=,jU67AvVuL3f229dlhanwSHmzHVg=
14,-11,aEndh1Py/evNPX3cF4u/lbKAfBg=,ygFZrEpk+8USKwgxrk/OG9rUoJk=
15,-11,aEndh1Py/evNPX3cF4u/lbKAfBg=,ygFZrEpk+8USKwgxrk/OG9rUoJk=
15,-7,aEndh1Py/evNPX3cF4u/lbKAfBg=,jU67AvVuL3f229dlhanwSHmzHVg=
13,-9,aEndh1Py/evNPX3cF4u/lbKAfBg=,ygFZrEpk+8USKwgxrk/OG9rUoJk=
13,-8,aEndh1Py/evNPX3cF4u/lbKAfBg=,jU67AvVuL3f229dlhanwSHmzHVg=
12,-8,aEndh1Py/evNPX3cF4u/lbKAfBg=,jU67AvVuL3f229dlhanwSHmzHVg=
14,-9,aEndh1Py/evNPX3cF4u/lbKAfBg=,ygFZrEpk+8USKwgxrk/OG9rUoJk=
12,-5,aEndh1Py/evNPX3cF4u/lbKAfBg=,jU67AvVuL3f229dlhanwSHmzHVg=
13,-7,aEndh1Py/evNPX3cF4u/lbKAfBg=,jU67AvVuL3f229dlhanwSHmzHVg=
12,-7,aEndh1Py/evNPX3cF4u/lbKAfBg=,jU67AvVuL3f229dlhanwSHmzHVg=
9,-3,aEndh1Py/evNPX3cF4u/lbKAfBg=,jU67AvVuL3f229dlhanwSHmzHVg=
8,-1,aEndh1Py/evNPX3cF4u/lbKAfBg=,jU67AvVuL3f229dlhanwSHmzHVg=
15,-9,aEndh1Py/evNPX3cF4u/lbKAfBg=,ygFZrEpk+8USKwgxrk/OG9rUoJk=
4,-2,aEndh1Py/evNPX3cF4u/lbKAfBg=,8iPRU7FGfkX8f0ApIbciOW9sdl8=
10,-3,aEndh1Py/evNPX3cF4u/lbKAfBg=,jU67AvVuL3f229dlhanwSHmzHVg=
11,-3,aEndh1Py/evNPX3cF4u/lbKAfBg=,jU67AvVuL3f229dlhanwSHmzHVg=
10,-4,aEndh1Py/evNPX3cF4u/lbKAfBg=,jU67AvVuL3f229dlhanwSHmzHVg=
6,-3,aEndh1Py/evNPX3cF4u/lbKAfBg=,8iPRU7FGfkX8f0ApIbciOW9sdl8=
8,-3,aEndh1Py/evNPX3cF4u/lbKAfBg=,jU67AvVuL3f229dlhanwSHmzHVg=
5,-2,aEndh1Py/evNPX3cF4u/lbKAfBg=,8iPRU7FGfkX8f0ApIbciOW9sdl8=
9,-1,aEndh1Py/evNPX3cF4u/lbKAfBg=,jU67AvVuL3f229dlhanwSHmzHVg=
5,-3,aEndh1Py/evNPX3cF4u/lbKAfBg=,8iPRU7FGfkX8f0ApIbciOW9sdl8=
4,-1,aEndh1Py/evNPX3cF4u/lbKAfBg=,8iPRU7FGfkX8f0ApIbciOW9sdl8=
5,-1,aEndh1Py/evNPX3cF4u/lbKAfBg=,8iPRU7FGfkX8f0ApIbciOW9sdl8=
6,-2,aEndh1Py/evNPX3cF4u/lbKAfBg=,8iPRU7FGfkX8f0ApIbciOW9sdl8=
7,-1,aEndh1Py/evNPX3cF4u/lbKAfBg=,8iPRU7FGfkX8f0ApIbciOW9sdl8=
9,-4,aEndh1Py/evNPX3cF4u/lbKAfBg=,jU67AvVuL3f229dlhanwSHmzHVg=
11,-1,aEndh1Py/evNPX3cF4u/lbKAfBg=,jU67AvVuL3f229dlhanwSHmzHVg=
14,-10,aEndh1Py/evNPX3cF4u/lbKAfBg=,ygFZrEpk+8USKwgxrk/OG9rUoJk=
9,-2,aEndh1Py/evNPX3cF4u/lbKAfBg=,jU67AvVuL3f229dlhanwSHmzHVg=
11,-4,aEndh1Py/evNPX3cF4u/lbKAfBg=,jU67AvVuL3f229dlhanwSHmzHVg=
10,-2,aEndh1Py/evNPX3cF4u/lbKAfBg=,jU67AvVuL3f229dlhanwSHmzHVg=
8,-4,aEndh1Py/evNPX3cF4u/lbKAfBg=,jU67AvVuL3f229dlhanwSHmzHVg=
7,-2,aEndh1Py/evNPX3cF4u/lbKAfBg=,8iPRU7FGfkX8f0ApIbciOW9sdl8=
11,-2,aEndh1Py/evNPX3cF4u/lbKAfBg=,jU67AvVuL3f229dlhanwSHmzHVg=
8,-2,aEndh1Py/evNPX3cF4u/lbKAfBg=,jU67AvVuL3f229dlhanwSHmzHVg=
10,-1,aEndh1Py/evNPX3cF4u/lbKAfBg=,jU67AvVuL3f229dlhanwSHmzHVg=
4,-3,aEndh1Py/evNPX3cF4u/lbKAfBg=,8iPRU7FGfkX8f0ApIbciOW9sdl8=
5,-4,aEndh1Py/evNPX3cF4u/lbKAfBg=,8iPRU7FGfkX8f0ApIbciOW9sdl8=
7,-4,aEndh1Py/evNPX3cF4u/lbKAfBg=,8iPRU7FGfkX8f0ApIbciOW9sdl8=
5,-16,zRxts+6PEmpwibs5LmD0B99R2ow=,oC73Fr+//wqa3LOMgWkhBz3goIA=
6,-16,zRxts+6PEmpwibs5LmD0B99R2ow=,oC73Fr+//wqa3LOMgWkhBz3goIA=
7,-16,zRxts+6PEmpwibs5LmD0B99R2ow=,oC73Fr+//wqa3LOMgWkhBz3goIA=
8,-16,zRxts+6PEmpwibs5LmD0B99R2ow=,ygFZrEpk+8USKwgxrk/OG9rUoJk=
15,-10,aEndh1Py/evNPX3cF4u/lbKAfBg=,ygFZrEpk+8USKwgxrk/OG9rUoJk=
7,-3,aEndh1Py/evNPX3cF4u/lbKAfBg=,8iPRU7FGfkX8f0ApIbciOW9sdl8=
4,-16,zRxts+6PEmpwibs5LmD0B99R2ow=,oC73Fr+//wqa3LOMgWkhBz3goIA=
6,-1,aEndh1Py/evNPX3cF4u/lbKAfBg=,8iPRU7FGfkX8f0ApIbciOW9sdl8=
3,-10,aEndh1Py/evNPX3cF4u/lbKAfBg=,oC73Fr+//wqa3LOMgWkhBz3goIA=
3,-11,zRxts+6PEmpwibs5LmD0B99R2ow=,oC73Fr+//wqa3LOMgWkhBz3goIA=
3,-12,zRxts+6PEmpwibs5LmD0B99R2ow=,oC73Fr+//wqa3LOMgWkhBz3goIA=
2,-11,zRxts+6PEmpwibs5LmD0B99R2ow=,oC73Fr+//wqa3LOMgWkhBz3goIA=
6,-4,aEndh1Py/evNPX3cF4u/lbKAfBg=,8iPRU7FGfkX8f0ApIbciOW9sdl8=
4,-4,aEndh1Py/evNPX3cF4u/lbKAfBg=,8iPRU7FGfkX8f0ApIbciOW9sdl8=
2,-10,zRxts+6PEmpwibs5LmD0B99R2ow=,oC73Fr+//wqa3LOMgWkhBz3goIA=
2,-12,zRxts+6PEmpwibs5LmD0B99R2ow=,oC73Fr+//wqa3LOMgWkhBz3goIA=
1,-11,zRxts+6PEmpwibs5LmD0B99R2ow=,oC73Fr+//wqa3LOMgWkhBz3goIA=
15,-16,aEndh1Py/evNPX3cF4u/lbKAfBg=,ygFZrEpk+8USKwgxrk/OG9rUoJk=
3,-14,zRxts+6PEmpwibs5LmD0B99R2ow=,oC73Fr+//wqa3LOMgWkhBz3goIA=
1,-12,zRxts+6PEmpwibs5LmD0B99R2ow=,oC73Fr+//wqa3LOMgWkhBz3goIA=
3,-15,zRxts+6PEmpwibs5LmD0B99R2ow=,oC73Fr+//wqa3LOMgWkhBz3goIA=
0,-16,zRxts+6PEmpwibs5LmD0B99R2ow=,oC73Fr+//wqa3LOMgWkhBz3goIA=
1,-14,zRxts+6PEmpwibs5LmD0B99R2ow=,oC73Fr+//wqa3LOMgWkhBz3goIA=
2,-13,zRxts+6PEmpwibs5LmD0B99R2ow=,oC73Fr+//wqa3LOMgWkhBz3goIA=
3,-13,zRxts+6PEmpwibs5LmD0B99R2ow=,oC73Fr+//wqa3LOMgWkhBz3goIA=
1,-13,zRxts+6PEmpwibs5LmD0B99R2ow=,oC73Fr+//wqa3LOMgWkhBz3goIA=
1,-10,zRxts+6PEmpwibs5LmD0B99R2ow=,oC73Fr+//wqa3LOMgWkhBz3goIA=
2,-15,zRxts+6PEmpwibs5LmD0B99R2ow=,oC73Fr+//wqa3LOMgWkhBz3goIA=
0,-11,zRxts+6PEmpwibs5LmD0B99R2ow=,oC73Fr+//wqa3LOMgWkhBz3goIA=
1,-8,zRxts+6PEmpwibs5LmD0B99R2ow=,8iPRU7FGfkX8f0ApIbciOW9sdl8=
3,-6,zRxts+6PEmpwibs5LmD0B99R2ow=,8iPRU7FGfkX8f0ApIbciOW9sdl8=
2,-14,zRxts+6PEmpwibs5LmD0B99R2ow=,oC73Fr+//wqa3LOMgWkhBz3goIA=
1,-15,zRxts+6PEmpwibs5LmD0B99R2ow=,oC73Fr+//wqa3LOMgWkhBz3goIA=
2,-9,zRxts+6PEmpwibs5LmD0B99R2ow=,oC73Fr+//wqa3LOMgWkhBz3goIA=
3,-9,zRxts+6PEmpwibs5LmD0B99R2ow=,oC73Fr+//wqa3LOMgWkhBz3goIA=
1,-9,zRxts+6PEmpwibs5LmD0B99R2ow=,oC73Fr+//wqa3LOMgWkhBz3goIA=
1,-7,zRxts+6PEmpwibs5LmD0B99R2ow=,8iPRU7FGfkX8f0ApIbciOW9sdl8=
1,-5,zRxts+6PEmpwibs5LmD0B99R2ow=,8iPRU7FGfkX8f0ApIbciOW9sdl8=
12,-1,zRxts+6PEmpwibs5LmD0B99R2ow=,jU67AvVuL3f229dlhanwSHmzHVg=
1,-6,zRxts+6PEmpwibs5LmD0B99R2ow=,8iPRU7FGfkX8f0ApIbciOW9sdl8=
0,-7,zRxts+6PEmpwibs5LmD0B99R2ow=,8iPRU7FGfkX8f0ApIbciOW9sdl8=
0,-12,zRxts+6PEmpwibs5LmD0B99R2ow=,oC73Fr+//wqa3LOMgWkhBz3goIA=
0,-10,zRxts+6PEmpwibs5LmD0B99R2ow=,oC73Fr+//wqa3LOMgWkhBz3goIA=
3,-7,zRxts+6PEmpwibs5LmD0B99R2ow=,8iPRU7FGfkX8f0ApIbciOW9sdl8=
3,-5,zRxts+6PEmpwibs5LmD0B99R2ow=,8iPRU7FGfkX8f0ApIbciOW9sdl8=
2,-8,zRxts+6PEmpwibs5LmD0B99R2ow=,8iPRU7FGfkX8f0ApIbciOW9sdl8=
0,-8,zRxts+6PEmpwibs5LmD0B99R2ow=,8iPRU7FGfkX8f0ApIbciOW9sdl8=
13,-1,zRxts+6PEmpwibs5LmD0B99R2ow=,jU67AvVuL3f229dlhanwSHmzHVg=
2,-6,zRxts+6PEmpwibs5LmD0B99R2ow=,8iPRU7FGfkX8f0ApIbciOW9sdl8=
15,-1,zRxts+6PEmpwibs5LmD0B99R2ow=,jU67AvVuL3f229dlhanwSHmzHVg=
0,-6,zRxts+6PEmpwibs5LmD0B99R2ow=,8iPRU7FGfkX8f0ApIbciOW9sdl8=
0,-9,zRxts+6PEmpwibs5LmD0B99R2ow=,oC73Fr+//wqa3LOMgWkhBz3goIA=
14,-1,zRxts+6PEmpwibs5LmD0B99R2ow=,jU67AvVuL3f229dlhanwSHmzHVg=
3,-8,zRxts+6PEmpwibs5LmD0B99R2ow=,8iPRU7FGfkX8f0ApIbciOW9sdl8=
1,-16,zRxts+6PEmpwibs5LmD0B99R2ow=,oC73Fr+//wqa3LOMgWkhBz3goIA=
3,-16,zRxts+6PEmpwibs5LmD0B99R2ow=,oC73Fr+//wqa3LOMgWkhBz3goIA=
2,-2,aEndh1Py/evNPX3cF4u/lbKAfBg=,8iPRU7FGfkX8f0ApIbciOW9sdl8=
3,-2,aEndh1Py/evNPX3cF4u/lbKAfBg=,8iPRU7FGfkX8f0ApIbciOW9sdl8=
0,-13,zRxts+6PEmpwibs5LmD0B99R2ow=,oC73Fr+//wqa3LOMgWkhBz3goIA=
0,-1,aEndh1Py/evNPX3cF4u/lbKAfBg=,8iPRU7FGfkX8f0ApIbciOW9sdl8=
0,-14,zRxts+6PEmpwibs5LmD0B99R2ow=,oC73Fr+//wqa3LOMgWkhBz3goIA=
2,-5,zRxts+6PEmpwibs5LmD0B99R2ow=,8iPRU7FGfkX8f0ApIbciOW9sdl8=
13,-3,zRxts+6PEmpwibs5LmD0B99R2ow=,jU67AvVuL3f229dlhanwSHmzHVg=
12,-2,zRxts+6PEmpwibs5LmD0B99R2ow=,jU67AvVuL3f229dlhanwSHmzHVg=
2,-7,zRxts+6PEmpwibs5LmD0B99R2ow=,8iPRU7FGfkX8f0ApIbciOW9sdl8=
2,-1,aEndh1Py/evNPX3cF4u/lbKAfBg=,8iPRU7FGfkX8f0ApIbciOW9sdl8=
2,-16,zRxts+6PEmpwibs5LmD0B99R2ow=,oC73Fr+//wqa3LOMgWkhBz3goIA=
1,-2,aEndh1Py/evNPX3cF4u/lbKAfBg=,8iPRU7FGfkX8f0ApIbciOW9sdl8=
15,-3,zRxts+6PEmpwibs5LmD0B99R2ow=,jU67AvVuL3f229dlhanwSHmzHVg=
1,-3,aEndh1Py/evNPX3cF4u/lbKAfBg=,8iPRU7FGfkX8f0ApIbciOW9sdl8=
2,-3,aEndh1Py/evNPX3cF4u/lbKAfBg=,8iPRU7FGfkX8f0ApIbciOW9sdl8=
15,-2,zRxts+6PEmpwibs5LmD0B99R2ow=,jU67AvVuL3f229dlhanwSHmzHVg=
3,-1,aEndh1Py/evNPX3cF4u/lbKAfBg=,8iPRU7FGfkX8f0ApIbciOW9sdl8=
14,-3,zRxts+6PEmpwibs5LmD0B99R2ow=,jU67AvVuL3f229dlhanwSHmzHVg=
12,-3,zRxts+6PEmpwibs5LmD0B99R2ow=,jU67AvVuL3f229dlhanwSHmzHVg=
3,-3,aEndh1Py/evNPX3cF4u/lbKAfBg=,8iPRU7FGfkX8f0ApIbciOW9sdl8=
0,-2,aEndh1Py/evNPX3cF4u/lbKAfBg=,8iPRU7FGfkX8f0ApIbciOW9sdl8=
1,-1,aEndh1Py/evNPX3cF4u/lbKAfBg=,8iPRU7FGfkX8f0ApIbciOW9sdl8=
15,-4,zRxts+6PEmpwibs5LmD0B99R2ow=,jU67AvVuL3f229dlhanwSHmzHVg=
13,-4,zRxts+6PEmpwibs5LmD0B99R2ow=,jU67AvVuL3f229dlhanwSHmzHVg=
0,-15,zRxts+6PEmpwibs5LmD0B99R2ow=,oC73Fr+//wqa3LOMgWkhBz3goIA=
1,-4,aEndh1Py/evNPX3cF4u/lbKAfBg=,8iPRU7FGfkX8f0ApIbciOW9sdl8=
14,-4,zRxts+6PEmpwibs5LmD0B99R2ow=,jU67AvVuL3f229dlhanwSHmzHVg=
13,-2,zRxts+6PEmpwibs5LmD0B99R2ow=,jU67AvVuL3f229dlhanwSHmzHVg=
0,-3,aEndh1Py/evNPX3cF4u/lbKAfBg=,8iPRU7FGfkX8f0ApIbciOW9sdl8=
3,-4,aEndh1Py/evNPX3cF4u/lbKAfBg=,8iPRU7FGfkX8f0ApIbciOW9sdl8=
2,-4,aEndh1Py/evNPX3cF4u/lbKAfBg=,8iPRU7FGfkX8f0ApIbciOW9sdl8=
0,-5,zRxts+6PEmpwibs5LmD0B99R2ow=,8iPRU7FGfkX8f0ApIbciOW9sdl8=
14,-2,zRxts+6PEmpwibs5LmD0B99R2ow=,jU67AvVuL3f229dlhanwSHmzHVg=
0,-4,aEndh1Py/evNPX3cF4u/lbKAfBg=,8iPRU7FGfkX8f0ApIbciOW9sdl8=
12,-4,zRxts+6PEmpwibs5LmD0B99R2ow=,jU67AvVuL3f229dlhanwSHmzHVg=
