-15,-57,7zPaAdYp8zzIqsGwc0Pf2i9X72Q=,ZxzXLiJNZaAXtObpLceLrlmciXQ=
-10,-58,7zPaAdYp8zzIqsGwc0Pf2i9X72Q=,ZxzXLiJNZaAXtObpLceLrlmciXQ=
-11,-58,7zPaAdYp8zzIqsGwc0Pf2i9X72Q=,ZxzXLiJNZaAXtObpLceLrlmciXQ=
-12,-58,7zPaAdYp8zzIqsGwc0Pf2i9X72Q=,ZxzXLiJNZaAXtObpLceLrlmciXQ=
-13,-58,7zPaAdYp8zzIqsGwc0Pf2i9X72Q=,ZxzXLiJNZaAXtObpLceLrlmciXQ=
-14,-57,7zPaAdYp8zzIqsGwc0Pf2i9X72Q=,ZxzXLiJNZaAXtObpLceLrlmciXQ=
-13,-57,7zPaAdYp8zzIqsGwc0Pf2i9X72Q=,ZxzXLiJNZaAXtObpLceLrlmciXQ=
-12,-57,7zPaAdYp8zzIqsGwc0Pf2i9X72Q=,ZxzXLiJNZaAXtObpLceLrlmciXQ=
-14,-58,7zPaAdYp8zzIqsGwc0Pf2i9X72Q=,ZxzXLiJNZaAXtObpLceLrlmciXQ=
-15,-58,7zPaAdYp8zzIqsGwc0Pf2i9X72Q=,ZxzXLiJNZaAXtObpLceLrlmciXQ=
-10,-59,7zPaAdYp8zzIqsGwc0Pf2i9X72Q=,ZxzXLiJNZaAXtObpLceLrlmciXQ=
-11,-59,7zPaAdYp8zzIqsGwc0Pf2i9X72Q=,ZxzXLiJNZaAXtObpLceLrlmciXQ=
-12,-59,7zPaAdYp8zzIqsGwc0Pf2i9X72Q=,ZxzXLiJNZaAXtObpLceLrlmciXQ=
-15,-63,7zPaAdYp8zzIqsGwc0Pf2i9X72Q=,ZxzXLiJNZaAXtObpLceLrlmciXQ=
-13,-59,7zPaAdYp8zzIqsGwc0Pf2i9X72Q=,ZxzXLiJNZaAXtObpLceLrlmciXQ=
-14,-59,7zPaAdYp8zzIqsGwc0Pf2i9X72Q=,ZxzXLiJNZaAXtObpLceLrlmciXQ=
-15,-59,7zPaAdYp8zzIqsGwc0Pf2i9X72Q=,ZxzXLiJNZaAXtObpLceLrlmciXQ=
-10,-60,7zPaAdYp8zzIqsGwc0Pf2i9X72Q=,ZxzXLiJNZaAXtObpLceLrlmciXQ=
-11,-60,7zPaAdYp8zzIqsGwc0Pf2i9X72Q=,ZxzXLiJNZaAXtObpLceLrlmciXQ=
-13,-60,7zPaAdYp8zzIqsGwc0Pf2i9X72Q=,ZxzXLiJNZaAXtObpLceLrlmciXQ=
-12,-60,7zPaAdYp8zzIqsGwc0Pf2i9X72Q=,ZxzXLiJNZaAXtObpLceLrlmciXQ=
-14,-60,7zPaAdYp8zzIqsGwc0Pf2i9X72Q=,ZxzXLiJNZaAXtObpLceLrlmciXQ=
-15,-60,7zPaAdYp8zzIqsGwc0Pf2i9X72Q=,ZxzXLiJNZaAXtObpLceLrlmciXQ=
-10,-61,7zPaAdYp8zzIqsGwc0Pf2i9X72Q=,ZxzXLiJNZaAXtObpLceLrlmciXQ=
-11,-61,7zPaAdYp8zzIqsGwc0Pf2i9X72Q=,ZxzXLiJNZaAXtObpLceLrlmciXQ=
-12,-61,7zPaAdYp8zzIqsGwc0Pf2i9X72Q=,ZxzXLiJNZaAXtObpLceLrlmciXQ=
-13,-61,7zPaAdYp8zzIqsGwc0Pf2i9X72Q=,ZxzXLiJNZaAXtObpLceLrlmciXQ=
-14,-61,7zPaAdYp8zzIqsGwc0Pf2i9X72Q=,ZxzXLiJNZaAXtObpLceLrlmciXQ=
-15,-61,7zPaAdYp8zzIqsGwc0Pf2i9X72Q=,ZxzXLiJNZaAXtObpLceLrlmciXQ=
-10,-62,7zPaAdYp8zzIqsGwc0Pf2i9X72Q=,ZxzXLiJNZaAXtObpLceLrlmciXQ=
-11,-62,7zPaAdYp8zzIqsGwc0Pf2i9X72Q=,ZxzXLiJNZaAXtObpLceLrlmciXQ=
-12,-62,7zPaAdYp8zzIqsGwc0Pf2i9X72Q=,ZxzXLiJNZaAXtObpLceLrlmciXQ=
-13,-62,7zPaAdYp8zzIqsGwc0Pf2i9X72Q=,ZxzXLiJNZaAXtObpLceLrlmciXQ=
-14,-62,7zPaAdYp8zzIqsGwc0Pf2i9X72Q=,ZxzXLiJNZaAXtObpLceLrlmciXQ=
-15,-62,7zPaAdYp8zzIqsGwc0Pf2i9X72Q=,ZxzXLiJNZaAXtObpLceLrlmciXQ=
-10,-63,7zPaAdYp8zzIqsGwc0Pf2i9X72Q=,ZxzXLiJNZaAXtObpLceLrlmciXQ=
-10,-57,7zPaAdYp8zzIqsGwc0Pf2i9X72Q=,ZxzXLiJNZaAXtObpLceLrlmciXQ=
-11,-57,7zPaAdYp8zzIqsGwc0Pf2i9X72Q=,ZxzXLiJNZaAXtObpLceLrlmciXQ=
-11,-63,7zPaAdYp8zzIqsGwc0Pf2i9X72Q=,ZxzXLiJNZaAXtObpLceLrlmciXQ=
-12,-63,7zPaAdYp8zzIqsGwc0Pf2i9X72Q=,ZxzXLiJNZaAXtObpLceLrlmciXQ=
-13,-63,7zPaAdYp8zzIqsGwc0Pf2i9X72Q=,ZxzXLiJNZaAXtObpLceLrlmciXQ=
-14,-63,7zPaAdYp8zzIqsGwc0Pf2i9X72Q=,ZxzXLiJNZaAXtObpLceLrlmciXQ=
-6,-53,7zPaAdYp8zzIqsGwc0Pf2i9X72Q=,GummsAU9H9SX3Zzw91KvINTElTA=
-4,-52,7zPaAdYp8zzIqsGwc0Pf2i9X72Q=,GummsAU9H9SX3Zzw91KvINTElTA=
-3,-50,SuUfgsJQEcFVtGDZESEksFbfy1k=,GummsAU9H9SX3Zzw91KvINTElTA=
-1,-55,SuUfgsJQEcFVtGDZESEksFbfy1k=,GummsAU9H9SX3Zzw91KvINTElTA=
-7,-54,SuUfgsJQEcFVtGDZESEksFbfy1k=,GummsAU9H9SX3Zzw91KvINTElTA=
-5,-52,SuUfgsJQEcFVtGDZESEksFbfy1k=,GummsAU9H9SX3Zzw91KvINTElTA=
-7,-53,SuUfgsJQEcFVtGDZESEksFbfy1k=,GummsAU9H9SX3Zzw91KvINTElTA=
-8,-53,SuUfgsJQEcFVtGDZESEksFbfy1k=,GummsAU9H9SX3Zzw91KvINTElTA=
-3,-55,SuUfgsJQEcFVtGDZESEksFbfy1k=,GummsAU9H9SX3Zzw91KvINTElTA=
-4,-50,SuUfgsJQEcFVtGDZESEksFbfy1k=,GummsAU9H9SX3Zzw91KvINTElTA=
-1,-54,SuUfgsJQEcFVtGDZESEksFbfy1k=,GummsAU9H9SX3Zzw91KvINTElTA=
-6,-52,SuUfgsJQEcFVtGDZESEksFbfy1k=,GummsAU9H9SX3Zzw91KvINTElTA=
-7,-52,SuUfgsJQEcFVtGDZESEksFbfy1k=,GummsAU9H9SX3Zzw91KvINTElTA=
-5,-50,SuUfgsJQEcFVtGDZESEksFbfy1k=,GummsAU9H9SX3Zzw91KvINTElTA=
-6,-50,SuUfgsJQEcFVtGDZESEksFbfy1k=,GummsAU9H9SX3Zzw91KvINTElTA=
-1,-50,SuUfgsJQEcFVtGDZESEksFbfy1k=,GummsAU9H9SX3Zzw91KvINTElTA=
-4,-55,SuUfgsJQEcFVtGDZESEksFbfy1k=,GummsAU9H9SX3Zzw91KvINTElTA=
-2,-54,SuUfgsJQEcFVtGDZESEksFbfy1k=,GummsAU9H9SX3Zzw91KvINTElTA=
-5,-51,SuUfgsJQEcFVtGDZESEksFbfy1k=,GummsAU9H9SX3Zzw91KvINTElTA=
-5,-55,SuUfgsJQEcFVtGDZESEksFbfy1k=,GummsAU9H9SX3Zzw91KvINTElTA=
-6,-55,SuUfgsJQEcFVtGDZESEksFbfy1k=,GummsAU9H9SX3Zzw91KvINTElTA=
-8,-52,SuUfgsJQEcFVtGDZESEksFbfy1k=,GummsAU9H9SX3Zzw91KvINTElTA=
-3,-54,SuUfgsJQEcFVtGDZESEksFbfy1k=,GummsAU9H9SX3Zzw91KvINTElTA=
-6,-51,SuUfgsJQEcFVtGDZESEksFbfy1k=,GummsAU9H9SX3Zzw91KvINTElTA=
-7,-50,SuUfgsJQEcFVtGDZESEksFbfy1k=,GummsAU9H9SX3Zzw91KvINTElTA=
-2,-55,SuUfgsJQEcFVtGDZESEksFbfy1k=,GummsAU9H9SX3Zzw91KvINTElTA=
-1,-53,SuUfgsJQEcFVtGDZESEksFbfy1k=,GummsAU9H9SX3Zzw91KvINTElTA=
-4,-54,SuUfgsJQEcFVtGDZESEksFbfy1k=,GummsAU9H9SX3Zzw91KvINTElTA=
-2,-53,SuUfgsJQEcFVtGDZESEksFbfy1k=,GummsAU9H9SX3Zzw91KvINTElTA=
-5,-54,SuUfgsJQEcFVtGDZESEksFbfy1k=,GummsAU9H9SX3Zzw91KvINTElTA=
-7,-55,SuUfgsJQEcFVtGDZESEksFbfy1k=,GummsAU9H9SX3Zzw91KvINTElTA=
-7,-51,SuUfgsJQEcFVtGDZESEksFbfy1k=,GummsAU9H9SX3Zzw91KvINTElTA=
-6,-54,SuUfgsJQEcFVtGDZESEksFbfy1k=,GummsAU9H9SX3Zzw91KvINTElTA=
-8,-50,SuUfgsJQEcFVtGDZESEksFbfy1k=,GummsAU9H9SX3Zzw91KvINTElTA=
-8,-54,SuUfgsJQEcFVtGDZESEksFbfy1k=,GummsAU9H9SX3Zzw91KvINTElTA=
-1,-51,SuUfgsJQEcFVtGDZESEksFbfy1k=,GummsAU9H9SX3Zzw91KvINTElTA=
-8,-51,SuUfgsJQEcFVtGDZESEksFbfy1k=,GummsAU9H9SX3Zzw91KvINTElTA=
-2,-51,SuUfgsJQEcFVtGDZESEksFbfy1k=,GummsAU9H9SX3Zzw91KvINTElTA=
-2,-50,SuUfgsJQEcFVtGDZESEksFbfy1k=,GummsAU9H9SX3Zzw91KvINTElTA=
-3,-53,SuUfgsJQEcFVtGDZESEksFbfy1k=,GummsAU9H9SX3Zzw91KvINTElTA=
-8,-55,SuUfgsJQEcFVtGDZESEksFbfy1k=,GummsAU9H9SX3Zzw91KvINTElTA=
-3,-51,SuUfgsJQEcFVtGDZESEksFbfy1k=,GummsAU9H9SX3Zzw91KvINTElTA=
-1,-52,SuUfgsJQEcFVtGDZESEksFbfy1k=,GummsAU9H9SX3Zzw91KvINTElTA=
-4,-53,SuUfgsJQEcFVtGDZESEksFbfy1k=,GummsAU9H9SX3Zzw91KvINTElTA=
-3,-52,SuUfgsJQEcFVtGDZESEksFbfy1k=,GummsAU9H9SX3Zzw91KvINTElTA=
-2,-52,SuUfgsJQEcFVtGDZESEksFbfy1k=,GummsAU9H9SX3Zzw91KvINTElTA=
-5,-53,SuUfgsJQEcFVtGDZESEksFbfy1k=,GummsAU9H9SX3Zzw91KvINTElTA=
-4,-51,SuUfgsJQEcFVtGDZESEksFbfy1k=,GummsAU9H9SX3Zzw91KvINTElTA=
-2,-49,SuUfgsJQEcFVtGDZESEksFbfy1k=,GummsAU9H9SX3Zzw91KvINTElTA=
-7,-49,SuUfgsJQEcFVtGDZESEksFbfy1k=,GummsAU9H9SX3Zzw91KvINTElTA=
-6,-49,SuUfgsJQEcFVtGDZESEksFbfy1k=,GummsAU9H9SX3Zzw91KvINTElTA=
-5,-49,SuUfgsJQEcFVtGDZESEksFbfy1k=,GummsAU9H9SX3Zzw91KvINTElTA=
-4,-49,SuUfgsJQEcFVtGDZESEksFbfy1k=,GummsAU9H9SX3Zzw91KvINTElTA=
-3,-49,SuUfgsJQEcFVtGDZESEksFbfy1k=,GummsAU9H9SX3Zzw91KvINTElTA=
-16,-63,SuUfgsJQEcFVtGDZESEksFbfy1k=,ZxzXLiJNZaAXtObpLceLrlmciXQ=
-16,-62,SuUfgsJQEcFVtGDZESEksFbfy1k=,ZxzXLiJNZaAXtObpLceLrlmciXQ=
-16,-58,SuUfgsJQEcFVtGDZESEksFbfy1k=,ZxzXLiJNZaAXtObpLceLrlmciXQ=
-16,-59,SuUfgsJQEcFVtGDZESEksFbfy1k=,ZxzXLiJNZaAXtObpLceLrlmciXQ=
-16,-60,SuUfgsJQEcFVtGDZESEksFbfy1k=,ZxzXLiJNZaAXtObpLceLrlmciXQ=
-16,-61,SuUfgsJQEcFVtGDZESEksFbfy1k=,ZxzXLiJNZaAXtObpLceLrlmciXQ=
-12,-64,SuUfgsJQEcFVtGDZESEksFbfy1k=,ZxzXLiJNZaAXtObpLceLrlmciXQ=
-11,-64,SuUfgsJQEcFVtGDZESEksFbfy1k=,ZxzXLiJNZaAXtObpLceLrlmciXQ=
-10,-64,SuUfgsJQEcFVtGDZESEksFbfy1k=,ZxzXLiJNZaAXtObpLceLrlmciXQ=
-16,-64,SuUfgsJQEcFVtGDZESEksFbfy1k=,ZxzXLiJNZaAXtObpLceLrlmciXQ=
-15,-64,SuUfgsJQEcFVtGDZESEksFbfy1k=,ZxzXLiJNZaAXtObpLceLrlmciXQ=
-14,-64,SuUfgsJQEcFVtGDZESEksFbfy1k=,ZxzXLiJNZaAXtObpLceLrlmciXQ=
-13,-64,SuUfgsJQEcFVtGDZESEksFbfy1k=,ZxzXLiJNZaAXtObpLceLrlmciXQ=
-16,-57,SuUfgsJQEcFVtGDZESEksFbfy1k=,ZxzXLiJNZaAXtObpLceLrlmciXQ=
-8,-49,SuUfgsJQEcFVtGDZESEksFbfy1k=,GummsAU9H9SX3Zzw91KvINTElTA=
-1,-49,SuUfgsJQEcFVtGDZESEksFbfy1k=,GummsAU9H9SX3Zzw91KvINTElTA=
-1,-63,SuUfgsJQEcFVtGDZESEksFbfy1k=,0mn87BspjsFVJxiRw6vnXYpD4G4=
-9,-58,SuUfgsJQEcFVtGDZESEksFbfy1k=,ZxzXLiJNZaAXtObpLceLrlmciXQ=
-8,-62,SuUfgsJQEcFVtGDZESEksFbfy1k=,0mn87BspjsFVJxiRw6vnXYpD4G4=
-5,-63,SuUfgsJQEcFVtGDZESEksFbfy1k=,0mn87BspjsFVJxiRw6vnXYpD4G4=
-2,-63,SuUfgsJQEcFVtGDZESEksFbfy1k=,0mn87BspjsFVJxiRw6vnXYpD4G4=
-3,-63,SuUfgsJQEcFVtGDZESEksFbfy1k=,0mn87BspjsFVJxiRw6vnXYpD4G4=
-4,-63,SuUfgsJQEcFVtGDZESEksFbfy1k=,0mn87BspjsFVJxiRw6vnXYpD4G4=
-7,-62,SuUfgsJQEcFVtGDZESEksFbfy1k=,0mn87BspjsFVJxiRw6vnXYpD4G4=
-7,-63,SuUfgsJQEcFVtGDZESEksFbfy1k=,0mn87BspjsFVJxiRw6vnXYpD4G4=
-6,-62,SuUfgsJQEcFVtGDZESEksFbfy1k=,0mn87BspjsFVJxiRw6vnXYpD4G4=
-6,-63,SuUfgsJQEcFVtGDZESEksFbfy1k=,0mn87BspjsFVJxiRw6vnXYpD4G4=
-5,-56,SuUfgsJQEcFVtGDZESEksFbfy1k=,GummsAU9H9SX3Zzw91KvINTElTA=
-3,-56,SuUfgsJQEcFVtGDZESEksFbfy1k=,GummsAU9H9SX3Zzw91KvINTElTA=
-4,-56,SuUfgsJQEcFVtGDZESEksFbfy1k=,GummsAU9H9SX3Zzw91KvINTElTA=
-9,-59,SuUfgsJQEcFVtGDZESEksFbfy1k=,ZxzXLiJNZaAXtObpLceLrlmciXQ=
-2,-57,SuUfgsJQEcFVtGDZESEksFbfy1k=,0mn87BspjsFVJxiRw6vnXYpD4G4=
-5,-62,SuUfgsJQEcFVtGDZESEksFbfy1k=,0mn87BspjsFVJxiRw6vnXYpD4G4=
-3,-57,SuUfgsJQEcFVtGDZESEksFbfy1k=,0mn87BspjsFVJxiRw6vnXYpD4G4=
-8,-63,SuUfgsJQEcFVtGDZESEksFbfy1k=,0mn87BspjsFVJxiRw6vnXYpD4G4=
-1,-57,SuUfgsJQEcFVtGDZESEksFbfy1k=,0mn87BspjsFVJxiRw6vnXYpD4G4=
-4,-57,SuUfgsJQEcFVtGDZESEksFbfy1k=,0mn87BspjsFVJxiRw6vnXYpD4G4=
-4,-62,SuUfgsJQEcFVtGDZESEksFbfy1k=,0mn87BspjsFVJxiRw6vnXYpD4G4=
-9,-61,SuUfgsJQEcFVtGDZESEksFbfy1k=,ZxzXLiJNZaAXtObpLceLrlmciXQ=
-1,-64,SuUfgsJQEcFVtGDZESEksFbfy1k=,0mn87BspjsFVJxiRw6vnXYpD4G4=
-5,-57,SuUfgsJQEcFVtGDZESEksFbfy1k=,0mn87BspjsFVJxiRw6vnXYpD4G4=
-9,-60,SuUfgsJQEcFVtGDZESEksFbfy1k=,ZxzXLiJNZaAXtObpLceLrlmciXQ=
-7,-57,SuUfgsJQEcFVtGDZESEksFbfy1k=,0mn87BspjsFVJxiRw6vnXYpD4G4=
-8,-57,SuUfgsJQEcFVtGDZESEksFbfy1k=,0mn87BspjsFVJxiRw6vnXYpD4G4=
-9,-64,SuUfgsJQEcFVtGDZESEksFbfy1k=,ZxzXLiJNZaAXtObpLceLrlmciXQ=
-2,-58,SuUfgsJQEcFVtGDZESEksFbfy1k=,0mn87BspjsFVJxiRw6vnXYpD4G4=
-6,-56,SuUfgsJQEcFVtGDZESEksFbfy1k=,GummsAU9H9SX3Zzw91KvINTElTA=
-3,-58,SuUfgsJQEcFVtGDZESEksFbfy1k=,0mn87BspjsFVJxiRw6vnXYpD4G4=
-2,-64,SuUfgsJQEcFVtGDZESEksFbfy1k=,0mn87BspjsFVJxiRw6vnXYpD4G4=
-3,-64,SuUfgsJQEcFVtGDZESEksFbfy1k=,0mn87BspjsFVJxiRw6vnXYpD4G4=
-2,-56,SuUfgsJQEcFVtGDZESEksFbfy1k=,GummsAU9H9SX3Zzw91KvINTElTA=
-4,-58,SuUfgsJQEcFVtGDZESEksFbfy1k=,0mn87BspjsFVJxiRw6vnXYpD4G4=
-7,-58,SuUfgsJQEcFVtGDZESEksFbfy1k=,0mn87BspjsFVJxiRw6vnXYpD4G4=
-1,-58,SuUfgsJQEcFVtGDZESEksFbfy1k=,0mn87BspjsFVJxiRw6vnXYpD4G4=
-5,-58,SuUfgsJQEcFVtGDZESEksFbfy1k=,0mn87BspjsFVJxiRw6vnXYpD4G4=
-8,-58,SuUfgsJQEcFVtGDZESEksFbfy1k=,0mn87BspjsFVJxiRw6vnXYpD4G4=
-1,-59,SuUfgsJQEcFVtGDZESEksFbfy1k=,0mn87BspjsFVJxiRw6vnXYpD4G4=
-3,-59,SuUfgsJQEcFVtGDZESEksFbfy1k=,0mn87BspjsFVJxiRw6vnXYpD4G4=
-7,-56,SuUfgsJQEcFVtGDZESEksFbfy1k=,GummsAU9H9SX3Zzw91KvINTElTA=
-3,-62,SuUfgsJQEcFVtGDZESEksFbfy1k=,0mn87BspjsFVJxiRw6vnXYpD4G4=
-2,-59,SuUfgsJQEcFVtGDZESEksFbfy1k=,0mn87BspjsFVJxiRw6vnXYpD4G4=
-5,-59,SuUfgsJQEcFVtGDZESEksFbfy1k=,0mn87BspjsFVJxiRw6vnXYpD4G4=
-4,-59,SuUfgsJQEcFVtGDZESEksFbfy1k=,0mn87BspjsFVJxiRw6vnXYpD4G4=
-4,-64,SuUfgsJQEcFVtGDZESEksFbfy1k=,0mn87BspjsFVJxiRw6vnXYpD4G4=
-1,-60,SuUfgsJQEcFVtGDZESEksFbfy1k=,0mn87BspjsFVJxiRw6vnXYpD4G4=
-7,-59,SuUfgsJQEcFVtGDZESEksFbfy1k=,0mn87BspjsFVJxiRw6vnXYpD4G4=
-8,-59,SuUfgsJQEcFVtGDZESEksFbfy1k=,0mn87BspjsFVJxiRw6vnXYpD4G4=
-3,-60,SuUfgsJQEcFVtGDZESEksFbfy1k=,0mn87BspjsFVJxiRw6vnXYpD4G4=
-2,-60,SuUfgsJQEcFVtGDZESEksFbfy1k=,0mn87BspjsFVJxiRw6vnXYpD4G4=
-5,-64,SuUfgsJQEcFVtGDZESEksFbfy1k=,0mn87BspjsFVJxiRw6vnXYpD4G4=
-2,-62,SuUfgsJQEcFVtGDZESEksFbfy1k=,0mn87BspjsFVJxiRw6vnXYpD4G4=
-9,-62,SuUfgsJQEcFVtGDZESEksFbfy1k=,ZxzXLiJNZaAXtObpLceLrlmciXQ=
-6,-59,SuUfgsJQEcFVtGDZESEksFbfy1k=,0mn87BspjsFVJxiRw6vnXYpD4G4=
-5,-60,SuUfgsJQEcFVtGDZESEksFbfy1k=,0mn87BspjsFVJxiRw6vnXYpD4G4=
-7,-60,SuUfgsJQEcFVtGDZESEksFbfy1k=,0mn87BspjsFVJxiRw6vnXYpD4G4=
-6,-64,SuUfgsJQEcFVtGDZESEksFbfy1k=,0mn87BspjsFVJxiRw6vnXYpD4G4=
-6,-60,SuUfgsJQEcFVtGDZESEksFbfy1k=,0mn87BspjsFVJxiRw6vnXYpD4G4=
-8,-56,SuUfgsJQEcFVtGDZESEksFbfy1k=,GummsAU9H9SX3Zzw91KvINTElTA=
-4,-60,SuUfgsJQEcFVtGDZESEksFbfy1k=,0mn87BspjsFVJxiRw6vnXYpD4G4=
-7,-64,SuUfgsJQEcFVtGDZESEksFbfy1k=,0mn87BspjsFVJxiRw6vnXYpD4G4=
-6,-57,SuUfgsJQEcFVtGDZESEksFbfy1k=,0mn87BspjsFVJxiRw6vnXYpD4G4=
-2,-61,SuUfgsJQEcFVtGDZESEksFbfy1k=,0mn87BspjsFVJxiRw6vnXYpD4G4=
-1,-56,SuUfgsJQEcFVtGDZESEksFbfy1k=,GummsAU9H9SX3Zzw91KvINTElTA=
-1,-61,SuUfgsJQEcFVtGDZESEksFbfy1k=,0mn87BspjsFVJxiRw6vnXYpD4G4=
-3,-61,SuUfgsJQEcFVtGDZESEksFbfy1k=,0mn87BspjsFVJxiRw6vnXYpD4G4=
-5,-61,SuUfgsJQEcFVtGDZESEksFbfy1k=,0mn87BspjsFVJxiRw6vnXYpD4G4=
-4,-61,SuUfgsJQEcFVtGDZESEksFbfy1k=,0mn87BspjsFVJxiRw6vnXYpD4G4=
-8,-60,SuUfgsJQEcFVtGDZESEksFbfy1k=,0mn87BspjsFVJxiRw6vnXYpD4G4=
-9,-63,SuUfgsJQEcFVtGDZESEksFbfy1k=,ZxzXLiJNZaAXtObpLceLrlmciXQ=
-6,-61,SuUfgsJQEcFVtGDZESEksFbfy1k=,0mn87BspjsFVJxiRw6vnXYpD4G4=
-8,-61,SuUfgsJQEcFVtGDZESEksFbfy1k=,0mn87BspjsFVJxiRw6vnXYpD4G4=
-9,-57,SuUfgsJQEcFVtGDZESEksFbfy1k=,ZxzXLiJNZaAXtObpLceLrlmciXQ=
-8,-64,SuUfgsJQEcFVtGDZESEksFbfy1k=,0mn87BspjsFVJxiRw6vnXYpD4G4=
-6,-58,SuUfgsJQEcFVtGDZESEksFbfy1k=,0mn87BspjsFVJxiRw6vnXYpD4G4=
-1,-62,SuUfgsJQEcFVtGDZESEksFbfy1k=,0mn87BspjsFVJxiRw6vnXYpD4G4=
-7,-61,SuUfgsJQEcFVtGDZESEksFbfy1k=,0mn87BspjsFVJxiRw6vnXYpD4G4=
-8,-37,mZ+PC+ToF7OHHJupvgS5YeFazCI=,Y9Fn3YebfBM40vmpsRiyYg/X5ck=
-2,-38,mZ+PC+ToF7OHHJupvgS5YeFazCI=,Y9Fn3YebfBM40vmpsRiyYg/X5ck=
-5,-34,mZ+PC+ToF7OHHJupvgS5YeFazCI=,Y9Fn3YebfBM40vmpsRiyYg/X5ck=
-6,-34,mZ+PC+ToF7OHHJupvgS5YeFazCI=,Y9Fn3YebfBM40vmpsRiyYg/X5ck=
-6,-39,mZ+PC+ToF7OHHJupvgS5YeFazCI=,Y9Fn3YebfBM40vmpsRiyYg/X5ck=
-5,-39,mZ+PC+ToF7OHHJupvgS5YeFazCI=,Y9Fn3YebfBM40vmpsRiyYg/X5ck=
-7,-34,mZ+PC+ToF7OHHJupvgS5YeFazCI=,Y9Fn3YebfBM40vmpsRiyYg/X5ck=
-7,-35,mZ+PC+ToF7OHHJupvgS5YeFazCI=,Y9Fn3YebfBM40vmpsRiyYg/X5ck=
-7,-39,mZ+PC+ToF7OHHJupvgS5YeFazCI=,Y9Fn3YebfBM40vmpsRiyYg/X5ck=
-8,-35,mZ+PC+ToF7OHHJupvgS5YeFazCI=,Y9Fn3YebfBM40vmpsRiyYg/X5ck=
-7,-40,mZ+PC+ToF7OHHJupvgS5YeFazCI=,Y9Fn3YebfBM40vmpsRiyYg/X5ck=
-7,-36,mZ+PC+ToF7OHHJupvgS5YeFazCI=,Y9Fn3YebfBM40vmpsRiyYg/X5ck=
-8,-34,mZ+PC+ToF7OHHJupvgS5YeFazCI=,Y9Fn3YebfBM40vmpsRiyYg/X5ck=
-3,-39,mZ+PC+ToF7OHHJupvgS5YeFazCI=,Y9Fn3YebfBM40vmpsRiyYg/X5ck=
-8,-36,mZ+PC+ToF7OHHJupvgS5YeFazCI=,Y9Fn3YebfBM40vmpsRiyYg/X5ck=
-4,-38,mZ+PC+ToF7OHHJupvgS5YeFazCI=,Y9Fn3YebfBM40vmpsRiyYg/X5ck=
-3,-38,mZ+PC+ToF7OHHJupvgS5YeFazCI=,Y9Fn3YebfBM40vmpsRiyYg/X5ck=
-4,-39,mZ+PC+ToF7OHHJupvgS5YeFazCI=,Y9Fn3YebfBM40vmpsRiyYg/X5ck=
-5,-38,mZ+PC+ToF7OHHJupvgS5YeFazCI=,Y9Fn3YebfBM40vmpsRiyYg/X5ck=
-2,-34,mZ+PC+ToF7OHHJupvgS5YeFazCI=,Y9Fn3YebfBM40vmpsRiyYg/X5ck=
-4,-34,mZ+PC+ToF7OHHJupvgS5YeFazCI=,Y9Fn3YebfBM40vmpsRiyYg/X5ck=
-2,-37,mZ+PC+ToF7OHHJupvgS5YeFazCI=,Y9Fn3YebfBM40vmpsRiyYg/X5ck=
-2,-35,mZ+PC+ToF7OHHJupvgS5YeFazCI=,Y9Fn3YebfBM40vmpsRiyYg/X5ck=
-3,-34,mZ+PC+ToF7OHHJupvgS5YeFazCI=,Y9Fn3YebfBM40vmpsRiyYg/X5ck=
-3,-37,mZ+PC+ToF7OHHJupvgS5YeFazCI=,Y9Fn3YebfBM40vmpsRiyYg/X5ck=
-2,-36,mZ+PC+ToF7OHHJupvgS5YeFazCI=,Y9Fn3YebfBM40vmpsRiyYg/X5ck=
-3,-35,mZ+PC+ToF7OHHJupvgS5YeFazCI=,Y9Fn3YebfBM40vmpsRiyYg/X5ck=
-3,-36,mZ+PC+ToF7OHHJupvgS5YeFazCI=,Y9Fn3YebfBM40vmpsRiyYg/X5ck=
-4,-35,mZ+PC+ToF7OHHJupvgS5YeFazCI=,Y9Fn3YebfBM40vmpsRiyYg/X5ck=
-4,-36,mZ+PC+ToF7OHHJupvgS5YeFazCI=,Y9Fn3YebfBM40vmpsRiyYg/X5ck=
-4,-37,mZ+PC+ToF7OHHJupvgS5YeFazCI=,Y9Fn3YebfBM40vmpsRiyYg/X5ck=
-5,-35,mZ+PC+ToF7OHHJupvgS5YeFazCI=,Y9Fn3YebfBM40vmpsRiyYg/X5ck=
-6,-35,mZ+PC+ToF7OHHJupvgS5YeFazCI=,Y9Fn3YebfBM40vmpsRiyYg/X5ck=
-8,-39,mZ+PC+ToF7OHHJupvgS5YeFazCI=,Y9Fn3YebfBM40vmpsRiyYg/X5ck=
-2,-40,mZ+PC+ToF7OHHJupvgS5YeFazCI=,Y9Fn3YebfBM40vmpsRiyYg/X5ck=
-5,-36,mZ+PC+ToF7OHHJupvgS5YeFazCI=,Y9Fn3YebfBM40vmpsRiyYg/X5ck=
-4,-40,mZ+PC+ToF7OHHJupvgS5YeFazCI=,Y9Fn3YebfBM40vmpsRiyYg/X5ck=
-5,-40,mZ+PC+ToF7OHHJupvgS5YeFazCI=,Y9Fn3YebfBM40vmpsRiyYg/X5ck=
-6,-40,mZ+PC+ToF7OHHJupvgS5YeFazCI=,Y9Fn3YebfBM40vmpsRiyYg/X5ck=
-3,-40,mZ+PC+ToF7OHHJupvgS5YeFazCI=,Y9Fn3YebfBM40vmpsRiyYg/X5ck=
-2,-39,mZ+PC+ToF7OHHJupvgS5YeFazCI=,Y9Fn3YebfBM40vmpsRiyYg/X5ck=
-7,-38,mZ+PC+ToF7OHHJupvgS5YeFazCI=,Y9Fn3YebfBM40vmpsRiyYg/X5ck=
-6,-38,mZ+PC+ToF7OHHJupvgS5YeFazCI=,Y9Fn3YebfBM40vmpsRiyYg/X5ck=
-8,-38,mZ+PC+ToF7OHHJupvgS5YeFazCI=,Y9Fn3YebfBM40vmpsRiyYg/X5ck=
-5,-37,mZ+PC+ToF7OHHJupvgS5YeFazCI=,Y9Fn3YebfBM40vmpsRiyYg/X5ck=
-6,-36,mZ+PC+ToF7OHHJupvgS5YeFazCI=,Y9Fn3YebfBM40vmpsRiyYg/X5ck=
-6,-37,mZ+PC+ToF7OHHJupvgS5YeFazCI=,Y9Fn3YebfBM40vmpsRiyYg/X5ck=
-7,-37,mZ+PC+ToF7OHHJupvgS5YeFazCI=,Y9Fn3YebfBM40vmpsRiyYg/X5ck=
-4,-33,mZ+PC+ToF7OHHJupvgS5YeFazCI=,Y9Fn3YebfBM40vmpsRiyYg/X5ck=
-2,-33,mZ+PC+ToF7OHHJupvgS5YeFazCI=,Y9Fn3YebfBM40vmpsRiyYg/X5ck=
-3,-33,mZ+PC+ToF7OHHJupvgS5YeFazCI=,Y9Fn3YebfBM40vmpsRiyYg/X5ck=
-8,-33,mZ+PC+ToF7OHHJupvgS5YeFazCI=,Y9Fn3YebfBM40vmpsRiyYg/X5ck=
-6,-33,mZ+PC+ToF7OHHJupvgS5YeFazCI=,Y9Fn3YebfBM40vmpsRiyYg/X5ck=
-7,-33,mZ+PC+ToF7OHHJupvgS5YeFazCI=,Y9Fn3YebfBM40vmpsRiyYg/X5ck=
-5,-33,mZ+PC+ToF7OHHJupvgS5YeFazCI=,Y9Fn3YebfBM40vmpsRiyYg/X5ck=
-8,-40,mZ+PC+ToF7OHHJupvgS5YeFazCI=,Y9Fn3YebfBM40vmpsRiyYg/X5ck=
-1,-38,mZ+PC+ToF7OHHJupvgS5YeFazCI=,Y9Fn3YebfBM40vmpsRiyYg/X5ck=
-1,-39,mZ+PC+ToF7OHHJupvgS5YeFazCI=,Y9Fn3YebfBM40vmpsRiyYg/X5ck=
-1,-40,mZ+PC+ToF7OHHJupvgS5YeFazCI=,Y9Fn3YebfBM40vmpsRiyYg/X5ck=
-1,-36,mZ+PC+ToF7OHHJupvgS5YeFazCI=,Y9Fn3YebfBM40vmpsRiyYg/X5ck=
-1,-37,mZ+PC+ToF7OHHJupvgS5YeFazCI=,Y9Fn3YebfBM40vmpsRiyYg/X5ck=
-1,-35,mZ+PC+ToF7OHHJupvgS5YeFazCI=,Y9Fn3YebfBM40vmpsRiyYg/X5ck=
-1,-33,mZ+PC+ToF7OHHJupvgS5YeFazCI=,Y9Fn3YebfBM40vmpsRiyYg/X5ck=
-1,-34,mZ+PC+ToF7OHHJupvgS5YeFazCI=,Y9Fn3YebfBM40vmpsRiyYg/X5ck=
