19,-36,66Km94j64g0WvD1xCoG1M7JZ6DM=,FnzC/frAnrq9aN5AHSRH7kY3lq0=
18,-36,66Km94j64g0WvD1xCoG1M7JZ6DM=,FnzC/frAnrq9aN5AHSRH7kY3lq0=
19,-35,66Km94j64g0WvD1xCoG1M7JZ6DM=,FnzC/frAnrq9aN5AHSRH7kY3lq0=
21,-33,66Km94j64g0WvD1xCoG1M7JZ6DM=,FnzC/frAnrq9aN5AHSRH7kY3lq0=
19,-39,66Km94j64g0WvD1xCoG1M7JZ6DM=,FnzC/frAnrq9aN5AHSRH7kY3lq0=
17,-36,66Km94j64g0WvD1xCoG1M7JZ6DM=,FnzC/frAnrq9aN5AHSRH7kY3lq0=
20,-33,66Km94j64g0WvD1xCoG1M7JZ6DM=,FnzC/frAnrq9aN5AHSRH7kY3lq0=
20,-38,66Km94j64g0WvD1xCoG1M7JZ6DM=,FnzC/frAnrq9aN5AHSRH7kY3lq0=
22,-33,66Km94j64g0WvD1xCoG1M7JZ6DM=,FnzC/frAnrq9aN5AHSRH7kY3lq0=
17,-39,66Km94j64g0WvD1xCoG1M7JZ6DM=,FnzC/frAnrq9aN5AHSRH7kY3lq0=
23,-34,66Km94j64g0WvD1xCoG1M7JZ6DM=,FnzC/frAnrq9aN5AHSRH7kY3lq0=
22,-34,66Km94j64g0WvD1xCoG1M7JZ6DM=,FnzC/frAnrq9aN5AHSRH7kY3lq0=
23,-33,66Km94j64g0WvD1xCoG1M7JZ6DM=,FnzC/frAnrq9aN5AHSRH7kY3lq0=
21,-34,66Km94j64g0WvD1xCoG1M7JZ6DM=,FnzC/frAnrq9aN5AHSRH7kY3lq0=
20,-34,66Km94j64g0WvD1xCoG1M7JZ6DM=,FnzC/frAnrq9aN5AHSRH7kY3lq0=
18,-35,66Km94j64g0WvD1xCoG1M7JZ6DM=,FnzC/frAnrq9aN5AHSRH7kY3lq0=
16,-40,66Km94j64g0WvD1xCoG1M7JZ6DM=,FnzC/frAnrq9aN5AHSRH7kY3lq0=
16,-36,66Km94j64g0WvD1xCoG1M7JZ6DM=,FnzC/frAnrq9aN5AHSRH7kY3lq0=
19,-37,66Km94j64g0WvD1xCoG1M7JZ6DM=,FnzC/frAnrq9aN5AHSRH7kY3lq0=
18,-37,66Km94j64g0WvD1xCoG1M7JZ6DM=,FnzC/frAnrq9aN5AHSRH7kY3lq0=
23,-40,66Km94j64g0WvD1xCoG1M7JZ6DM=,FnzC/frAnrq9aN5AHSRH7kY3lq0=
16,-37,66Km94j64g0WvD1xCoG1M7JZ6DM=,FnzC/frAnrq9aN5AHSRH7kY3lq0=
17,-37,66Km94j64g0WvD1xCoG1M7JZ6DM=,FnzC/frAnrq9aN5AHSRH7kY3lq0=
19,-38,66Km94j64g0WvD1xCoG1M7JZ6DM=,FnzC/frAnrq9aN5AHSRH7kY3lq0=
23,-37,66Km94j64g0WvD1xCoG1M7JZ6DM=,FnzC/frAnrq9aN5AHSRH7kY3lq0=
21,-37,66Km94j64g0WvD1xCoG1M7JZ6DM=,FnzC/frAnrq9aN5AHSRH7kY3lq0=
20,-36,66Km94j64g0WvD1xCoG1M7JZ6DM=,FnzC/frAnrq9aN5AHSRH7kY3lq0=
22,-37,66Km94j64g0WvD1xCoG1M7JZ6DM=,FnzC/frAnrq9aN5AHSRH7kY3lq0=
16,-39,66Km94j64g0WvD1xCoG1M7JZ6DM=,FnzC/frAnrq9aN5AHSRH7kY3lq0=
18,-38,66Km94j64g0WvD1xCoG1M7JZ6DM=,FnzC/frAnrq9aN5AHSRH7kY3lq0=
23,-36,66Km94j64g0WvD1xCoG1M7JZ6DM=,FnzC/frAnrq9aN5AHSRH7kY3lq0=
19,-40,66Km94j64g0WvD1xCoG1M7JZ6DM=,FnzC/frAnrq9aN5AHSRH7kY3lq0=
18,-39,66Km94j64g0WvD1xCoG1M7JZ6DM=,FnzC/frAnrq9aN5AHSRH7kY3lq0=
22,-40,66Km94j64g0WvD1xCoG1M7JZ6DM=,FnzC/frAnrq9aN5AHSRH7kY3lq0=
17,-38,66Km94j64g0WvD1xCoG1M7JZ6DM=,FnzC/frAnrq9aN5AHSRH7kY3lq0=
20,-35,66Km94j64g0WvD1xCoG1M7JZ6DM=,FnzC/frAnrq9aN5AHSRH7kY3lq0=
22,-36,66Km94j64g0WvD1xCoG1M7JZ6DM=,FnzC/frAnrq9aN5AHSRH7kY3lq0=
16,-38,66Km94j64g0WvD1xCoG1M7JZ6DM=,FnzC/frAnrq9aN5AHSRH7kY3lq0=
20,-39,66Km94j64g0WvD1xCoG1M7JZ6DM=,FnzC/frAnrq9aN5AHSRH7kY3lq0=
22,-39,66Km94j64g0WvD1xCoG1M7JZ6DM=,FnzC/frAnrq9aN5AHSRH7kY3lq0=
23,-35,66Km94j64g0WvD1xCoG1M7JZ6DM=,FnzC/frAnrq9aN5AHSRH7kY3lq0=
21,-39,66Km94j64g0WvD1xCoG1M7JZ6DM=,FnzC/frAnrq9aN5AHSRH7kY3lq0=
17,-40,66Km94j64g0WvD1xCoG1M7JZ6DM=,FnzC/frAnrq9aN5AHSRH7kY3lq0=
21,-40,66Km94j64g0WvD1xCoG1M7JZ6DM=,FnzC/frAnrq9aN5AHSRH7kY3lq0=
23,-39,66Km94j64g0WvD1xCoG1M7JZ6DM=,FnzC/frAnrq9aN5AHSRH7kY3lq0=
21,-36,66Km94j64g0WvD1xCoG1M7JZ6DM=,FnzC/frAnrq9aN5AHSRH7kY3lq0=
21,-38,66Km94j64g0WvD1xCoG1M7JZ6DM=,FnzC/frAnrq9aN5AHSRH7kY3lq0=
18,-40,66Km94j64g0WvD1xCoG1M7JZ6DM=,FnzC/frAnrq9aN5AHSRH7kY3lq0=
20,-37,66Km94j64g0WvD1xCoG1M7JZ6DM=,FnzC/frAnrq9aN5AHSRH7kY3lq0=
22,-38,66Km94j64g0WvD1xCoG1M7JZ6DM=,FnzC/frAnrq9aN5AHSRH7kY3lq0=
20,-40,66Km94j64g0WvD1xCoG1M7JZ6DM=,FnzC/frAnrq9aN5AHSRH7kY3lq0=
21,-35,66Km94j64g0WvD1xCoG1M7JZ6DM=,FnzC/frAnrq9aN5AHSRH7kY3lq0=
22,-35,66Km94j64g0WvD1xCoG1M7JZ6DM=,FnzC/frAnrq9aN5AHSRH7kY3lq0=
23,-38,66Km94j64g0WvD1xCoG1M7JZ6DM=,FnzC/frAnrq9aN5AHSRH7kY3lq0=
19,-34,66Km94j64g0WvD1xCoG1M7JZ6DM=,FnzC/frAnrq9aN5AHSRH7kY3lq0=
16,-35,66Km94j64g0WvD1xCoG1M7JZ6DM=,FnzC/frAnrq9aN5AHSRH7kY3lq0=
17,-35,66Km94j64g0WvD1xCoG1M7JZ6DM=,FnzC/frAnrq9aN5AHSRH7kY3lq0=
19,-33,66Km94j64g0WvD1xCoG1M7JZ6DM=,FnzC/frAnrq9aN5AHSRH7kY3lq0=
18,-34,66Km94j64g0WvD1xCoG1M7JZ6DM=,FnzC/frAnrq9aN5AHSRH7kY3lq0=
17,-34,66Km94j64g0WvD1xCoG1M7JZ6DM=,FnzC/frAnrq9aN5AHSRH7kY3lq0=
16,-34,66Km94j64g0WvD1xCoG1M7JZ6DM=,FnzC/frAnrq9aN5AHSRH7kY3lq0=
18,-33,66Km94j64g0WvD1xCoG1M7JZ6DM=,FnzC/frAnrq9aN5AHSRH7kY3lq0=
17,-33,66Km94j64g0WvD1xCoG1M7JZ6DM=,FnzC/frAnrq9aN5AHSRH7kY3lq0=
16,-33,66Km94j64g0WvD1xCoG1M7JZ6DM=,FnzC/frAnrq9aN5AHSRH7kY3lq0=
12,-51,dKYqA/NiSp40KoCvFzpQe+xVfRs=,5GzaWal2VZnNsnH024ccO6+RuBA=
14,-55,dKYqA/NiSp40KoCvFzpQe+xVfRs=,5GzaWal2VZnNsnH024ccO6+RuBA=
11,-51,dKYqA/NiSp40KoCvFzpQe+xVfRs=,5GzaWal2VZnNsnH024ccO6+RuBA=
13,-50,dKYqA/NiSp40KoCvFzpQe+xVfRs=,5GzaWal2VZnNsnH024ccO6+RuBA=
11,-52,dKYqA/NiSp40KoCvFzpQe+xVfRs=,5GzaWal2VZnNsnH024ccO6+RuBA=
12,-50,dKYqA/NiSp40KoCvFzpQe+xVfRs=,5GzaWal2VZnNsnH024ccO6+RuBA=
13,-55,dKYqA/NiSp40KoCvFzpQe+xVfRs=,5GzaWal2VZnNsnH024ccO6+RuBA=
11,-50,dKYqA/NiSp40KoCvFzpQe+xVfRs=,5GzaWal2VZnNsnH024ccO6+RuBA=
9,-52,dKYqA/NiSp40KoCvFzpQe+xVfRs=,5GzaWal2VZnNsnH024ccO6+RuBA=
12,-55,dKYqA/NiSp40KoCvFzpQe+xVfRs=,5GzaWal2VZnNsnH024ccO6+RuBA=
14,-54,dKYqA/NiSp40KoCvFzpQe+xVfRs=,5GzaWal2VZnNsnH024ccO6+RuBA=
10,-51,dKYqA/NiSp40KoCvFzpQe+xVfRs=,5GzaWal2VZnNsnH024ccO6+RuBA=
10,-50,dKYqA/NiSp40KoCvFzpQe+xVfRs=,5GzaWal2VZnNsnH024ccO6+RuBA=
9,-50,dKYqA/NiSp40KoCvFzpQe+xVfRs=,5GzaWal2VZnNsnH024ccO6+RuBA=
13,-54,dKYqA/NiSp40KoCvFzpQe+xVfRs=,5GzaWal2VZnNsnH024ccO6+RuBA=
14,-53,dKYqA/NiSp40KoCvFzpQe+xVfRs=,5GzaWal2VZnNsnH024ccO6+RuBA=
13,-53,dKYqA/NiSp40KoCvFzpQe+xVfRs=,5GzaWal2VZnNsnH024ccO6+RuBA=
12,-54,dKYqA/NiSp40KoCvFzpQe+xVfRs=,5GzaWal2VZnNsnH024ccO6+RuBA=
12,-53,dKYqA/NiSp40KoCvFzpQe+xVfRs=,5GzaWal2VZnNsnH024ccO6+RuBA=
14,-51,dKYqA/NiSp40KoCvFzpQe+xVfRs=,5GzaWal2VZnNsnH024ccO6+RuBA=
11,-53,dKYqA/NiSp40KoCvFzpQe+xVfRs=,5GzaWal2VZnNsnH024ccO6+RuBA=
14,-50,dKYqA/NiSp40KoCvFzpQe+xVfRs=,5GzaWal2VZnNsnH024ccO6+RuBA=
10,-53,dKYqA/NiSp40KoCvFzpQe+xVfRs=,5GzaWal2VZnNsnH024ccO6+RuBA=
13,-51,dKYqA/NiSp40KoCvFzpQe+xVfRs=,5GzaWal2VZnNsnH024ccO6+RuBA=
10,-52,dKYqA/NiSp40KoCvFzpQe+xVfRs=,5GzaWal2VZnNsnH024ccO6+RuBA=
9,-51,dKYqA/NiSp40KoCvFzpQe+xVfRs=,5GzaWal2VZnNsnH024ccO6+RuBA=
14,-52,dKYqA/NiSp40KoCvFzpQe+xVfRs=,5GzaWal2VZnNsnH024ccO6+RuBA=
13,-52,dKYqA/NiSp40KoCvFzpQe+xVfRs=,5GzaWal2VZnNsnH024ccO6+RuBA=
12,-52,dKYqA/NiSp40KoCvFzpQe+xVfRs=,5GzaWal2VZnNsnH024ccO6+RuBA=
11,-56,dKYqA/NiSp40KoCvFzpQe+xVfRs=,5GzaWal2VZnNsnH024ccO6+RuBA=
14,-57,dKYqA/NiSp40KoCvFzpQe+xVfRs=,sMBwsQgqIjuEsHE5LdWfrqiLCJg=
13,-57,dKYqA/NiSp40KoCvFzpQe+xVfRs=,sMBwsQgqIjuEsHE5LdWfrqiLCJg=
15,-58,dKYqA/NiSp40KoCvFzpQe+xVfRs=,sMBwsQgqIjuEsHE5LdWfrqiLCJg=
14,-58,dKYqA/NiSp40KoCvFzpQe+xVfRs=,sMBwsQgqIjuEsHE5LdWfrqiLCJg=
13,-58,dKYqA/NiSp40KoCvFzpQe+xVfRs=,sMBwsQgqIjuEsHE5LdWfrqiLCJg=
12,-58,dKYqA/NiSp40KoCvFzpQe+xVfRs=,sMBwsQgqIjuEsHE5LdWfrqiLCJg=
15,-59,dKYqA/NiSp40KoCvFzpQe+xVfRs=,sMBwsQgqIjuEsHE5LdWfrqiLCJg=
14,-59,dKYqA/NiSp40KoCvFzpQe+xVfRs=,sMBwsQgqIjuEsHE5LdWfrqiLCJg=
13,-59,dKYqA/NiSp40KoCvFzpQe+xVfRs=,sMBwsQgqIjuEsHE5LdWfrqiLCJg=
15,-60,dKYqA/NiSp40KoCvFzpQe+xVfRs=,sMBwsQgqIjuEsHE5LdWfrqiLCJg=
14,-60,dKYqA/NiSp40KoCvFzpQe+xVfRs=,sMBwsQgqIjuEsHE5LdWfrqiLCJg=
13,-60,dKYqA/NiSp40KoCvFzpQe+xVfRs=,sMBwsQgqIjuEsHE5LdWfrqiLCJg=
15,-61,dKYqA/NiSp40KoCvFzpQe+xVfRs=,sMBwsQgqIjuEsHE5LdWfrqiLCJg=
14,-61,dKYqA/NiSp40KoCvFzpQe+xVfRs=,sMBwsQgqIjuEsHE5LdWfrqiLCJg=
13,-61,dKYqA/NiSp40KoCvFzpQe+xVfRs=,sMBwsQgqIjuEsHE5LdWfrqiLCJg=
12,-61,dKYqA/NiSp40KoCvFzpQe+xVfRs=,sMBwsQgqIjuEsHE5LdWfrqiLCJg=
15,-62,dKYqA/NiSp40KoCvFzpQe+xVfRs=,sMBwsQgqIjuEsHE5LdWfrqiLCJg=
14,-62,dKYqA/NiSp40KoCvFzpQe+xVfRs=,sMBwsQgqIjuEsHE5LdWfrqiLCJg=
13,-62,dKYqA/NiSp40KoCvFzpQe+xVfRs=,sMBwsQgqIjuEsHE5LdWfrqiLCJg=
12,-62,dKYqA/NiSp40KoCvFzpQe+xVfRs=,sMBwsQgqIjuEsHE5LdWfrqiLCJg=
15,-63,dKYqA/NiSp40KoCvFzpQe+xVfRs=,sMBwsQgqIjuEsHE5LdWfrqiLCJg=
14,-56,dKYqA/NiSp40KoCvFzpQe+xVfRs=,5GzaWal2VZnNsnH024ccO6+RuBA=
13,-56,dKYqA/NiSp40KoCvFzpQe+xVfRs=,5GzaWal2VZnNsnH024ccO6+RuBA=
12,-56,dKYqA/NiSp40KoCvFzpQe+xVfRs=,5GzaWal2VZnNsnH024ccO6+RuBA=
5,-50,dKYqA/NiSp40KoCvFzpQe+xVfRs=,hYgdPt0iNnHE5ffKS4Hn/jMrTMQ=
7,-51,dKYqA/NiSp40KoCvFzpQe+xVfRs=,hYgdPt0iNnHE5ffKS4Hn/jMrTMQ=
8,-52,dKYqA/NiSp40KoCvFzpQe+xVfRs=,5GzaWal2VZnNsnH024ccO6+RuBA=
8,-50,dKYqA/NiSp40KoCvFzpQe+xVfRs=,5GzaWal2VZnNsnH024ccO6+RuBA=
6,-49,dKYqA/NiSp40KoCvFzpQe+xVfRs=,hYgdPt0iNnHE5ffKS4Hn/jMrTMQ=
5,-49,dKYqA/NiSp40KoCvFzpQe+xVfRs=,hYgdPt0iNnHE5ffKS4Hn/jMrTMQ=
4,-49,dKYqA/NiSp40KoCvFzpQe+xVfRs=,hYgdPt0iNnHE5ffKS4Hn/jMrTMQ=
7,-50,dKYqA/NiSp40KoCvFzpQe+xVfRs=,hYgdPt0iNnHE5ffKS4Hn/jMrTMQ=
8,-51,dKYqA/NiSp40KoCvFzpQe+xVfRs=,5GzaWal2VZnNsnH024ccO6+RuBA=
8,-53,dKYqA/NiSp40KoCvFzpQe+xVfRs=,5GzaWal2VZnNsnH024ccO6+RuBA=
8,-54,dKYqA/NiSp40KoCvFzpQe+xVfRs=,5GzaWal2VZnNsnH024ccO6+RuBA=
6,-50,dKYqA/NiSp40KoCvFzpQe+xVfRs=,hYgdPt0iNnHE5ffKS4Hn/jMrTMQ=
14,-49,dKYqA/NiSp40KoCvFzpQe+xVfRs=,5GzaWal2VZnNsnH024ccO6+RuBA=
7,-49,dKYqA/NiSp40KoCvFzpQe+xVfRs=,hYgdPt0iNnHE5ffKS4Hn/jMrTMQ=
8,-49,dKYqA/NiSp40KoCvFzpQe+xVfRs=,5GzaWal2VZnNsnH024ccO6+RuBA=
13,-49,dKYqA/NiSp40KoCvFzpQe+xVfRs=,5GzaWal2VZnNsnH024ccO6+RuBA=
12,-49,dKYqA/NiSp40KoCvFzpQe+xVfRs=,5GzaWal2VZnNsnH024ccO6+RuBA=
11,-49,dKYqA/NiSp40KoCvFzpQe+xVfRs=,5GzaWal2VZnNsnH024ccO6+RuBA=
10,-49,dKYqA/NiSp40KoCvFzpQe+xVfRs=,5GzaWal2VZnNsnH024ccO6+RuBA=
9,-49,dKYqA/NiSp40KoCvFzpQe+xVfRs=,5GzaWal2VZnNsnH024ccO6+RuBA=
4,-50,dKYqA/NiSp40KoCvFzpQe+xVfRs=,hYgdPt0iNnHE5ffKS4Hn/jMrTMQ=
6,-51,dKYqA/NiSp40KoCvFzpQe+xVfRs=,hYgdPt0iNnHE5ffKS4Hn/jMrTMQ=
7,-52,dKYqA/NiSp40KoCvFzpQe+xVfRs=,hYgdPt0iNnHE5ffKS4Hn/jMrTMQ=
5,-51,dKYqA/NiSp40KoCvFzpQe+xVfRs=,hYgdPt0iNnHE5ffKS4Hn/jMrTMQ=
4,-51,dKYqA/NiSp40KoCvFzpQe+xVfRs=,hYgdPt0iNnHE5ffKS4Hn/jMrTMQ=
4,-52,/hgayYeUxyHXTJHHyaAei7l9qh8=,hYgdPt0iNnHE5ffKS4Hn/jMrTMQ=
5,-52,/hgayYeUxyHXTJHHyaAei7l9qh8=,hYgdPt0iNnHE5ffKS4Hn/jMrTMQ=
6,-52,/hgayYeUxyHXTJHHyaAei7l9qh8=,hYgdPt0iNnHE5ffKS4Hn/jMrTMQ=
15,-64,/hgayYeUxyHXTJHHyaAei7l9qh8=,sMBwsQgqIjuEsHE5LdWfrqiLCJg=
15,-56,/hgayYeUxyHXTJHHyaAei7l9qh8=,5GzaWal2VZnNsnH024ccO6+RuBA=
15,-55,/hgayYeUxyHXTJHHyaAei7l9qh8=,5GzaWal2VZnNsnH024ccO6+RuBA=
15,-52,/hgayYeUxyHXTJHHyaAei7l9qh8=,5GzaWal2VZnNsnH024ccO6+RuBA=
15,-50,/hgayYeUxyHXTJHHyaAei7l9qh8=,5GzaWal2VZnNsnH024ccO6+RuBA=
15,-51,/hgayYeUxyHXTJHHyaAei7l9qh8=,5GzaWal2VZnNsnH024ccO6+RuBA=
15,-54,/hgayYeUxyHXTJHHyaAei7l9qh8=,5GzaWal2VZnNsnH024ccO6+RuBA=
15,-53,/hgayYeUxyHXTJHHyaAei7l9qh8=,5GzaWal2VZnNsnH024ccO6+RuBA=
15,-57,/hgayYeUxyHXTJHHyaAei7l9qh8=,sMBwsQgqIjuEsHE5LdWfrqiLCJg=
12,-60,/hgayYeUxyHXTJHHyaAei7l9qh8=,sMBwsQgqIjuEsHE5LdWfrqiLCJg=
15,-49,/hgayYeUxyHXTJHHyaAei7l9qh8=,5GzaWal2VZnNsnH024ccO6+RuBA=
12,-59,/hgayYeUxyHXTJHHyaAei7l9qh8=,sMBwsQgqIjuEsHE5LdWfrqiLCJg=
12,-57,/hgayYeUxyHXTJHHyaAei7l9qh8=,sMBwsQgqIjuEsHE5LdWfrqiLCJg=
0,-49,/hgayYeUxyHXTJHHyaAei7l9qh8=,hYgdPt0iNnHE5ffKS4Hn/jMrTMQ=
14,-63,/hgayYeUxyHXTJHHyaAei7l9qh8=,sMBwsQgqIjuEsHE5LdWfrqiLCJg=
1,-50,/hgayYeUxyHXTJHHyaAei7l9qh8=,hYgdPt0iNnHE5ffKS4Hn/jMrTMQ=
12,-63,/hgayYeUxyHXTJHHyaAei7l9qh8=,sMBwsQgqIjuEsHE5LdWfrqiLCJg=
14,-64,/hgayYeUxyHXTJHHyaAei7l9qh8=,sMBwsQgqIjuEsHE5LdWfrqiLCJg=
0,-50,/hgayYeUxyHXTJHHyaAei7l9qh8=,hYgdPt0iNnHE5ffKS4Hn/jMrTMQ=
3,-50,/hgayYeUxyHXTJHHyaAei7l9qh8=,hYgdPt0iNnHE5ffKS4Hn/jMrTMQ=
13,-63,/hgayYeUxyHXTJHHyaAei7l9qh8=,sMBwsQgqIjuEsHE5LdWfrqiLCJg=
3,-49,/hgayYeUxyHXTJHHyaAei7l9qh8=,hYgdPt0iNnHE5ffKS4Hn/jMrTMQ=
13,-64,/hgayYeUxyHXTJHHyaAei7l9qh8=,sMBwsQgqIjuEsHE5LdWfrqiLCJg=
12,-64,/hgayYeUxyHXTJHHyaAei7l9qh8=,sMBwsQgqIjuEsHE5LdWfrqiLCJg=
2,-51,/hgayYeUxyHXTJHHyaAei7l9qh8=,hYgdPt0iNnHE5ffKS4Hn/jMrTMQ=
1,-49,/hgayYeUxyHXTJHHyaAei7l9qh8=,hYgdPt0iNnHE5ffKS4Hn/jMrTMQ=
3,-51,/hgayYeUxyHXTJHHyaAei7l9qh8=,hYgdPt0iNnHE5ffKS4Hn/jMrTMQ=
1,-51,/hgayYeUxyHXTJHHyaAei7l9qh8=,hYgdPt0iNnHE5ffKS4Hn/jMrTMQ=
2,-50,/hgayYeUxyHXTJHHyaAei7l9qh8=,hYgdPt0iNnHE5ffKS4Hn/jMrTMQ=
3,-52,/hgayYeUxyHXTJHHyaAei7l9qh8=,hYgdPt0iNnHE5ffKS4Hn/jMrTMQ=
0,-51,/hgayYeUxyHXTJHHyaAei7l9qh8=,hYgdPt0iNnHE5ffKS4Hn/jMrTMQ=
1,-52,/hgayYeUxyHXTJHHyaAei7l9qh8=,hYgdPt0iNnHE5ffKS4Hn/jMrTMQ=
0,-52,/hgayYeUxyHXTJHHyaAei7l9qh8=,hYgdPt0iNnHE5ffKS4Hn/jMrTMQ=
2,-52,/hgayYeUxyHXTJHHyaAei7l9qh8=,hYgdPt0iNnHE5ffKS4Hn/jMrTMQ=
2,-49,/hgayYeUxyHXTJHHyaAei7l9qh8=,hYgdPt0iNnHE5ffKS4Hn/jMrTMQ=
8,-59,/hgayYeUxyHXTJHHyaAei7l9qh8=,sMBwsQgqIjuEsHE5LdWfrqiLCJg=
6,-62,2oBYyBXGhelJs44HXZADQC9VizY=,8SnblIjwdcavAxKlN6wLpiZ2lsY=
7,-62,2oBYyBXGhelJs44HXZADQC9VizY=,8SnblIjwdcavAxKlN6wLpiZ2lsY=
9,-53,/hgayYeUxyHXTJHHyaAei7l9qh8=,5GzaWal2VZnNsnH024ccO6+RuBA=
11,-54,/hgayYeUxyHXTJHHyaAei7l9qh8=,5GzaWal2VZnNsnH024ccO6+RuBA=
8,-61,/hgayYeUxyHXTJHHyaAei7l9qh8=,sMBwsQgqIjuEsHE5LdWfrqiLCJg=
6,-63,2oBYyBXGhelJs44HXZADQC9VizY=,8SnblIjwdcavAxKlN6wLpiZ2lsY=
3,-62,2oBYyBXGhelJs44HXZADQC9VizY=,8SnblIjwdcavAxKlN6wLpiZ2lsY=
4,-61,2oBYyBXGhelJs44HXZADQC9VizY=,8SnblIjwdcavAxKlN6wLpiZ2lsY=
7,-63,2oBYyBXGhelJs44HXZADQC9VizY=,8SnblIjwdcavAxKlN6wLpiZ2lsY=
5,-62,2oBYyBXGhelJs44HXZADQC9VizY=,8SnblIjwdcavAxKlN6wLpiZ2lsY=
0,-61,2oBYyBXGhelJs44HXZADQC9VizY=,8SnblIjwdcavAxKlN6wLpiZ2lsY=
4,-62,2oBYyBXGhelJs44HXZADQC9VizY=,8SnblIjwdcavAxKlN6wLpiZ2lsY=
8,-58,/hgayYeUxyHXTJHHyaAei7l9qh8=,sMBwsQgqIjuEsHE5LdWfrqiLCJg=
8,-60,/hgayYeUxyHXTJHHyaAei7l9qh8=,sMBwsQgqIjuEsHE5LdWfrqiLCJg=
11,-55,/hgayYeUxyHXTJHHyaAei7l9qh8=,5GzaWal2VZnNsnH024ccO6+RuBA=
2,-62,2oBYyBXGhelJs44HXZADQC9VizY=,8SnblIjwdcavAxKlN6wLpiZ2lsY=
0,-62,2oBYyBXGhelJs44HXZADQC9VizY=,8SnblIjwdcavAxKlN6wLpiZ2lsY=
1,-62,2oBYyBXGhelJs44HXZADQC9VizY=,8SnblIjwdcavAxKlN6wLpiZ2lsY=
9,-54,/hgayYeUxyHXTJHHyaAei7l9qh8=,5GzaWal2VZnNsnH024ccO6+RuBA=
11,-57,/hgayYeUxyHXTJHHyaAei7l9qh8=,sMBwsQgqIjuEsHE5LdWfrqiLCJg=
10,-56,/hgayYeUxyHXTJHHyaAei7l9qh8=,5GzaWal2VZnNsnH024ccO6+RuBA=
10,-55,/hgayYeUxyHXTJHHyaAei7l9qh8=,5GzaWal2VZnNsnH024ccO6+RuBA=
9,-55,/hgayYeUxyHXTJHHyaAei7l9qh8=,5GzaWal2VZnNsnH024ccO6+RuBA=
10,-54,/hgayYeUxyHXTJHHyaAei7l9qh8=,5GzaWal2VZnNsnH024ccO6+RuBA=
9,-56,/hgayYeUxyHXTJHHyaAei7l9qh8=,5GzaWal2VZnNsnH024ccO6+RuBA=
1,-61,2oBYyBXGhelJs44HXZADQC9VizY=,8SnblIjwdcavAxKlN6wLpiZ2lsY=
11,-63,/hgayYeUxyHXTJHHyaAei7l9qh8=,sMBwsQgqIjuEsHE5LdWfrqiLCJg=
11,-58,/hgayYeUxyHXTJHHyaAei7l9qh8=,sMBwsQgqIjuEsHE5LdWfrqiLCJg=
11,-59,/hgayYeUxyHXTJHHyaAei7l9qh8=,sMBwsQgqIjuEsHE5LdWfrqiLCJg=
11,-64,/hgayYeUxyHXTJHHyaAei7l9qh8=,sMBwsQgqIjuEsHE5LdWfrqiLCJg=
9,-57,/hgayYeUxyHXTJHHyaAei7l9qh8=,sMBwsQgqIjuEsHE5LdWfrqiLCJg=
10,-63,/hgayYeUxyHXTJHHyaAei7l9qh8=,sMBwsQgqIjuEsHE5LdWfrqiLCJg=
9,-63,/hgayYeUxyHXTJHHyaAei7l9qh8=,sMBwsQgqIjuEsHE5LdWfrqiLCJg=
11,-60,/hgayYeUxyHXTJHHyaAei7l9qh8=,sMBwsQgqIjuEsHE5LdWfrqiLCJg=
9,-59,/hgayYeUxyHXTJHHyaAei7l9qh8=,sMBwsQgqIjuEsHE5LdWfrqiLCJg=
10,-57,/hgayYeUxyHXTJHHyaAei7l9qh8=,sMBwsQgqIjuEsHE5LdWfrqiLCJg=
10,-59,/hgayYeUxyHXTJHHyaAei7l9qh8=,sMBwsQgqIjuEsHE5LdWfrqiLCJg=
10,-64,/hgayYeUxyHXTJHHyaAei7l9qh8=,sMBwsQgqIjuEsHE5LdWfrqiLCJg=
10,-60,/hgayYeUxyHXTJHHyaAei7l9qh8=,sMBwsQgqIjuEsHE5LdWfrqiLCJg=
11,-61,/hgayYeUxyHXTJHHyaAei7l9qh8=,sMBwsQgqIjuEsHE5LdWfrqiLCJg=
11,-62,/hgayYeUxyHXTJHHyaAei7l9qh8=,sMBwsQgqIjuEsHE5LdWfrqiLCJg=
2,-61,2oBYyBXGhelJs44HXZADQC9VizY=,8SnblIjwdcavAxKlN6wLpiZ2lsY=
9,-58,/hgayYeUxyHXTJHHyaAei7l9qh8=,sMBwsQgqIjuEsHE5LdWfrqiLCJg=
10,-58,/hgayYeUxyHXTJHHyaAei7l9qh8=,sMBwsQgqIjuEsHE5LdWfrqiLCJg=
9,-60,/hgayYeUxyHXTJHHyaAei7l9qh8=,sMBwsQgqIjuEsHE5LdWfrqiLCJg=
9,-64,/hgayYeUxyHXTJHHyaAei7l9qh8=,sMBwsQgqIjuEsHE5LdWfrqiLCJg=
7,-53,/hgayYeUxyHXTJHHyaAei7l9qh8=,hYgdPt0iNnHE5ffKS4Hn/jMrTMQ=
10,-61,/hgayYeUxyHXTJHHyaAei7l9qh8=,sMBwsQgqIjuEsHE5LdWfrqiLCJg=
7,-54,/hgayYeUxyHXTJHHyaAei7l9qh8=,hYgdPt0iNnHE5ffKS4Hn/jMrTMQ=
3,-61,2oBYyBXGhelJs44HXZADQC9VizY=,8SnblIjwdcavAxKlN6wLpiZ2lsY=
9,-61,/hgayYeUxyHXTJHHyaAei7l9qh8=,sMBwsQgqIjuEsHE5LdWfrqiLCJg=
2,-53,Q4BZ3bVLW9wg1UpSLYXfrJuN6n8=,hYgdPt0iNnHE5ffKS4Hn/jMrTMQ=
10,-62,Q4BZ3bVLW9wg1UpSLYXfrJuN6n8=,sMBwsQgqIjuEsHE5LdWfrqiLCJg=
6,-53,Q4BZ3bVLW9wg1UpSLYXfrJuN6n8=,hYgdPt0iNnHE5ffKS4Hn/jMrTMQ=
5,-53,Q4BZ3bVLW9wg1UpSLYXfrJuN6n8=,hYgdPt0iNnHE5ffKS4Hn/jMrTMQ=
4,-53,Q4BZ3bVLW9wg1UpSLYXfrJuN6n8=,hYgdPt0iNnHE5ffKS4Hn/jMrTMQ=
3,-53,Q4BZ3bVLW9wg1UpSLYXfrJuN6n8=,hYgdPt0iNnHE5ffKS4Hn/jMrTMQ=
0,-53,Q4BZ3bVLW9wg1UpSLYXfrJuN6n8=,hYgdPt0iNnHE5ffKS4Hn/jMrTMQ=
1,-53,Q4BZ3bVLW9wg1UpSLYXfrJuN6n8=,hYgdPt0iNnHE5ffKS4Hn/jMrTMQ=
4,-54,Q4BZ3bVLW9wg1UpSLYXfrJuN6n8=,hYgdPt0iNnHE5ffKS4Hn/jMrTMQ=
0,-54,Q4BZ3bVLW9wg1UpSLYXfrJuN6n8=,hYgdPt0iNnHE5ffKS4Hn/jMrTMQ=
9,-62,Q4BZ3bVLW9wg1UpSLYXfrJuN6n8=,sMBwsQgqIjuEsHE5LdWfrqiLCJg=
6,-54,Q4BZ3bVLW9wg1UpSLYXfrJuN6n8=,hYgdPt0iNnHE5ffKS4Hn/jMrTMQ=
0,-55,Q4BZ3bVLW9wg1UpSLYXfrJuN6n8=,hYgdPt0iNnHE5ffKS4Hn/jMrTMQ=
3,-55,Q4BZ3bVLW9wg1UpSLYXfrJuN6n8=,hYgdPt0iNnHE5ffKS4Hn/jMrTMQ=
4,-55,Q4BZ3bVLW9wg1UpSLYXfrJuN6n8=,hYgdPt0iNnHE5ffKS4Hn/jMrTMQ=
5,-61,2oBYyBXGhelJs44HXZADQC9VizY=,8SnblIjwdcavAxKlN6wLpiZ2lsY=
3,-54,Q4BZ3bVLW9wg1UpSLYXfrJuN6n8=,hYgdPt0iNnHE5ffKS4Hn/jMrTMQ=
5,-54,Q4BZ3bVLW9wg1UpSLYXfrJuN6n8=,hYgdPt0iNnHE5ffKS4Hn/jMrTMQ=
1,-54,Q4BZ3bVLW9wg1UpSLYXfrJuN6n8=,hYgdPt0iNnHE5ffKS4Hn/jMrTMQ=
2,-54,Q4BZ3bVLW9wg1UpSLYXfrJuN6n8=,hYgdPt0iNnHE5ffKS4Hn/jMrTMQ=
1,-55,Q4BZ3bVLW9wg1UpSLYXfrJuN6n8=,hYgdPt0iNnHE5ffKS4Hn/jMrTMQ=
5,-63,2oBYyBXGhelJs44HXZADQC9VizY=,8SnblIjwdcavAxKlN6wLpiZ2lsY=
8,-55,Q4BZ3bVLW9wg1UpSLYXfrJuN6n8=,5GzaWal2VZnNsnH024ccO6+RuBA=
7,-55,Q4BZ3bVLW9wg1UpSLYXfrJuN6n8=,hYgdPt0iNnHE5ffKS4Hn/jMrTMQ=
3,-63,2oBYyBXGhelJs44HXZADQC9VizY=,8SnblIjwdcavAxKlN6wLpiZ2lsY=
5,-55,Q4BZ3bVLW9wg1UpSLYXfrJuN6n8=,hYgdPt0iNnHE5ffKS4Hn/jMrTMQ=
3,-57,2oBYyBXGhelJs44HXZADQC9VizY=,8SnblIjwdcavAxKlN6wLpiZ2lsY=
6,-55,Q4BZ3bVLW9wg1UpSLYXfrJuN6n8=,hYgdPt0iNnHE5ffKS4Hn/jMrTMQ=
2,-55,Q4BZ3bVLW9wg1UpSLYXfrJuN6n8=,hYgdPt0iNnHE5ffKS4Hn/jMrTMQ=
4,-57,2oBYyBXGhelJs44HXZADQC9VizY=,8SnblIjwdcavAxKlN6wLpiZ2lsY=
8,-63,Q4BZ3bVLW9wg1UpSLYXfrJuN6n8=,sMBwsQgqIjuEsHE5LdWfrqiLCJg=
3,-56,Q4BZ3bVLW9wg1UpSLYXfrJuN6n8=,hYgdPt0iNnHE5ffKS4Hn/jMrTMQ=
2,-63,2oBYyBXGhelJs44HXZADQC9VizY=,8SnblIjwdcavAxKlN6wLpiZ2lsY=
7,-61,2oBYyBXGhelJs44HXZADQC9VizY=,8SnblIjwdcavAxKlN6wLpiZ2lsY=
8,-64,Q4BZ3bVLW9wg1UpSLYXfrJuN6n8=,sMBwsQgqIjuEsHE5LdWfrqiLCJg=
0,-56,Q4BZ3bVLW9wg1UpSLYXfrJuN6n8=,hYgdPt0iNnHE5ffKS4Hn/jMrTMQ=
4,-56,Q4BZ3bVLW9wg1UpSLYXfrJuN6n8=,hYgdPt0iNnHE5ffKS4Hn/jMrTMQ=
3,-58,2oBYyBXGhelJs44HXZADQC9VizY=,8SnblIjwdcavAxKlN6wLpiZ2lsY=
0,-57,2oBYyBXGhelJs44HXZADQC9VizY=,8SnblIjwdcavAxKlN6wLpiZ2lsY=
6,-57,2oBYyBXGhelJs44HXZADQC9VizY=,8SnblIjwdcavAxKlN6wLpiZ2lsY=
1,-57,2oBYyBXGhelJs44HXZADQC9VizY=,8SnblIjwdcavAxKlN6wLpiZ2lsY=
7,-57,2oBYyBXGhelJs44HXZADQC9VizY=,8SnblIjwdcavAxKlN6wLpiZ2lsY=
5,-59,2oBYyBXGhelJs44HXZADQC9VizY=,8SnblIjwdcavAxKlN6wLpiZ2lsY=
5,-58,2oBYyBXGhelJs44HXZADQC9VizY=,8SnblIjwdcavAxKlN6wLpiZ2lsY=
4,-58,2oBYyBXGhelJs44HXZADQC9VizY=,8SnblIjwdcavAxKlN6wLpiZ2lsY=
7,-64,2oBYyBXGhelJs44HXZADQC9VizY=,8SnblIjwdcavAxKlN6wLpiZ2lsY=
1,-56,Q4BZ3bVLW9wg1UpSLYXfrJuN6n8=,hYgdPt0iNnHE5ffKS4Hn/jMrTMQ=
7,-58,2oBYyBXGhelJs44HXZADQC9VizY=,8SnblIjwdcavAxKlN6wLpiZ2lsY=
2,-58,2oBYyBXGhelJs44HXZADQC9VizY=,8SnblIjwdcavAxKlN6wLpiZ2lsY=
5,-57,2oBYyBXGhelJs44HXZADQC9VizY=,8SnblIjwdcavAxKlN6wLpiZ2lsY=
4,-59,2oBYyBXGhelJs44HXZADQC9VizY=,8SnblIjwdcavAxKlN6wLpiZ2lsY=
2,-57,2oBYyBXGhelJs44HXZADQC9VizY=,8SnblIjwdcavAxKlN6wLpiZ2lsY=
6,-58,2oBYyBXGhelJs44HXZADQC9VizY=,8SnblIjwdcavAxKlN6wLpiZ2lsY=
0,-58,2oBYyBXGhelJs44HXZADQC9VizY=,8SnblIjwdcavAxKlN6wLpiZ2lsY=
8,-56,Q4BZ3bVLW9wg1UpSLYXfrJuN6n8=,5GzaWal2VZnNsnH024ccO6+RuBA=
6,-64,2oBYyBXGhelJs44HXZADQC9VizY=,8SnblIjwdcavAxKlN6wLpiZ2lsY=
2,-56,Q4BZ3bVLW9wg1UpSLYXfrJuN6n8=,hYgdPt0iNnHE5ffKS4Hn/jMrTMQ=
5,-56,Q4BZ3bVLW9wg1UpSLYXfrJuN6n8=,hYgdPt0iNnHE5ffKS4Hn/jMrTMQ=
1,-60,2oBYyBXGhelJs44HXZADQC9VizY=,8SnblIjwdcavAxKlN6wLpiZ2lsY=
1,-58,2oBYyBXGhelJs44HXZADQC9VizY=,8SnblIjwdcavAxKlN6wLpiZ2lsY=
7,-59,2oBYyBXGhelJs44HXZADQC9VizY=,8SnblIjwdcavAxKlN6wLpiZ2lsY=
5,-64,2oBYyBXGhelJs44HXZADQC9VizY=,8SnblIjwdcavAxKlN6wLpiZ2lsY=
1,-63,2oBYyBXGhelJs44HXZADQC9VizY=,8SnblIjwdcavAxKlN6wLpiZ2lsY=
4,-64,2oBYyBXGhelJs44HXZADQC9VizY=,8SnblIjwdcavAxKlN6wLpiZ2lsY=
6,-56,Q4BZ3bVLW9wg1UpSLYXfrJuN6n8=,hYgdPt0iNnHE5ffKS4Hn/jMrTMQ=
0,-63,2oBYyBXGhelJs44HXZADQC9VizY=,8SnblIjwdcavAxKlN6wLpiZ2lsY=
6,-59,2oBYyBXGhelJs44HXZADQC9VizY=,8SnblIjwdcavAxKlN6wLpiZ2lsY=
3,-59,2oBYyBXGhelJs44HXZADQC9VizY=,8SnblIjwdcavAxKlN6wLpiZ2lsY=
6,-61,2oBYyBXGhelJs44HXZADQC9VizY=,8SnblIjwdcavAxKlN6wLpiZ2lsY=
5,-60,2oBYyBXGhelJs44HXZADQC9VizY=,8SnblIjwdcavAxKlN6wLpiZ2lsY=
2,-59,2oBYyBXGhelJs44HXZADQC9VizY=,8SnblIjwdcavAxKlN6wLpiZ2lsY=
7,-60,2oBYyBXGhelJs44HXZADQC9VizY=,8SnblIjwdcavAxKlN6wLpiZ2lsY=
6,-60,2oBYyBXGhelJs44HXZADQC9VizY=,8SnblIjwdcavAxKlN6wLpiZ2lsY=
7,-56,Q4BZ3bVLW9wg1UpSLYXfrJuN6n8=,hYgdPt0iNnHE5ffKS4Hn/jMrTMQ=
8,-62,Q4BZ3bVLW9wg1UpSLYXfrJuN6n8=,sMBwsQgqIjuEsHE5LdWfrqiLCJg=
1,-59,2oBYyBXGhelJs44HXZADQC9VizY=,8SnblIjwdcavAxKlN6wLpiZ2lsY=
8,-57,Q4BZ3bVLW9wg1UpSLYXfrJuN6n8=,sMBwsQgqIjuEsHE5LdWfrqiLCJg=
0,-59,2oBYyBXGhelJs44HXZADQC9VizY=,8SnblIjwdcavAxKlN6wLpiZ2lsY=
2,-64,2oBYyBXGhelJs44HXZADQC9VizY=,8SnblIjwdcavAxKlN6wLpiZ2lsY=
3,-64,2oBYyBXGhelJs44HXZADQC9VizY=,8SnblIjwdcavAxKlN6wLpiZ2lsY=
1,-64,2oBYyBXGhelJs44HXZADQC9VizY=,8SnblIjwdcavAxKlN6wLpiZ2lsY=
2,-60,2oBYyBXGhelJs44HXZADQC9VizY=,8SnblIjwdcavAxKlN6wLpiZ2lsY=
0,-64,2oBYyBXGhelJs44HXZADQC9VizY=,8SnblIjwdcavAxKlN6wLpiZ2lsY=
4,-60,2oBYyBXGhelJs44HXZADQC9VizY=,8SnblIjwdcavAxKlN6wLpiZ2lsY=
3,-60,2oBYyBXGhelJs44HXZADQC9VizY=,8SnblIjwdcavAxKlN6wLpiZ2lsY=
4,-63,2oBYyBXGhelJs44HXZADQC9VizY=,8SnblIjwdcavAxKlN6wLpiZ2lsY=
0,-60,2oBYyBXGhelJs44HXZADQC9VizY=,8SnblIjwdcavAxKlN6wLpiZ2lsY=
9,-39,69p0nPmP38xSrRZs+yR2crE9Zjw=,CbT3JgpCs0GjjpbD7PYL5pCD8E0=
11,-34,69p0nPmP38xSrRZs+yR2crE9Zjw=,CbT3JgpCs0GjjpbD7PYL5pCD8E0=
9,-35,69p0nPmP38xSrRZs+yR2crE9Zjw=,CbT3JgpCs0GjjpbD7PYL5pCD8E0=
9,-36,69p0nPmP38xSrRZs+yR2crE9Zjw=,CbT3JgpCs0GjjpbD7PYL5pCD8E0=
13,-40,69p0nPmP38xSrRZs+yR2crE9Zjw=,CbT3JgpCs0GjjpbD7PYL5pCD8E0=
10,-34,69p0nPmP38xSrRZs+yR2crE9Zjw=,CbT3JgpCs0GjjpbD7PYL5pCD8E0=
14,-36,69p0nPmP38xSrRZs+yR2crE9Zjw=,CbT3JgpCs0GjjpbD7PYL5pCD8E0=
14,-34,69p0nPmP38xSrRZs+yR2crE9Zjw=,CbT3JgpCs0GjjpbD7PYL5pCD8E0=
14,-38,69p0nPmP38xSrRZs+yR2crE9Zjw=,CbT3JgpCs0GjjpbD7PYL5pCD8E0=
13,-38,69p0nPmP38xSrRZs+yR2crE9Zjw=,CbT3JgpCs0GjjpbD7PYL5pCD8E0=
12,-38,69p0nPmP38xSrRZs+yR2crE9Zjw=,CbT3JgpCs0GjjpbD7PYL5pCD8E0=
13,-36,69p0nPmP38xSrRZs+yR2crE9Zjw=,CbT3JgpCs0GjjpbD7PYL5pCD8E0=
9,-34,69p0nPmP38xSrRZs+yR2crE9Zjw=,CbT3JgpCs0GjjpbD7PYL5pCD8E0=
13,-34,69p0nPmP38xSrRZs+yR2crE9Zjw=,CbT3JgpCs0GjjpbD7PYL5pCD8E0=
11,-38,69p0nPmP38xSrRZs+yR2crE9Zjw=,CbT3JgpCs0GjjpbD7PYL5pCD8E0=
14,-39,69p0nPmP38xSrRZs+yR2crE9Zjw=,CbT3JgpCs0GjjpbD7PYL5pCD8E0=
10,-38,69p0nPmP38xSrRZs+yR2crE9Zjw=,CbT3JgpCs0GjjpbD7PYL5pCD8E0=
12,-36,69p0nPmP38xSrRZs+yR2crE9Zjw=,CbT3JgpCs0GjjpbD7PYL5pCD8E0=
14,-37,69p0nPmP38xSrRZs+yR2crE9Zjw=,CbT3JgpCs0GjjpbD7PYL5pCD8E0=
14,-35,69p0nPmP38xSrRZs+yR2crE9Zjw=,CbT3JgpCs0GjjpbD7PYL5pCD8E0=
11,-36,69p0nPmP38xSrRZs+yR2crE9Zjw=,CbT3JgpCs0GjjpbD7PYL5pCD8E0=
11,-40,69p0nPmP38xSrRZs+yR2crE9Zjw=,CbT3JgpCs0GjjpbD7PYL5pCD8E0=
13,-37,69p0nPmP38xSrRZs+yR2crE9Zjw=,CbT3JgpCs0GjjpbD7PYL5pCD8E0=
13,-35,69p0nPmP38xSrRZs+yR2crE9Zjw=,CbT3JgpCs0GjjpbD7PYL5pCD8E0=
12,-37,69p0nPmP38xSrRZs+yR2crE9Zjw=,CbT3JgpCs0GjjpbD7PYL5pCD8E0=
12,-35,69p0nPmP38xSrRZs+yR2crE9Zjw=,CbT3JgpCs0GjjpbD7PYL5pCD8E0=
13,-39,69p0nPmP38xSrRZs+yR2crE9Zjw=,CbT3JgpCs0GjjpbD7PYL5pCD8E0=
12,-39,69p0nPmP38xSrRZs+yR2crE9Zjw=,CbT3JgpCs0GjjpbD7PYL5pCD8E0=
12,-34,69p0nPmP38xSrRZs+yR2crE9Zjw=,CbT3JgpCs0GjjpbD7PYL5pCD8E0=
11,-39,69p0nPmP38xSrRZs+yR2crE9Zjw=,CbT3JgpCs0GjjpbD7PYL5pCD8E0=
10,-39,69p0nPmP38xSrRZs+yR2crE9Zjw=,CbT3JgpCs0GjjpbD7PYL5pCD8E0=
11,-35,69p0nPmP38xSrRZs+yR2crE9Zjw=,CbT3JgpCs0GjjpbD7PYL5pCD8E0=
14,-40,69p0nPmP38xSrRZs+yR2crE9Zjw=,CbT3JgpCs0GjjpbD7PYL5pCD8E0=
9,-38,69p0nPmP38xSrRZs+yR2crE9Zjw=,CbT3JgpCs0GjjpbD7PYL5pCD8E0=
10,-36,69p0nPmP38xSrRZs+yR2crE9Zjw=,CbT3JgpCs0GjjpbD7PYL5pCD8E0=
11,-37,69p0nPmP38xSrRZs+yR2crE9Zjw=,CbT3JgpCs0GjjpbD7PYL5pCD8E0=
9,-40,69p0nPmP38xSrRZs+yR2crE9Zjw=,CbT3JgpCs0GjjpbD7PYL5pCD8E0=
10,-37,69p0nPmP38xSrRZs+yR2crE9Zjw=,CbT3JgpCs0GjjpbD7PYL5pCD8E0=
10,-40,69p0nPmP38xSrRZs+yR2crE9Zjw=,CbT3JgpCs0GjjpbD7PYL5pCD8E0=
10,-35,69p0nPmP38xSrRZs+yR2crE9Zjw=,CbT3JgpCs0GjjpbD7PYL5pCD8E0=
9,-37,69p0nPmP38xSrRZs+yR2crE9Zjw=,CbT3JgpCs0GjjpbD7PYL5pCD8E0=
12,-40,69p0nPmP38xSrRZs+yR2crE9Zjw=,CbT3JgpCs0GjjpbD7PYL5pCD8E0=
12,-33,69p0nPmP38xSrRZs+yR2crE9Zjw=,CbT3JgpCs0GjjpbD7PYL5pCD8E0=
13,-33,69p0nPmP38xSrRZs+yR2crE9Zjw=,CbT3JgpCs0GjjpbD7PYL5pCD8E0=
9,-33,69p0nPmP38xSrRZs+yR2crE9Zjw=,CbT3JgpCs0GjjpbD7PYL5pCD8E0=
10,-33,69p0nPmP38xSrRZs+yR2crE9Zjw=,CbT3JgpCs0GjjpbD7PYL5pCD8E0=
11,-33,69p0nPmP38xSrRZs+yR2crE9Zjw=,CbT3JgpCs0GjjpbD7PYL5pCD8E0=
2,-42,69p0nPmP38xSrRZs+yR2crE9Zjw=,QeVUJzo5Hr7GRfOXna7SZCgRwjM=
7,-43,69p0nPmP38xSrRZs+yR2crE9Zjw=,QeVUJzo5Hr7GRfOXna7SZCgRwjM=
6,-43,69p0nPmP38xSrRZs+yR2crE9Zjw=,QeVUJzo5Hr7GRfOXna7SZCgRwjM=
5,-43,69p0nPmP38xSrRZs+yR2crE9Zjw=,QeVUJzo5Hr7GRfOXna7SZCgRwjM=
4,-43,69p0nPmP38xSrRZs+yR2crE9Zjw=,QeVUJzo5Hr7GRfOXna7SZCgRwjM=
3,-43,69p0nPmP38xSrRZs+yR2crE9Zjw=,QeVUJzo5Hr7GRfOXna7SZCgRwjM=
7,-44,69p0nPmP38xSrRZs+yR2crE9Zjw=,QeVUJzo5Hr7GRfOXna7SZCgRwjM=
6,-44,69p0nPmP38xSrRZs+yR2crE9Zjw=,QeVUJzo5Hr7GRfOXna7SZCgRwjM=
5,-44,69p0nPmP38xSrRZs+yR2crE9Zjw=,QeVUJzo5Hr7GRfOXna7SZCgRwjM=
4,-44,69p0nPmP38xSrRZs+yR2crE9Zjw=,QeVUJzo5Hr7GRfOXna7SZCgRwjM=
3,-44,69p0nPmP38xSrRZs+yR2crE9Zjw=,QeVUJzo5Hr7GRfOXna7SZCgRwjM=
0,-44,69p0nPmP38xSrRZs+yR2crE9Zjw=,QeVUJzo5Hr7GRfOXna7SZCgRwjM=
7,-45,69p0nPmP38xSrRZs+yR2crE9Zjw=,QeVUJzo5Hr7GRfOXna7SZCgRwjM=
6,-45,69p0nPmP38xSrRZs+yR2crE9Zjw=,QeVUJzo5Hr7GRfOXna7SZCgRwjM=
5,-45,69p0nPmP38xSrRZs+yR2crE9Zjw=,QeVUJzo5Hr7GRfOXna7SZCgRwjM=
4,-45,69p0nPmP38xSrRZs+yR2crE9Zjw=,QeVUJzo5Hr7GRfOXna7SZCgRwjM=
7,-42,69p0nPmP38xSrRZs+yR2crE9Zjw=,QeVUJzo5Hr7GRfOXna7SZCgRwjM=
6,-42,69p0nPmP38xSrRZs+yR2crE9Zjw=,QeVUJzo5Hr7GRfOXna7SZCgRwjM=
3,-45,69p0nPmP38xSrRZs+yR2crE9Zjw=,QeVUJzo5Hr7GRfOXna7SZCgRwjM=
5,-42,69p0nPmP38xSrRZs+yR2crE9Zjw=,QeVUJzo5Hr7GRfOXna7SZCgRwjM=
4,-42,69p0nPmP38xSrRZs+yR2crE9Zjw=,QeVUJzo5Hr7GRfOXna7SZCgRwjM=
7,-46,69p0nPmP38xSrRZs+yR2crE9Zjw=,QeVUJzo5Hr7GRfOXna7SZCgRwjM=
6,-46,69p0nPmP38xSrRZs+yR2crE9Zjw=,QeVUJzo5Hr7GRfOXna7SZCgRwjM=
5,-46,69p0nPmP38xSrRZs+yR2crE9Zjw=,QeVUJzo5Hr7GRfOXna7SZCgRwjM=
4,-46,69p0nPmP38xSrRZs+yR2crE9Zjw=,QeVUJzo5Hr7GRfOXna7SZCgRwjM=
3,-46,69p0nPmP38xSrRZs+yR2crE9Zjw=,QeVUJzo5Hr7GRfOXna7SZCgRwjM=
7,-47,69p0nPmP38xSrRZs+yR2crE9Zjw=,QeVUJzo5Hr7GRfOXna7SZCgRwjM=
6,-47,69p0nPmP38xSrRZs+yR2crE9Zjw=,QeVUJzo5Hr7GRfOXna7SZCgRwjM=
5,-47,69p0nPmP38xSrRZs+yR2crE9Zjw=,QeVUJzo5Hr7GRfOXna7SZCgRwjM=
4,-47,69p0nPmP38xSrRZs+yR2crE9Zjw=,QeVUJzo5Hr7GRfOXna7SZCgRwjM=
3,-47,69p0nPmP38xSrRZs+yR2crE9Zjw=,QeVUJzo5Hr7GRfOXna7SZCgRwjM=
3,-42,69p0nPmP38xSrRZs+yR2crE9Zjw=,QeVUJzo5Hr7GRfOXna7SZCgRwjM=
8,-40,69p0nPmP38xSrRZs+yR2crE9Zjw=,CbT3JgpCs0GjjpbD7PYL5pCD8E0=
7,-38,69p0nPmP38xSrRZs+yR2crE9Zjw=,ju6zwadIhjIh7RHEgPejNXz13Gg=
6,-38,69p0nPmP38xSrRZs+yR2crE9Zjw=,ju6zwadIhjIh7RHEgPejNXz13Gg=
5,-38,69p0nPmP38xSrRZs+yR2crE9Zjw=,ju6zwadIhjIh7RHEgPejNXz13Gg=
8,-33,69p0nPmP38xSrRZs+yR2crE9Zjw=,CbT3JgpCs0GjjpbD7PYL5pCD8E0=
4,-38,69p0nPmP38xSrRZs+yR2crE9Zjw=,ju6zwadIhjIh7RHEgPejNXz13Gg=
3,-38,69p0nPmP38xSrRZs+yR2crE9Zjw=,ju6zwadIhjIh7RHEgPejNXz13Gg=
7,-33,69p0nPmP38xSrRZs+yR2crE9Zjw=,ju6zwadIhjIh7RHEgPejNXz13Gg=
7,-39,69p0nPmP38xSrRZs+yR2crE9Zjw=,ju6zwadIhjIh7RHEgPejNXz13Gg=
6,-39,69p0nPmP38xSrRZs+yR2crE9Zjw=,ju6zwadIhjIh7RHEgPejNXz13Gg=
5,-39,69p0nPmP38xSrRZs+yR2crE9Zjw=,ju6zwadIhjIh7RHEgPejNXz13Gg=
4,-39,69p0nPmP38xSrRZs+yR2crE9Zjw=,ju6zwadIhjIh7RHEgPejNXz13Gg=
8,-35,69p0nPmP38xSrRZs+yR2crE9Zjw=,CbT3JgpCs0GjjpbD7PYL5pCD8E0=
3,-39,69p0nPmP38xSrRZs+yR2crE9Zjw=,ju6zwadIhjIh7RHEgPejNXz13Gg=
7,-40,69p0nPmP38xSrRZs+yR2crE9Zjw=,ju6zwadIhjIh7RHEgPejNXz13Gg=
6,-40,69p0nPmP38xSrRZs+yR2crE9Zjw=,ju6zwadIhjIh7RHEgPejNXz13Gg=
5,-40,69p0nPmP38xSrRZs+yR2crE9Zjw=,ju6zwadIhjIh7RHEgPejNXz13Gg=
6,-33,69p0nPmP38xSrRZs+yR2crE9Zjw=,ju6zwadIhjIh7RHEgPejNXz13Gg=
4,-40,69p0nPmP38xSrRZs+yR2crE9Zjw=,ju6zwadIhjIh7RHEgPejNXz13Gg=
5,-33,69p0nPmP38xSrRZs+yR2crE9Zjw=,ju6zwadIhjIh7RHEgPejNXz13Gg=
4,-33,69p0nPmP38xSrRZs+yR2crE9Zjw=,ju6zwadIhjIh7RHEgPejNXz13Gg=
3,-40,69p0nPmP38xSrRZs+yR2crE9Zjw=,ju6zwadIhjIh7RHEgPejNXz13Gg=
7,-41,69p0nPmP38xSrRZs+yR2crE9Zjw=,QeVUJzo5Hr7GRfOXna7SZCgRwjM=
3,-33,69p0nPmP38xSrRZs+yR2crE9Zjw=,ju6zwadIhjIh7RHEgPejNXz13Gg=
8,-36,69p0nPmP38xSrRZs+yR2crE9Zjw=,CbT3JgpCs0GjjpbD7PYL5pCD8E0=
6,-41,69p0nPmP38xSrRZs+yR2crE9Zjw=,QeVUJzo5Hr7GRfOXna7SZCgRwjM=
5,-41,69p0nPmP38xSrRZs+yR2crE9Zjw=,QeVUJzo5Hr7GRfOXna7SZCgRwjM=
8,-34,69p0nPmP38xSrRZs+yR2crE9Zjw=,CbT3JgpCs0GjjpbD7PYL5pCD8E0=
4,-41,69p0nPmP38xSrRZs+yR2crE9Zjw=,QeVUJzo5Hr7GRfOXna7SZCgRwjM=
2,-33,69p0nPmP38xSrRZs+yR2crE9Zjw=,ju6zwadIhjIh7RHEgPejNXz13Gg=
3,-41,69p0nPmP38xSrRZs+yR2crE9Zjw=,QeVUJzo5Hr7GRfOXna7SZCgRwjM=
7,-34,69p0nPmP38xSrRZs+yR2crE9Zjw=,ju6zwadIhjIh7RHEgPejNXz13Gg=
6,-34,69p0nPmP38xSrRZs+yR2crE9Zjw=,ju6zwadIhjIh7RHEgPejNXz13Gg=
5,-34,69p0nPmP38xSrRZs+yR2crE9Zjw=,ju6zwadIhjIh7RHEgPejNXz13Gg=
4,-34,69p0nPmP38xSrRZs+yR2crE9Zjw=,ju6zwadIhjIh7RHEgPejNXz13Gg=
2,-34,69p0nPmP38xSrRZs+yR2crE9Zjw=,ju6zwadIhjIh7RHEgPejNXz13Gg=
3,-34,69p0nPmP38xSrRZs+yR2crE9Zjw=,ju6zwadIhjIh7RHEgPejNXz13Gg=
7,-35,69p0nPmP38xSrRZs+yR2crE9Zjw=,ju6zwadIhjIh7RHEgPejNXz13Gg=
6,-35,69p0nPmP38xSrRZs+yR2crE9Zjw=,ju6zwadIhjIh7RHEgPejNXz13Gg=
5,-35,69p0nPmP38xSrRZs+yR2crE9Zjw=,ju6zwadIhjIh7RHEgPejNXz13Gg=
4,-35,69p0nPmP38xSrRZs+yR2crE9Zjw=,ju6zwadIhjIh7RHEgPejNXz13Gg=
3,-35,69p0nPmP38xSrRZs+yR2crE9Zjw=,ju6zwadIhjIh7RHEgPejNXz13Gg=
7,-36,69p0nPmP38xSrRZs+yR2crE9Zjw=,ju6zwadIhjIh7RHEgPejNXz13Gg=
6,-36,69p0nPmP38xSrRZs+yR2crE9Zjw=,ju6zwadIhjIh7RHEgPejNXz13Gg=
5,-36,69p0nPmP38xSrRZs+yR2crE9Zjw=,ju6zwadIhjIh7RHEgPejNXz13Gg=
4,-36,69p0nPmP38xSrRZs+yR2crE9Zjw=,ju6zwadIhjIh7RHEgPejNXz13Gg=
3,-36,69p0nPmP38xSrRZs+yR2crE9Zjw=,ju6zwadIhjIh7RHEgPejNXz13Gg=
7,-37,69p0nPmP38xSrRZs+yR2crE9Zjw=,ju6zwadIhjIh7RHEgPejNXz13Gg=
6,-37,69p0nPmP38xSrRZs+yR2crE9Zjw=,ju6zwadIhjIh7RHEgPejNXz13Gg=
5,-37,69p0nPmP38xSrRZs+yR2crE9Zjw=,ju6zwadIhjIh7RHEgPejNXz13Gg=
4,-37,69p0nPmP38xSrRZs+yR2crE9Zjw=,ju6zwadIhjIh7RHEgPejNXz13Gg=
3,-37,69p0nPmP38xSrRZs+yR2crE9Zjw=,ju6zwadIhjIh7RHEgPejNXz13Gg=
8,-38,69p0nPmP38xSrRZs+yR2crE9Zjw=,CbT3JgpCs0GjjpbD7PYL5pCD8E0=
8,-37,69p0nPmP38xSrRZs+yR2crE9Zjw=,CbT3JgpCs0GjjpbD7PYL5pCD8E0=
8,-39,69p0nPmP38xSrRZs+yR2crE9Zjw=,CbT3JgpCs0GjjpbD7PYL5pCD8E0=
2,-38,69p0nPmP38xSrRZs+yR2crE9Zjw=,ju6zwadIhjIh7RHEgPejNXz13Gg=
2,-44,69p0nPmP38xSrRZs+yR2crE9Zjw=,QeVUJzo5Hr7GRfOXna7SZCgRwjM=
0,-43,69p0nPmP38xSrRZs+yR2crE9Zjw=,QeVUJzo5Hr7GRfOXna7SZCgRwjM=
0,-37,69p0nPmP38xSrRZs+yR2crE9Zjw=,ju6zwadIhjIh7RHEgPejNXz13Gg=
0,-39,69p0nPmP38xSrRZs+yR2crE9Zjw=,ju6zwadIhjIh7RHEgPejNXz13Gg=
2,-43,69p0nPmP38xSrRZs+yR2crE9Zjw=,QeVUJzo5Hr7GRfOXna7SZCgRwjM=
0,-42,69p0nPmP38xSrRZs+yR2crE9Zjw=,QeVUJzo5Hr7GRfOXna7SZCgRwjM=
2,-40,69p0nPmP38xSrRZs+yR2crE9Zjw=,ju6zwadIhjIh7RHEgPejNXz13Gg=
2,-41,69p0nPmP38xSrRZs+yR2crE9Zjw=,QeVUJzo5Hr7GRfOXna7SZCgRwjM=
0,-38,69p0nPmP38xSrRZs+yR2crE9Zjw=,ju6zwadIhjIh7RHEgPejNXz13Gg=
2,-37,69p0nPmP38xSrRZs+yR2crE9Zjw=,ju6zwadIhjIh7RHEgPejNXz13Gg=
0,-40,69p0nPmP38xSrRZs+yR2crE9Zjw=,ju6zwadIhjIh7RHEgPejNXz13Gg=
1,-44,69p0nPmP38xSrRZs+yR2crE9Zjw=,QeVUJzo5Hr7GRfOXna7SZCgRwjM=
2,-39,69p0nPmP38xSrRZs+yR2crE9Zjw=,ju6zwadIhjIh7RHEgPejNXz13Gg=
1,-42,69p0nPmP38xSrRZs+yR2crE9Zjw=,QeVUJzo5Hr7GRfOXna7SZCgRwjM=
1,-33,69p0nPmP38xSrRZs+yR2crE9Zjw=,ju6zwadIhjIh7RHEgPejNXz13Gg=
1,-43,69p0nPmP38xSrRZs+yR2crE9Zjw=,QeVUJzo5Hr7GRfOXna7SZCgRwjM=
2,-36,69p0nPmP38xSrRZs+yR2crE9Zjw=,ju6zwadIhjIh7RHEgPejNXz13Gg=
1,-40,69p0nPmP38xSrRZs+yR2crE9Zjw=,ju6zwadIhjIh7RHEgPejNXz13Gg=
0,-41,69p0nPmP38xSrRZs+yR2crE9Zjw=,QeVUJzo5Hr7GRfOXna7SZCgRwjM=
1,-37,69p0nPmP38xSrRZs+yR2crE9Zjw=,ju6zwadIhjIh7RHEgPejNXz13Gg=
1,-41,69p0nPmP38xSrRZs+yR2crE9Zjw=,QeVUJzo5Hr7GRfOXna7SZCgRwjM=
1,-34,69p0nPmP38xSrRZs+yR2crE9Zjw=,ju6zwadIhjIh7RHEgPejNXz13Gg=
1,-39,69p0nPmP38xSrRZs+yR2crE9Zjw=,ju6zwadIhjIh7RHEgPejNXz13Gg=
2,-35,69p0nPmP38xSrRZs+yR2crE9Zjw=,ju6zwadIhjIh7RHEgPejNXz13Gg=
1,-38,69p0nPmP38xSrRZs+yR2crE9Zjw=,ju6zwadIhjIh7RHEgPejNXz13Gg=
0,-33,69p0nPmP38xSrRZs+yR2crE9Zjw=,ju6zwadIhjIh7RHEgPejNXz13Gg=
15,-35,69p0nPmP38xSrRZs+yR2crE9Zjw=,CbT3JgpCs0GjjpbD7PYL5pCD8E0=
15,-40,69p0nPmP38xSrRZs+yR2crE9Zjw=,CbT3JgpCs0GjjpbD7PYL5pCD8E0=
15,-36,69p0nPmP38xSrRZs+yR2crE9Zjw=,CbT3JgpCs0GjjpbD7PYL5pCD8E0=
15,-38,69p0nPmP38xSrRZs+yR2crE9Zjw=,CbT3JgpCs0GjjpbD7PYL5pCD8E0=
15,-37,69p0nPmP38xSrRZs+yR2crE9Zjw=,CbT3JgpCs0GjjpbD7PYL5pCD8E0=
15,-39,69p0nPmP38xSrRZs+yR2crE9Zjw=,CbT3JgpCs0GjjpbD7PYL5pCD8E0=
0,-36,69p0nPmP38xSrRZs+yR2crE9Zjw=,ju6zwadIhjIh7RHEgPejNXz13Gg=
0,-35,69p0nPmP38xSrRZs+yR2crE9Zjw=,ju6zwadIhjIh7RHEgPejNXz13Gg=
3,-48,69p0nPmP38xSrRZs+yR2crE9Zjw=,QeVUJzo5Hr7GRfOXna7SZCgRwjM=
4,-48,69p0nPmP38xSrRZs+yR2crE9Zjw=,QeVUJzo5Hr7GRfOXna7SZCgRwjM=
5,-48,69p0nPmP38xSrRZs+yR2crE9Zjw=,QeVUJzo5Hr7GRfOXna7SZCgRwjM=
6,-48,69p0nPmP38xSrRZs+yR2crE9Zjw=,QeVUJzo5Hr7GRfOXna7SZCgRwjM=
7,-48,69p0nPmP38xSrRZs+yR2crE9Zjw=,QeVUJzo5Hr7GRfOXna7SZCgRwjM=
2,-46,69p0nPmP38xSrRZs+yR2crE9Zjw=,QeVUJzo5Hr7GRfOXna7SZCgRwjM=
0,-45,69p0nPmP38xSrRZs+yR2crE9Zjw=,QeVUJzo5Hr7GRfOXna7SZCgRwjM=
2,-45,69p0nPmP38xSrRZs+yR2crE9Zjw=,QeVUJzo5Hr7GRfOXna7SZCgRwjM=
2,-47,69p0nPmP38xSrRZs+yR2crE9Zjw=,QeVUJzo5Hr7GRfOXna7SZCgRwjM=
2,-48,69p0nPmP38xSrRZs+yR2crE9Zjw=,QeVUJzo5Hr7GRfOXna7SZCgRwjM=
0,-46,69p0nPmP38xSrRZs+yR2crE9Zjw=,QeVUJzo5Hr7GRfOXna7SZCgRwjM=
1,-45,69p0nPmP38xSrRZs+yR2crE9Zjw=,QeVUJzo5Hr7GRfOXna7SZCgRwjM=
0,-48,69p0nPmP38xSrRZs+yR2crE9Zjw=,QeVUJzo5Hr7GRfOXna7SZCgRwjM=
0,-47,69p0nPmP38xSrRZs+yR2crE9Zjw=,QeVUJzo5Hr7GRfOXna7SZCgRwjM=
1,-48,69p0nPmP38xSrRZs+yR2crE9Zjw=,QeVUJzo5Hr7GRfOXna7SZCgRwjM=
1,-47,69p0nPmP38xSrRZs+yR2crE9Zjw=,QeVUJzo5Hr7GRfOXna7SZCgRwjM=
1,-46,69p0nPmP38xSrRZs+yR2crE9Zjw=,QeVUJzo5Hr7GRfOXna7SZCgRwjM=
1,-36,69p0nPmP38xSrRZs+yR2crE9Zjw=,ju6zwadIhjIh7RHEgPejNXz13Gg=
14,-33,69p0nPmP38xSrRZs+yR2crE9Zjw=,CbT3JgpCs0GjjpbD7PYL5pCD8E0=
1,-35,69p0nPmP38xSrRZs+yR2crE9Zjw=,ju6zwadIhjIh7RHEgPejNXz13Gg=
0,-34,69p0nPmP38xSrRZs+yR2crE9Zjw=,ju6zwadIhjIh7RHEgPejNXz13Gg=
15,-34,69p0nPmP38xSrRZs+yR2crE9Zjw=,CbT3JgpCs0GjjpbD7PYL5pCD8E0=
15,-33,69p0nPmP38xSrRZs+yR2crE9Zjw=,CbT3JgpCs0GjjpbD7PYL5pCD8E0=
