45,6,s8WGfkTkOtdFFHS6Zfpa4uihTOU=,jlvrWuDYYqSmfpFGGktruwIIHks=
46,6,s8WGfkTkOtdFFHS6Zfpa4uihTOU=,jlvrWuDYYqSmfpFGGktruwIIHks=
47,6,s8WGfkTkOtdFFHS6Zfpa4uihTOU=,jlvrWuDYYqSmfpFGGktruwIIHks=
47,5,s8WGfkTkOtdFFHS6Zfpa4uihTOU=,jlvrWuDYYqSmfpFGGktruwIIHks=
45,7,s8WGfkTkOtdFFHS6Zfpa4uihTOU=,jlvrWuDYYqSmfpFGGktruwIIHks=
46,10,s8WGfkTkOtdFFHS6Zfpa4uihTOU=,XjAe3wRyO5ckxUiukDOOOvLzSyA=
46,9,s8WGfkTkOtdFFHS6Zfpa4uihTOU=,XjAe3wRyO5ckxUiukDOOOvLzSyA=
46,8,s8WGfkTkOtdFFHS6Zfpa4uihTOU=,XjAe3wRyO5ckxUiukDOOOvLzSyA=
45,8,s8WGfkTkOtdFFHS6Zfpa4uihTOU=,XjAe3wRyO5ckxUiukDOOOvLzSyA=
46,7,s8WGfkTkOtdFFHS6Zfpa4uihTOU=,jlvrWuDYYqSmfpFGGktruwIIHks=
47,7,s8WGfkTkOtdFFHS6Zfpa4uihTOU=,jlvrWuDYYqSmfpFGGktruwIIHks=
47,10,s8WGfkTkOtdFFHS6Zfpa4uihTOU=,XjAe3wRyO5ckxUiukDOOOvLzSyA=
47,9,s8WGfkTkOtdFFHS6Zfpa4uihTOU=,XjAe3wRyO5ckxUiukDOOOvLzSyA=
47,8,s8WGfkTkOtdFFHS6Zfpa4uihTOU=,XjAe3wRyO5ckxUiukDOOOvLzSyA=
47,13,s8WGfkTkOtdFFHS6Zfpa4uihTOU=,XjAe3wRyO5ckxUiukDOOOvLzSyA=
47,12,s8WGfkTkOtdFFHS6Zfpa4uihTOU=,XjAe3wRyO5ckxUiukDOOOvLzSyA=
47,11,s8WGfkTkOtdFFHS6Zfpa4uihTOU=,XjAe3wRyO5ckxUiukDOOOvLzSyA=
45,9,s8WGfkTkOtdFFHS6Zfpa4uihTOU=,XjAe3wRyO5ckxUiukDOOOvLzSyA=
46,5,s8WGfkTkOtdFFHS6Zfpa4uihTOU=,jlvrWuDYYqSmfpFGGktruwIIHks=
46,11,s8WGfkTkOtdFFHS6Zfpa4uihTOU=,XjAe3wRyO5ckxUiukDOOOvLzSyA=
44,8,s8WGfkTkOtdFFHS6Zfpa4uihTOU=,XjAe3wRyO5ckxUiukDOOOvLzSyA=
47,4,s8WGfkTkOtdFFHS6Zfpa4uihTOU=,jlvrWuDYYqSmfpFGGktruwIIHks=
45,5,s8WGfkTkOtdFFHS6Zfpa4uihTOU=,jlvrWuDYYqSmfpFGGktruwIIHks=
44,9,s8WGfkTkOtdFFHS6Zfpa4uihTOU=,XjAe3wRyO5ckxUiukDOOOvLzSyA=
44,4,s8WGfkTkOtdFFHS6Zfpa4uihTOU=,jlvrWuDYYqSmfpFGGktruwIIHks=
44,11,s8WGfkTkOtdFFHS6Zfpa4uihTOU=,XjAe3wRyO5ckxUiukDOOOvLzSyA=
45,4,s8WGfkTkOtdFFHS6Zfpa4uihTOU=,jlvrWuDYYqSmfpFGGktruwIIHks=
46,4,s8WGfkTkOtdFFHS6Zfpa4uihTOU=,jlvrWuDYYqSmfpFGGktruwIIHks=
44,5,s8WGfkTkOtdFFHS6Zfpa4uihTOU=,jlvrWuDYYqSmfpFGGktruwIIHks=
44,7,s8WGfkTkOtdFFHS6Zfpa4uihTOU=,jlvrWuDYYqSmfpFGGktruwIIHks=
45,10,s8WGfkTkOtdFFHS6Zfpa4uihTOU=,XjAe3wRyO5ckxUiukDOOOvLzSyA=
39,10,YwMpqQgqin+2GotpXkbUG5YK+go=,y3PnBI7itZgpTBtfo11agL/wn/Y=
38,10,YwMpqQgqin+2GotpXkbUG5YK+go=,y3PnBI7itZgpTBtfo11agL/wn/Y=
44,10,s8WGfkTkOtdFFHS6Zfpa4uihTOU=,XjAe3wRyO5ckxUiukDOOOvLzSyA=
45,11,s8WGfkTkOtdFFHS6Zfpa4uihTOU=,XjAe3wRyO5ckxUiukDOOOvLzSyA=
36,11,YwMpqQgqin+2GotpXkbUG5YK+go=,y3PnBI7itZgpTBtfo11agL/wn/Y=
37,10,YwMpqQgqin+2GotpXkbUG5YK+go=,y3PnBI7itZgpTBtfo11agL/wn/Y=
42,10,s8WGfkTkOtdFFHS6Zfpa4uihTOU=,XjAe3wRyO5ckxUiukDOOOvLzSyA=
41,10,s8WGfkTkOtdFFHS6Zfpa4uihTOU=,XjAe3wRyO5ckxUiukDOOOvLzSyA=
41,11,s8WGfkTkOtdFFHS6Zfpa4uihTOU=,XjAe3wRyO5ckxUiukDOOOvLzSyA=
42,11,s8WGfkTkOtdFFHS6Zfpa4uihTOU=,XjAe3wRyO5ckxUiukDOOOvLzSyA=
44,6,s8WGfkTkOtdFFHS6Zfpa4uihTOU=,jlvrWuDYYqSmfpFGGktruwIIHks=
40,9,s8WGfkTkOtdFFHS6Zfpa4uihTOU=,XjAe3wRyO5ckxUiukDOOOvLzSyA=
43,10,s8WGfkTkOtdFFHS6Zfpa4uihTOU=,XjAe3wRyO5ckxUiukDOOOvLzSyA=
40,8,s8WGfkTkOtdFFHS6Zfpa4uihTOU=,XjAe3wRyO5ckxUiukDOOOvLzSyA=
43,11,s8WGfkTkOtdFFHS6Zfpa4uihTOU=,XjAe3wRyO5ckxUiukDOOOvLzSyA=
40,7,s8WGfkTkOtdFFHS6Zfpa4uihTOU=,jlvrWuDYYqSmfpFGGktruwIIHks=
36,8,YwMpqQgqin+2GotpXkbUG5YK+go=,y3PnBI7itZgpTBtfo11agL/wn/Y=
36,10,YwMpqQgqin+2GotpXkbUG5YK+go=,y3PnBI7itZgpTBtfo11agL/wn/Y=
37,11,YwMpqQgqin+2GotpXkbUG5YK+go=,y3PnBI7itZgpTBtfo11agL/wn/Y=
37,8,YwMpqQgqin+2GotpXkbUG5YK+go=,y3PnBI7itZgpTBtfo11agL/wn/Y=
43,9,s8WGfkTkOtdFFHS6Zfpa4uihTOU=,XjAe3wRyO5ckxUiukDOOOvLzSyA=
42,4,s8WGfkTkOtdFFHS6Zfpa4uihTOU=,jlvrWuDYYqSmfpFGGktruwIIHks=
32,11,YwMpqQgqin+2GotpXkbUG5YK+go=,y3PnBI7itZgpTBtfo11agL/wn/Y=
38,8,YwMpqQgqin+2GotpXkbUG5YK+go=,y3PnBI7itZgpTBtfo11agL/wn/Y=
42,9,s8WGfkTkOtdFFHS6Zfpa4uihTOU=,XjAe3wRyO5ckxUiukDOOOvLzSyA=
32,10,YwMpqQgqin+2GotpXkbUG5YK+go=,y3PnBI7itZgpTBtfo11agL/wn/Y=
40,10,CH5znyOTNbtNubU9OHrkr9sKVEE=,XjAe3wRyO5ckxUiukDOOOvLzSyA=
41,9,CH5znyOTNbtNubU9OHrkr9sKVEE=,XjAe3wRyO5ckxUiukDOOOvLzSyA=
43,4,CH5znyOTNbtNubU9OHrkr9sKVEE=,jlvrWuDYYqSmfpFGGktruwIIHks=
38,11,YwMpqQgqin+2GotpXkbUG5YK+go=,y3PnBI7itZgpTBtfo11agL/wn/Y=
32,9,YwMpqQgqin+2GotpXkbUG5YK+go=,y3PnBI7itZgpTBtfo11agL/wn/Y=
41,4,CH5znyOTNbtNubU9OHrkr9sKVEE=,jlvrWuDYYqSmfpFGGktruwIIHks=
36,9,YwMpqQgqin+2GotpXkbUG5YK+go=,y3PnBI7itZgpTBtfo11agL/wn/Y=
42,8,CH5znyOTNbtNubU9OHrkr9sKVEE=,XjAe3wRyO5ckxUiukDOOOvLzSyA=
32,7,ubitiWb50Mi9tMGHnnc8KbkoRpM=,qr2DWGZ7WS7J7Q3LregACDTZdTI=
43,8,CH5znyOTNbtNubU9OHrkr9sKVEE=,XjAe3wRyO5ckxUiukDOOOvLzSyA=
39,11,YwMpqQgqin+2GotpXkbUG5YK+go=,y3PnBI7itZgpTBtfo11agL/wn/Y=
32,4,ubitiWb50Mi9tMGHnnc8KbkoRpM=,qr2DWGZ7WS7J7Q3LregACDTZdTI=
40,11,CH5znyOTNbtNubU9OHrkr9sKVEE=,XjAe3wRyO5ckxUiukDOOOvLzSyA=
39,7,ubitiWb50Mi9tMGHnnc8KbkoRpM=,qr2DWGZ7WS7J7Q3LregACDTZdTI=
33,5,ubitiWb50Mi9tMGHnnc8KbkoRpM=,qr2DWGZ7WS7J7Q3LregACDTZdTI=
39,8,YwMpqQgqin+2GotpXkbUG5YK+go=,y3PnBI7itZgpTBtfo11agL/wn/Y=
34,6,ubitiWb50Mi9tMGHnnc8KbkoRpM=,qr2DWGZ7WS7J7Q3LregACDTZdTI=
34,5,ubitiWb50Mi9tMGHnnc8KbkoRpM=,qr2DWGZ7WS7J7Q3LregACDTZdTI=
35,4,ubitiWb50Mi9tMGHnnc8KbkoRpM=,qr2DWGZ7WS7J7Q3LregACDTZdTI=
35,6,ubitiWb50Mi9tMGHnnc8KbkoRpM=,qr2DWGZ7WS7J7Q3LregACDTZdTI=
33,6,ubitiWb50Mi9tMGHnnc8KbkoRpM=,qr2DWGZ7WS7J7Q3LregACDTZdTI=
35,7,ubitiWb50Mi9tMGHnnc8KbkoRpM=,qr2DWGZ7WS7J7Q3LregACDTZdTI=
35,5,ubitiWb50Mi9tMGHnnc8KbkoRpM=,qr2DWGZ7WS7J7Q3LregACDTZdTI=
41,5,CH5znyOTNbtNubU9OHrkr9sKVEE=,jlvrWuDYYqSmfpFGGktruwIIHks=
33,4,ubitiWb50Mi9tMGHnnc8KbkoRpM=,qr2DWGZ7WS7J7Q3LregACDTZdTI=
43,5,CH5znyOTNbtNubU9OHrkr9sKVEE=,jlvrWuDYYqSmfpFGGktruwIIHks=
34,4,ubitiWb50Mi9tMGHnnc8KbkoRpM=,qr2DWGZ7WS7J7Q3LregACDTZdTI=
32,8,YwMpqQgqin+2GotpXkbUG5YK+go=,y3PnBI7itZgpTBtfo11agL/wn/Y=
41,8,CH5znyOTNbtNubU9OHrkr9sKVEE=,XjAe3wRyO5ckxUiukDOOOvLzSyA=
42,5,CH5znyOTNbtNubU9OHrkr9sKVEE=,jlvrWuDYYqSmfpFGGktruwIIHks=
33,11,YwMpqQgqin+2GotpXkbUG5YK+go=,y3PnBI7itZgpTBtfo11agL/wn/Y=
38,9,YwMpqQgqin+2GotpXkbUG5YK+go=,y3PnBI7itZgpTBtfo11agL/wn/Y=
38,7,ubitiWb50Mi9tMGHnnc8KbkoRpM=,qr2DWGZ7WS7J7Q3LregACDTZdTI=
35,11,YwMpqQgqin+2GotpXkbUG5YK+go=,y3PnBI7itZgpTBtfo11agL/wn/Y=
34,11,YwMpqQgqin+2GotpXkbUG5YK+go=,y3PnBI7itZgpTBtfo11agL/wn/Y=
34,10,YwMpqQgqin+2GotpXkbUG5YK+go=,y3PnBI7itZgpTBtfo11agL/wn/Y=
34,8,YwMpqQgqin+2GotpXkbUG5YK+go=,y3PnBI7itZgpTBtfo11agL/wn/Y=
35,9,YwMpqQgqin+2GotpXkbUG5YK+go=,y3PnBI7itZgpTBtfo11agL/wn/Y=
34,9,YwMpqQgqin+2GotpXkbUG5YK+go=,y3PnBI7itZgpTBtfo11agL/wn/Y=
33,9,YwMpqQgqin+2GotpXkbUG5YK+go=,y3PnBI7itZgpTBtfo11agL/wn/Y=
35,8,YwMpqQgqin+2GotpXkbUG5YK+go=,y3PnBI7itZgpTBtfo11agL/wn/Y=
35,10,YwMpqQgqin+2GotpXkbUG5YK+go=,y3PnBI7itZgpTBtfo11agL/wn/Y=
37,9,YwMpqQgqin+2GotpXkbUG5YK+go=,y3PnBI7itZgpTBtfo11agL/wn/Y=
39,9,YwMpqQgqin+2GotpXkbUG5YK+go=,y3PnBI7itZgpTBtfo11agL/wn/Y=
33,8,YwMpqQgqin+2GotpXkbUG5YK+go=,y3PnBI7itZgpTBtfo11agL/wn/Y=
33,10,YwMpqQgqin+2GotpXkbUG5YK+go=,y3PnBI7itZgpTBtfo11agL/wn/Y=
34,7,ubitiWb50Mi9tMGHnnc8KbkoRpM=,qr2DWGZ7WS7J7Q3LregACDTZdTI=
33,7,ubitiWb50Mi9tMGHnnc8KbkoRpM=,qr2DWGZ7WS7J7Q3LregACDTZdTI=
41,6,CH5znyOTNbtNubU9OHrkr9sKVEE=,jlvrWuDYYqSmfpFGGktruwIIHks=
38,6,ubitiWb50Mi9tMGHnnc8KbkoRpM=,qr2DWGZ7WS7J7Q3LregACDTZdTI=
43,6,CH5znyOTNbtNubU9OHrkr9sKVEE=,jlvrWuDYYqSmfpFGGktruwIIHks=
36,5,ubitiWb50Mi9tMGHnnc8KbkoRpM=,qr2DWGZ7WS7J7Q3LregACDTZdTI=
39,4,ubitiWb50Mi9tMGHnnc8KbkoRpM=,qr2DWGZ7WS7J7Q3LregACDTZdTI=
37,7,ubitiWb50Mi9tMGHnnc8KbkoRpM=,qr2DWGZ7WS7J7Q3LregACDTZdTI=
40,5,CH5znyOTNbtNubU9OHrkr9sKVEE=,jlvrWuDYYqSmfpFGGktruwIIHks=
32,6,ubitiWb50Mi9tMGHnnc8KbkoRpM=,qr2DWGZ7WS7J7Q3LregACDTZdTI=
43,7,CH5znyOTNbtNubU9OHrkr9sKVEE=,jlvrWuDYYqSmfpFGGktruwIIHks=
40,4,CH5znyOTNbtNubU9OHrkr9sKVEE=,jlvrWuDYYqSmfpFGGktruwIIHks=
32,5,ubitiWb50Mi9tMGHnnc8KbkoRpM=,qr2DWGZ7WS7J7Q3LregACDTZdTI=
37,5,ubitiWb50Mi9tMGHnnc8KbkoRpM=,qr2DWGZ7WS7J7Q3LregACDTZdTI=
38,4,ubitiWb50Mi9tMGHnnc8KbkoRpM=,qr2DWGZ7WS7J7Q3LregACDTZdTI=
42,6,DKVL8xWonCHhvzv3lzp7U8bpjow=,jlvrWuDYYqSmfpFGGktruwIIHks=
37,6,ubitiWb50Mi9tMGHnnc8KbkoRpM=,qr2DWGZ7WS7J7Q3LregACDTZdTI=
36,4,ubitiWb50Mi9tMGHnnc8KbkoRpM=,qr2DWGZ7WS7J7Q3LregACDTZdTI=
39,6,ubitiWb50Mi9tMGHnnc8KbkoRpM=,qr2DWGZ7WS7J7Q3LregACDTZdTI=
42,7,DKVL8xWonCHhvzv3lzp7U8bpjow=,jlvrWuDYYqSmfpFGGktruwIIHks=
36,6,ubitiWb50Mi9tMGHnnc8KbkoRpM=,qr2DWGZ7WS7J7Q3LregACDTZdTI=
41,7,DKVL8xWonCHhvzv3lzp7U8bpjow=,jlvrWuDYYqSmfpFGGktruwIIHks=
37,4,ubitiWb50Mi9tMGHnnc8KbkoRpM=,qr2DWGZ7WS7J7Q3LregACDTZdTI=
36,7,ubitiWb50Mi9tMGHnnc8KbkoRpM=,qr2DWGZ7WS7J7Q3LregACDTZdTI=
39,5,ubitiWb50Mi9tMGHnnc8KbkoRpM=,qr2DWGZ7WS7J7Q3LregACDTZdTI=
40,6,DKVL8xWonCHhvzv3lzp7U8bpjow=,jlvrWuDYYqSmfpFGGktruwIIHks=
38,5,ubitiWb50Mi9tMGHnnc8KbkoRpM=,qr2DWGZ7WS7J7Q3LregACDTZdTI=
32,15,YwMpqQgqin+2GotpXkbUG5YK+go=,y3PnBI7itZgpTBtfo11agL/wn/Y=
37,0,ubitiWb50Mi9tMGHnnc8KbkoRpM=,qr2DWGZ7WS7J7Q3LregACDTZdTI=
39,0,ubitiWb50Mi9tMGHnnc8KbkoRpM=,qr2DWGZ7WS7J7Q3LregACDTZdTI=
42,1,DKVL8xWonCHhvzv3lzp7U8bpjow=,jlvrWuDYYqSmfpFGGktruwIIHks=
43,2,DKVL8xWonCHhvzv3lzp7U8bpjow=,jlvrWuDYYqSmfpFGGktruwIIHks=
42,2,DKVL8xWonCHhvzv3lzp7U8bpjow=,jlvrWuDYYqSmfpFGGktruwIIHks=
40,3,DKVL8xWonCHhvzv3lzp7U8bpjow=,jlvrWuDYYqSmfpFGGktruwIIHks=
40,2,DKVL8xWonCHhvzv3lzp7U8bpjow=,jlvrWuDYYqSmfpFGGktruwIIHks=
39,3,ubitiWb50Mi9tMGHnnc8KbkoRpM=,qr2DWGZ7WS7J7Q3LregACDTZdTI=
40,1,DKVL8xWonCHhvzv3lzp7U8bpjow=,jlvrWuDYYqSmfpFGGktruwIIHks=
38,3,ubitiWb50Mi9tMGHnnc8KbkoRpM=,qr2DWGZ7WS7J7Q3LregACDTZdTI=
36,0,ubitiWb50Mi9tMGHnnc8KbkoRpM=,qr2DWGZ7WS7J7Q3LregACDTZdTI=
36,2,ubitiWb50Mi9tMGHnnc8KbkoRpM=,qr2DWGZ7WS7J7Q3LregACDTZdTI=
41,1,DKVL8xWonCHhvzv3lzp7U8bpjow=,jlvrWuDYYqSmfpFGGktruwIIHks=
37,2,ubitiWb50Mi9tMGHnnc8KbkoRpM=,qr2DWGZ7WS7J7Q3LregACDTZdTI=
41,2,DKVL8xWonCHhvzv3lzp7U8bpjow=,jlvrWuDYYqSmfpFGGktruwIIHks=
43,1,DKVL8xWonCHhvzv3lzp7U8bpjow=,jlvrWuDYYqSmfpFGGktruwIIHks=
36,3,ubitiWb50Mi9tMGHnnc8KbkoRpM=,qr2DWGZ7WS7J7Q3LregACDTZdTI=
41,3,DKVL8xWonCHhvzv3lzp7U8bpjow=,jlvrWuDYYqSmfpFGGktruwIIHks=
38,2,ubitiWb50Mi9tMGHnnc8KbkoRpM=,qr2DWGZ7WS7J7Q3LregACDTZdTI=
41,0,DKVL8xWonCHhvzv3lzp7U8bpjow=,jlvrWuDYYqSmfpFGGktruwIIHks=
37,1,ubitiWb50Mi9tMGHnnc8KbkoRpM=,qr2DWGZ7WS7J7Q3LregACDTZdTI=
42,3,DKVL8xWonCHhvzv3lzp7U8bpjow=,jlvrWuDYYqSmfpFGGktruwIIHks=
35,15,YwMpqQgqin+2GotpXkbUG5YK+go=,y3PnBI7itZgpTBtfo11agL/wn/Y=
37,3,ubitiWb50Mi9tMGHnnc8KbkoRpM=,qr2DWGZ7WS7J7Q3LregACDTZdTI=
43,3,DKVL8xWonCHhvzv3lzp7U8bpjow=,jlvrWuDYYqSmfpFGGktruwIIHks=
36,1,ubitiWb50Mi9tMGHnnc8KbkoRpM=,qr2DWGZ7WS7J7Q3LregACDTZdTI=
38,1,ubitiWb50Mi9tMGHnnc8KbkoRpM=,qr2DWGZ7WS7J7Q3LregACDTZdTI=
39,2,ubitiWb50Mi9tMGHnnc8KbkoRpM=,qr2DWGZ7WS7J7Q3LregACDTZdTI=
46,15,TVSeSvAtP/7w3X/jQ+/v3SAH8lg=,XjAe3wRyO5ckxUiukDOOOvLzSyA=
39,1,ubitiWb50Mi9tMGHnnc8KbkoRpM=,qr2DWGZ7WS7J7Q3LregACDTZdTI=
42,0,TVSeSvAtP/7w3X/jQ+/v3SAH8lg=,jlvrWuDYYqSmfpFGGktruwIIHks=
40,0,TVSeSvAtP/7w3X/jQ+/v3SAH8lg=,jlvrWuDYYqSmfpFGGktruwIIHks=
34,15,YwMpqQgqin+2GotpXkbUG5YK+go=,y3PnBI7itZgpTBtfo11agL/wn/Y=
47,15,TVSeSvAtP/7w3X/jQ+/v3SAH8lg=,XjAe3wRyO5ckxUiukDOOOvLzSyA=
45,15,TVSeSvAtP/7w3X/jQ+/v3SAH8lg=,XjAe3wRyO5ckxUiukDOOOvLzSyA=
38,0,ubitiWb50Mi9tMGHnnc8KbkoRpM=,qr2DWGZ7WS7J7Q3LregACDTZdTI=
39,15,YwMpqQgqin+2GotpXkbUG5YK+go=,y3PnBI7itZgpTBtfo11agL/wn/Y=
46,14,TVSeSvAtP/7w3X/jQ+/v3SAH8lg=,XjAe3wRyO5ckxUiukDOOOvLzSyA=
44,15,TVSeSvAtP/7w3X/jQ+/v3SAH8lg=,XjAe3wRyO5ckxUiukDOOOvLzSyA=
43,0,TVSeSvAtP/7w3X/jQ+/v3SAH8lg=,jlvrWuDYYqSmfpFGGktruwIIHks=
43,15,TVSeSvAtP/7w3X/jQ+/v3SAH8lg=,XjAe3wRyO5ckxUiukDOOOvLzSyA=
45,14,TVSeSvAtP/7w3X/jQ+/v3SAH8lg=,XjAe3wRyO5ckxUiukDOOOvLzSyA=
33,15,YwMpqQgqin+2GotpXkbUG5YK+go=,y3PnBI7itZgpTBtfo11agL/wn/Y=
32,0,ubitiWb50Mi9tMGHnnc8KbkoRpM=,qr2DWGZ7WS7J7Q3LregACDTZdTI=
32,12,YwMpqQgqin+2GotpXkbUG5YK+go=,y3PnBI7itZgpTBtfo11agL/wn/Y=
42,15,TVSeSvAtP/7w3X/jQ+/v3SAH8lg=,XjAe3wRyO5ckxUiukDOOOvLzSyA=
41,15,TVSeSvAtP/7w3X/jQ+/v3SAH8lg=,XjAe3wRyO5ckxUiukDOOOvLzSyA=
40,15,TVSeSvAtP/7w3X/jQ+/v3SAH8lg=,XjAe3wRyO5ckxUiukDOOOvLzSyA=
40,13,TVSeSvAtP/7w3X/jQ+/v3SAH8lg=,XjAe3wRyO5ckxUiukDOOOvLzSyA=
44,14,TVSeSvAtP/7w3X/jQ+/v3SAH8lg=,XjAe3wRyO5ckxUiukDOOOvLzSyA=
32,13,YwMpqQgqin+2GotpXkbUG5YK+go=,y3PnBI7itZgpTBtfo11agL/wn/Y=
38,15,YwMpqQgqin+2GotpXkbUG5YK+go=,y3PnBI7itZgpTBtfo11agL/wn/Y=
36,14,YwMpqQgqin+2GotpXkbUG5YK+go=,y3PnBI7itZgpTBtfo11agL/wn/Y=
32,14,YwMpqQgqin+2GotpXkbUG5YK+go=,y3PnBI7itZgpTBtfo11agL/wn/Y=
37,14,YwMpqQgqin+2GotpXkbUG5YK+go=,y3PnBI7itZgpTBtfo11agL/wn/Y=
43,14,TVSeSvAtP/7w3X/jQ+/v3SAH8lg=,XjAe3wRyO5ckxUiukDOOOvLzSyA=
47,0,TVSeSvAtP/7w3X/jQ+/v3SAH8lg=,jlvrWuDYYqSmfpFGGktruwIIHks=
35,0,ubitiWb50Mi9tMGHnnc8KbkoRpM=,qr2DWGZ7WS7J7Q3LregACDTZdTI=
33,2,ubitiWb50Mi9tMGHnnc8KbkoRpM=,qr2DWGZ7WS7J7Q3LregACDTZdTI=
38,14,YwMpqQgqin+2GotpXkbUG5YK+go=,y3PnBI7itZgpTBtfo11agL/wn/Y=
39,14,YwMpqQgqin+2GotpXkbUG5YK+go=,y3PnBI7itZgpTBtfo11agL/wn/Y=
39,13,YwMpqQgqin+2GotpXkbUG5YK+go=,y3PnBI7itZgpTBtfo11agL/wn/Y=
40,14,TVSeSvAtP/7w3X/jQ+/v3SAH8lg=,XjAe3wRyO5ckxUiukDOOOvLzSyA=
38,13,YwMpqQgqin+2GotpXkbUG5YK+go=,y3PnBI7itZgpTBtfo11agL/wn/Y=
34,2,ubitiWb50Mi9tMGHnnc8KbkoRpM=,qr2DWGZ7WS7J7Q3LregACDTZdTI=
37,15,YwMpqQgqin+2GotpXkbUG5YK+go=,y3PnBI7itZgpTBtfo11agL/wn/Y=
33,3,ubitiWb50Mi9tMGHnnc8KbkoRpM=,qr2DWGZ7WS7J7Q3LregACDTZdTI=
33,12,YwMpqQgqin+2GotpXkbUG5YK+go=,y3PnBI7itZgpTBtfo11agL/wn/Y=
33,14,YwMpqQgqin+2GotpXkbUG5YK+go=,y3PnBI7itZgpTBtfo11agL/wn/Y=
37,13,YwMpqQgqin+2GotpXkbUG5YK+go=,y3PnBI7itZgpTBtfo11agL/wn/Y=
33,0,ubitiWb50Mi9tMGHnnc8KbkoRpM=,qr2DWGZ7WS7J7Q3LregACDTZdTI=
38,12,YwMpqQgqin+2GotpXkbUG5YK+go=,y3PnBI7itZgpTBtfo11agL/wn/Y=
34,3,ubitiWb50Mi9tMGHnnc8KbkoRpM=,qr2DWGZ7WS7J7Q3LregACDTZdTI=
36,13,YwMpqQgqin+2GotpXkbUG5YK+go=,y3PnBI7itZgpTBtfo11agL/wn/Y=
46,0,TVSeSvAtP/7w3X/jQ+/v3SAH8lg=,jlvrWuDYYqSmfpFGGktruwIIHks=
39,12,YwMpqQgqin+2GotpXkbUG5YK+go=,y3PnBI7itZgpTBtfo11agL/wn/Y=
35,3,ubitiWb50Mi9tMGHnnc8KbkoRpM=,qr2DWGZ7WS7J7Q3LregACDTZdTI=
46,13,TVSeSvAtP/7w3X/jQ+/v3SAH8lg=,XjAe3wRyO5ckxUiukDOOOvLzSyA=
33,1,ubitiWb50Mi9tMGHnnc8KbkoRpM=,qr2DWGZ7WS7J7Q3LregACDTZdTI=
34,12,YwMpqQgqin+2GotpXkbUG5YK+go=,y3PnBI7itZgpTBtfo11agL/wn/Y=
35,2,ubitiWb50Mi9tMGHnnc8KbkoRpM=,qr2DWGZ7WS7J7Q3LregACDTZdTI=
34,0,ubitiWb50Mi9tMGHnnc8KbkoRpM=,qr2DWGZ7WS7J7Q3LregACDTZdTI=
40,12,M/liMjfwLCZbBPmSF5UkPH1rgL0=,XjAe3wRyO5ckxUiukDOOOvLzSyA=
35,13,YwMpqQgqin+2GotpXkbUG5YK+go=,y3PnBI7itZgpTBtfo11agL/wn/Y=
37,12,YwMpqQgqin+2GotpXkbUG5YK+go=,y3PnBI7itZgpTBtfo11agL/wn/Y=
32,2,ubitiWb50Mi9tMGHnnc8KbkoRpM=,qr2DWGZ7WS7J7Q3LregACDTZdTI=
46,1,M/liMjfwLCZbBPmSF5UkPH1rgL0=,jlvrWuDYYqSmfpFGGktruwIIHks=
45,1,M/liMjfwLCZbBPmSF5UkPH1rgL0=,jlvrWuDYYqSmfpFGGktruwIIHks=
32,1,ubitiWb50Mi9tMGHnnc8KbkoRpM=,qr2DWGZ7WS7J7Q3LregACDTZdTI=
41,14,M/liMjfwLCZbBPmSF5UkPH1rgL0=,XjAe3wRyO5ckxUiukDOOOvLzSyA=
44,13,M/liMjfwLCZbBPmSF5UkPH1rgL0=,XjAe3wRyO5ckxUiukDOOOvLzSyA=
36,15,YwMpqQgqin+2GotpXkbUG5YK+go=,y3PnBI7itZgpTBtfo11agL/wn/Y=
35,14,YwMpqQgqin+2GotpXkbUG5YK+go=,y3PnBI7itZgpTBtfo11agL/wn/Y=
45,13,M/liMjfwLCZbBPmSF5UkPH1rgL0=,XjAe3wRyO5ckxUiukDOOOvLzSyA=
33,13,YwMpqQgqin+2GotpXkbUG5YK+go=,y3PnBI7itZgpTBtfo11agL/wn/Y=
34,14,YwMpqQgqin+2GotpXkbUG5YK+go=,y3PnBI7itZgpTBtfo11agL/wn/Y=
36,12,YwMpqQgqin+2GotpXkbUG5YK+go=,y3PnBI7itZgpTBtfo11agL/wn/Y=
42,14,M/liMjfwLCZbBPmSF5UkPH1rgL0=,XjAe3wRyO5ckxUiukDOOOvLzSyA=
47,1,M/liMjfwLCZbBPmSF5UkPH1rgL0=,jlvrWuDYYqSmfpFGGktruwIIHks=
32,3,ubitiWb50Mi9tMGHnnc8KbkoRpM=,qr2DWGZ7WS7J7Q3LregACDTZdTI=
46,12,M/liMjfwLCZbBPmSF5UkPH1rgL0=,XjAe3wRyO5ckxUiukDOOOvLzSyA=
47,14,M/liMjfwLCZbBPmSF5UkPH1rgL0=,XjAe3wRyO5ckxUiukDOOOvLzSyA=
35,1,3FlLDAAh86gL1OZ8XBcQudCxpXc=,qr2DWGZ7WS7J7Q3LregACDTZdTI=
34,13,YwMpqQgqin+2GotpXkbUG5YK+go=,y3PnBI7itZgpTBtfo11agL/wn/Y=
34,1,ubitiWb50Mi9tMGHnnc8KbkoRpM=,qr2DWGZ7WS7J7Q3LregACDTZdTI=
44,1,M/liMjfwLCZbBPmSF5UkPH1rgL0=,jlvrWuDYYqSmfpFGGktruwIIHks=
35,12,YwMpqQgqin+2GotpXkbUG5YK+go=,y3PnBI7itZgpTBtfo11agL/wn/Y=
43,13,M/liMjfwLCZbBPmSF5UkPH1rgL0=,XjAe3wRyO5ckxUiukDOOOvLzSyA=
45,0,M/liMjfwLCZbBPmSF5UkPH1rgL0=,jlvrWuDYYqSmfpFGGktruwIIHks=
44,2,M/liMjfwLCZbBPmSF5UkPH1rgL0=,jlvrWuDYYqSmfpFGGktruwIIHks=
45,12,M/liMjfwLCZbBPmSF5UkPH1rgL0=,XjAe3wRyO5ckxUiukDOOOvLzSyA=
43,12,M/liMjfwLCZbBPmSF5UkPH1rgL0=,XjAe3wRyO5ckxUiukDOOOvLzSyA=
44,12,M/liMjfwLCZbBPmSF5UkPH1rgL0=,XjAe3wRyO5ckxUiukDOOOvLzSyA=
41,12,M/liMjfwLCZbBPmSF5UkPH1rgL0=,XjAe3wRyO5ckxUiukDOOOvLzSyA=
42,12,M/liMjfwLCZbBPmSF5UkPH1rgL0=,XjAe3wRyO5ckxUiukDOOOvLzSyA=
41,13,M/liMjfwLCZbBPmSF5UkPH1rgL0=,XjAe3wRyO5ckxUiukDOOOvLzSyA=
42,13,M/liMjfwLCZbBPmSF5UkPH1rgL0=,XjAe3wRyO5ckxUiukDOOOvLzSyA=
47,2,M/liMjfwLCZbBPmSF5UkPH1rgL0=,jlvrWuDYYqSmfpFGGktruwIIHks=
46,2,M/liMjfwLCZbBPmSF5UkPH1rgL0=,jlvrWuDYYqSmfpFGGktruwIIHks=
45,2,M/liMjfwLCZbBPmSF5UkPH1rgL0=,jlvrWuDYYqSmfpFGGktruwIIHks=
44,3,M/liMjfwLCZbBPmSF5UkPH1rgL0=,jlvrWuDYYqSmfpFGGktruwIIHks=
46,3,M/liMjfwLCZbBPmSF5UkPH1rgL0=,jlvrWuDYYqSmfpFGGktruwIIHks=
44,0,M/liMjfwLCZbBPmSF5UkPH1rgL0=,jlvrWuDYYqSmfpFGGktruwIIHks=
45,3,M/liMjfwLCZbBPmSF5UkPH1rgL0=,jlvrWuDYYqSmfpFGGktruwIIHks=
47,3,M/liMjfwLCZbBPmSF5UkPH1rgL0=,jlvrWuDYYqSmfpFGGktruwIIHks=
43,26,2Ze3l/n+G2RHYNpKgB15qLPPha4=,2Ux66kDWnonSw85PjQjaKX5eptc=
39,22,VLln9LLXXNveIn8WxfnBS1XHC8s=,1yDNsDrv1Ea9X2xpv59K7QQAoRA=
39,23,VLln9LLXXNveIn8WxfnBS1XHC8s=,1yDNsDrv1Ea9X2xpv59K7QQAoRA=
39,24,2Ze3l/n+G2RHYNpKgB15qLPPha4=,VesIFTHAYgzEMLzzKqoFYnB6rOE=
43,25,2Ze3l/n+G2RHYNpKgB15qLPPha4=,2Ux66kDWnonSw85PjQjaKX5eptc=
42,26,2Ze3l/n+G2RHYNpKgB15qLPPha4=,2Ux66kDWnonSw85PjQjaKX5eptc=
41,26,2Ze3l/n+G2RHYNpKgB15qLPPha4=,2Ux66kDWnonSw85PjQjaKX5eptc=
42,24,2Ze3l/n+G2RHYNpKgB15qLPPha4=,2Ux66kDWnonSw85PjQjaKX5eptc=
40,27,2Ze3l/n+G2RHYNpKgB15qLPPha4=,2Ux66kDWnonSw85PjQjaKX5eptc=
40,26,2Ze3l/n+G2RHYNpKgB15qLPPha4=,2Ux66kDWnonSw85PjQjaKX5eptc=
41,24,2Ze3l/n+G2RHYNpKgB15qLPPha4=,2Ux66kDWnonSw85PjQjaKX5eptc=
42,27,2Ze3l/n+G2RHYNpKgB15qLPPha4=,2Ux66kDWnonSw85PjQjaKX5eptc=
41,27,2Ze3l/n+G2RHYNpKgB15qLPPha4=,2Ux66kDWnonSw85PjQjaKX5eptc=
40,24,2Ze3l/n+G2RHYNpKgB15qLPPha4=,2Ux66kDWnonSw85PjQjaKX5eptc=
42,25,2Ze3l/n+G2RHYNpKgB15qLPPha4=,2Ux66kDWnonSw85PjQjaKX5eptc=
41,25,2Ze3l/n+G2RHYNpKgB15qLPPha4=,2Ux66kDWnonSw85PjQjaKX5eptc=
43,24,2Ze3l/n+G2RHYNpKgB15qLPPha4=,2Ux66kDWnonSw85PjQjaKX5eptc=
43,27,2Ze3l/n+G2RHYNpKgB15qLPPha4=,2Ux66kDWnonSw85PjQjaKX5eptc=
40,25,2Ze3l/n+G2RHYNpKgB15qLPPha4=,2Ux66kDWnonSw85PjQjaKX5eptc=
39,20,VLln9LLXXNveIn8WxfnBS1XHC8s=,1yDNsDrv1Ea9X2xpv59K7QQAoRA=
43,22,DyEz1oQxbKGRy6JScvrS3L9YmR4=,lCiFWVdYNDQxlEBmllbGVuIfGFY=
42,23,DyEz1oQxbKGRy6JScvrS3L9YmR4=,lCiFWVdYNDQxlEBmllbGVuIfGFY=
43,23,DyEz1oQxbKGRy6JScvrS3L9YmR4=,lCiFWVdYNDQxlEBmllbGVuIfGFY=
42,22,DyEz1oQxbKGRy6JScvrS3L9YmR4=,lCiFWVdYNDQxlEBmllbGVuIfGFY=
40,23,DyEz1oQxbKGRy6JScvrS3L9YmR4=,lCiFWVdYNDQxlEBmllbGVuIfGFY=
41,23,DyEz1oQxbKGRy6JScvrS3L9YmR4=,lCiFWVdYNDQxlEBmllbGVuIfGFY=
41,22,DyEz1oQxbKGRy6JScvrS3L9YmR4=,lCiFWVdYNDQxlEBmllbGVuIfGFY=
42,21,DyEz1oQxbKGRy6JScvrS3L9YmR4=,lCiFWVdYNDQxlEBmllbGVuIfGFY=
43,21,DyEz1oQxbKGRy6JScvrS3L9YmR4=,lCiFWVdYNDQxlEBmllbGVuIfGFY=
39,21,VLln9LLXXNveIn8WxfnBS1XHC8s=,1yDNsDrv1Ea9X2xpv59K7QQAoRA=
36,25,2Ze3l/n+G2RHYNpKgB15qLPPha4=,VesIFTHAYgzEMLzzKqoFYnB6rOE=
42,20,DyEz1oQxbKGRy6JScvrS3L9YmR4=,lCiFWVdYNDQxlEBmllbGVuIfGFY=
43,20,DyEz1oQxbKGRy6JScvrS3L9YmR4=,lCiFWVdYNDQxlEBmllbGVuIfGFY=
41,21,DyEz1oQxbKGRy6JScvrS3L9YmR4=,lCiFWVdYNDQxlEBmllbGVuIfGFY=
40,22,DyEz1oQxbKGRy6JScvrS3L9YmR4=,lCiFWVdYNDQxlEBmllbGVuIfGFY=
40,21,DyEz1oQxbKGRy6JScvrS3L9YmR4=,lCiFWVdYNDQxlEBmllbGVuIfGFY=
40,20,DyEz1oQxbKGRy6JScvrS3L9YmR4=,lCiFWVdYNDQxlEBmllbGVuIfGFY=
37,25,2Ze3l/n+G2RHYNpKgB15qLPPha4=,VesIFTHAYgzEMLzzKqoFYnB6rOE=
38,25,2Ze3l/n+G2RHYNpKgB15qLPPha4=,VesIFTHAYgzEMLzzKqoFYnB6rOE=
41,20,DyEz1oQxbKGRy6JScvrS3L9YmR4=,lCiFWVdYNDQxlEBmllbGVuIfGFY=
36,27,2Ze3l/n+G2RHYNpKgB15qLPPha4=,VesIFTHAYgzEMLzzKqoFYnB6rOE=
39,27,2Ze3l/n+G2RHYNpKgB15qLPPha4=,VesIFTHAYgzEMLzzKqoFYnB6rOE=
37,26,2Ze3l/n+G2RHYNpKgB15qLPPha4=,VesIFTHAYgzEMLzzKqoFYnB6rOE=
37,27,2Ze3l/n+G2RHYNpKgB15qLPPha4=,VesIFTHAYgzEMLzzKqoFYnB6rOE=
36,24,2Ze3l/n+G2RHYNpKgB15qLPPha4=,VesIFTHAYgzEMLzzKqoFYnB6rOE=
36,26,2Ze3l/n+G2RHYNpKgB15qLPPha4=,VesIFTHAYgzEMLzzKqoFYnB6rOE=
38,27,2Ze3l/n+G2RHYNpKgB15qLPPha4=,VesIFTHAYgzEMLzzKqoFYnB6rOE=
37,24,2Ze3l/n+G2RHYNpKgB15qLPPha4=,VesIFTHAYgzEMLzzKqoFYnB6rOE=
38,26,2Ze3l/n+G2RHYNpKgB15qLPPha4=,VesIFTHAYgzEMLzzKqoFYnB6rOE=
38,21,VLln9LLXXNveIn8WxfnBS1XHC8s=,1yDNsDrv1Ea9X2xpv59K7QQAoRA=
38,20,VLln9LLXXNveIn8WxfnBS1XHC8s=,1yDNsDrv1Ea9X2xpv59K7QQAoRA=
38,22,VLln9LLXXNveIn8WxfnBS1XHC8s=,1yDNsDrv1Ea9X2xpv59K7QQAoRA=
36,20,VLln9LLXXNveIn8WxfnBS1XHC8s=,1yDNsDrv1Ea9X2xpv59K7QQAoRA=
38,16,LNN3SmYZ1Si8wMgDBUgf8utLi80=,1yDNsDrv1Ea9X2xpv59K7QQAoRA=
39,26,2Ze3l/n+G2RHYNpKgB15qLPPha4=,VesIFTHAYgzEMLzzKqoFYnB6rOE=
37,22,VLln9LLXXNveIn8WxfnBS1XHC8s=,1yDNsDrv1Ea9X2xpv59K7QQAoRA=
39,25,2Ze3l/n+G2RHYNpKgB15qLPPha4=,VesIFTHAYgzEMLzzKqoFYnB6rOE=
37,20,VLln9LLXXNveIn8WxfnBS1XHC8s=,1yDNsDrv1Ea9X2xpv59K7QQAoRA=
38,24,2Ze3l/n+G2RHYNpKgB15qLPPha4=,VesIFTHAYgzEMLzzKqoFYnB6rOE=
36,23,VLln9LLXXNveIn8WxfnBS1XHC8s=,1yDNsDrv1Ea9X2xpv59K7QQAoRA=
37,21,VLln9LLXXNveIn8WxfnBS1XHC8s=,1yDNsDrv1Ea9X2xpv59K7QQAoRA=
38,23,VLln9LLXXNveIn8WxfnBS1XHC8s=,1yDNsDrv1Ea9X2xpv59K7QQAoRA=
37,23,VLln9LLXXNveIn8WxfnBS1XHC8s=,1yDNsDrv1Ea9X2xpv59K7QQAoRA=
36,22,VLln9LLXXNveIn8WxfnBS1XHC8s=,1yDNsDrv1Ea9X2xpv59K7QQAoRA=
36,21,VLln9LLXXNveIn8WxfnBS1XHC8s=,1yDNsDrv1Ea9X2xpv59K7QQAoRA=
37,16,LNN3SmYZ1Si8wMgDBUgf8utLi80=,1yDNsDrv1Ea9X2xpv59K7QQAoRA=
40,18,DyEz1oQxbKGRy6JScvrS3L9YmR4=,lCiFWVdYNDQxlEBmllbGVuIfGFY=
40,17,DyEz1oQxbKGRy6JScvrS3L9YmR4=,lCiFWVdYNDQxlEBmllbGVuIfGFY=
41,17,DyEz1oQxbKGRy6JScvrS3L9YmR4=,lCiFWVdYNDQxlEBmllbGVuIfGFY=
43,17,DyEz1oQxbKGRy6JScvrS3L9YmR4=,lCiFWVdYNDQxlEBmllbGVuIfGFY=
38,19,LNN3SmYZ1Si8wMgDBUgf8utLi80=,1yDNsDrv1Ea9X2xpv59K7QQAoRA=
37,19,LNN3SmYZ1Si8wMgDBUgf8utLi80=,1yDNsDrv1Ea9X2xpv59K7QQAoRA=
39,19,LNN3SmYZ1Si8wMgDBUgf8utLi80=,1yDNsDrv1Ea9X2xpv59K7QQAoRA=
44,31,/lOp9Br9m+C//pfKyt+2FGH00Rw=,2Ux66kDWnonSw85PjQjaKX5eptc=
45,31,/lOp9Br9m+C//pfKyt+2FGH00Rw=,2Ux66kDWnonSw85PjQjaKX5eptc=
36,18,LNN3SmYZ1Si8wMgDBUgf8utLi80=,1yDNsDrv1Ea9X2xpv59K7QQAoRA=
42,17,onAiUiHl6GPMqRPy3fDIVv3M3WU=,lCiFWVdYNDQxlEBmllbGVuIfGFY=
39,18,LNN3SmYZ1Si8wMgDBUgf8utLi80=,1yDNsDrv1Ea9X2xpv59K7QQAoRA=
39,16,LNN3SmYZ1Si8wMgDBUgf8utLi80=,1yDNsDrv1Ea9X2xpv59K7QQAoRA=
39,17,LNN3SmYZ1Si8wMgDBUgf8utLi80=,1yDNsDrv1Ea9X2xpv59K7QQAoRA=
36,19,LNN3SmYZ1Si8wMgDBUgf8utLi80=,1yDNsDrv1Ea9X2xpv59K7QQAoRA=
40,19,onAiUiHl6GPMqRPy3fDIVv3M3WU=,lCiFWVdYNDQxlEBmllbGVuIfGFY=
37,18,LNN3SmYZ1Si8wMgDBUgf8utLi80=,1yDNsDrv1Ea9X2xpv59K7QQAoRA=
36,17,LNN3SmYZ1Si8wMgDBUgf8utLi80=,1yDNsDrv1Ea9X2xpv59K7QQAoRA=
43,16,onAiUiHl6GPMqRPy3fDIVv3M3WU=,lCiFWVdYNDQxlEBmllbGVuIfGFY=
38,17,LNN3SmYZ1Si8wMgDBUgf8utLi80=,1yDNsDrv1Ea9X2xpv59K7QQAoRA=
37,17,LNN3SmYZ1Si8wMgDBUgf8utLi80=,1yDNsDrv1Ea9X2xpv59K7QQAoRA=
36,16,LNN3SmYZ1Si8wMgDBUgf8utLi80=,1yDNsDrv1Ea9X2xpv59K7QQAoRA=
41,19,onAiUiHl6GPMqRPy3fDIVv3M3WU=,lCiFWVdYNDQxlEBmllbGVuIfGFY=
47,30,/lOp9Br9m+C//pfKyt+2FGH00Rw=,2Ux66kDWnonSw85PjQjaKX5eptc=
47,31,/lOp9Br9m+C//pfKyt+2FGH00Rw=,2Ux66kDWnonSw85PjQjaKX5eptc=
41,18,onAiUiHl6GPMqRPy3fDIVv3M3WU=,lCiFWVdYNDQxlEBmllbGVuIfGFY=
43,19,onAiUiHl6GPMqRPy3fDIVv3M3WU=,lCiFWVdYNDQxlEBmllbGVuIfGFY=
42,19,onAiUiHl6GPMqRPy3fDIVv3M3WU=,lCiFWVdYNDQxlEBmllbGVuIfGFY=
38,18,LNN3SmYZ1Si8wMgDBUgf8utLi80=,1yDNsDrv1Ea9X2xpv59K7QQAoRA=
46,25,/lOp9Br9m+C//pfKyt+2FGH00Rw=,2Ux66kDWnonSw85PjQjaKX5eptc=
42,18,onAiUiHl6GPMqRPy3fDIVv3M3WU=,lCiFWVdYNDQxlEBmllbGVuIfGFY=
43,18,onAiUiHl6GPMqRPy3fDIVv3M3WU=,lCiFWVdYNDQxlEBmllbGVuIfGFY=
42,16,onAiUiHl6GPMqRPy3fDIVv3M3WU=,lCiFWVdYNDQxlEBmllbGVuIfGFY=
41,16,onAiUiHl6GPMqRPy3fDIVv3M3WU=,lCiFWVdYNDQxlEBmllbGVuIfGFY=
40,16,onAiUiHl6GPMqRPy3fDIVv3M3WU=,lCiFWVdYNDQxlEBmllbGVuIfGFY=
44,25,2Ze3l/n+G2RHYNpKgB15qLPPha4=,2Ux66kDWnonSw85PjQjaKX5eptc=
45,25,2Ze3l/n+G2RHYNpKgB15qLPPha4=,2Ux66kDWnonSw85PjQjaKX5eptc=
44,26,/lOp9Br9m+C//pfKyt+2FGH00Rw=,2Ux66kDWnonSw85PjQjaKX5eptc=
47,24,/lOp9Br9m+C//pfKyt+2FGH00Rw=,2Ux66kDWnonSw85PjQjaKX5eptc=
44,27,2Ze3l/n+G2RHYNpKgB15qLPPha4=,2Ux66kDWnonSw85PjQjaKX5eptc=
45,26,/lOp9Br9m+C//pfKyt+2FGH00Rw=,2Ux66kDWnonSw85PjQjaKX5eptc=
46,27,/lOp9Br9m+C//pfKyt+2FGH00Rw=,2Ux66kDWnonSw85PjQjaKX5eptc=
45,27,/lOp9Br9m+C//pfKyt+2FGH00Rw=,2Ux66kDWnonSw85PjQjaKX5eptc=
46,26,/lOp9Br9m+C//pfKyt+2FGH00Rw=,2Ux66kDWnonSw85PjQjaKX5eptc=
46,30,/lOp9Br9m+C//pfKyt+2FGH00Rw=,2Ux66kDWnonSw85PjQjaKX5eptc=
46,28,/lOp9Br9m+C//pfKyt+2FGH00Rw=,2Ux66kDWnonSw85PjQjaKX5eptc=
45,30,/lOp9Br9m+C//pfKyt+2FGH00Rw=,2Ux66kDWnonSw85PjQjaKX5eptc=
45,28,/lOp9Br9m+C//pfKyt+2FGH00Rw=,2Ux66kDWnonSw85PjQjaKX5eptc=
44,30,/lOp9Br9m+C//pfKyt+2FGH00Rw=,2Ux66kDWnonSw85PjQjaKX5eptc=
44,28,/lOp9Br9m+C//pfKyt+2FGH00Rw=,2Ux66kDWnonSw85PjQjaKX5eptc=
46,29,/lOp9Br9m+C//pfKyt+2FGH00Rw=,2Ux66kDWnonSw85PjQjaKX5eptc=
45,22,onAiUiHl6GPMqRPy3fDIVv3M3WU=,lCiFWVdYNDQxlEBmllbGVuIfGFY=
47,29,/lOp9Br9m+C//pfKyt+2FGH00Rw=,2Ux66kDWnonSw85PjQjaKX5eptc=
39,31,2Ze3l/n+G2RHYNpKgB15qLPPha4=,VesIFTHAYgzEMLzzKqoFYnB6rOE=
44,29,/lOp9Br9m+C//pfKyt+2FGH00Rw=,2Ux66kDWnonSw85PjQjaKX5eptc=
46,24,/lOp9Br9m+C//pfKyt+2FGH00Rw=,2Ux66kDWnonSw85PjQjaKX5eptc=
45,23,onAiUiHl6GPMqRPy3fDIVv3M3WU=,lCiFWVdYNDQxlEBmllbGVuIfGFY=
46,22,onAiUiHl6GPMqRPy3fDIVv3M3WU=,lCiFWVdYNDQxlEBmllbGVuIfGFY=
47,21,onAiUiHl6GPMqRPy3fDIVv3M3WU=,lCiFWVdYNDQxlEBmllbGVuIfGFY=
44,23,onAiUiHl6GPMqRPy3fDIVv3M3WU=,lCiFWVdYNDQxlEBmllbGVuIfGFY=
45,29,/lOp9Br9m+C//pfKyt+2FGH00Rw=,2Ux66kDWnonSw85PjQjaKX5eptc=
44,22,onAiUiHl6GPMqRPy3fDIVv3M3WU=,lCiFWVdYNDQxlEBmllbGVuIfGFY=
46,23,onAiUiHl6GPMqRPy3fDIVv3M3WU=,lCiFWVdYNDQxlEBmllbGVuIfGFY=
47,22,onAiUiHl6GPMqRPy3fDIVv3M3WU=,lCiFWVdYNDQxlEBmllbGVuIfGFY=
46,31,/lOp9Br9m+C//pfKyt+2FGH00Rw=,2Ux66kDWnonSw85PjQjaKX5eptc=
45,24,/lOp9Br9m+C//pfKyt+2FGH00Rw=,2Ux66kDWnonSw85PjQjaKX5eptc=
46,21,onAiUiHl6GPMqRPy3fDIVv3M3WU=,lCiFWVdYNDQxlEBmllbGVuIfGFY=
47,25,/lOp9Br9m+C//pfKyt+2FGH00Rw=,2Ux66kDWnonSw85PjQjaKX5eptc=
47,28,/lOp9Br9m+C//pfKyt+2FGH00Rw=,2Ux66kDWnonSw85PjQjaKX5eptc=
32,16,LNN3SmYZ1Si8wMgDBUgf8utLi80=,1yDNsDrv1Ea9X2xpv59K7QQAoRA=
44,21,onAiUiHl6GPMqRPy3fDIVv3M3WU=,lCiFWVdYNDQxlEBmllbGVuIfGFY=
47,20,onAiUiHl6GPMqRPy3fDIVv3M3WU=,lCiFWVdYNDQxlEBmllbGVuIfGFY=
45,21,onAiUiHl6GPMqRPy3fDIVv3M3WU=,lCiFWVdYNDQxlEBmllbGVuIfGFY=
44,24,/lOp9Br9m+C//pfKyt+2FGH00Rw=,2Ux66kDWnonSw85PjQjaKX5eptc=
46,20,onAiUiHl6GPMqRPy3fDIVv3M3WU=,lCiFWVdYNDQxlEBmllbGVuIfGFY=
38,31,2Ze3l/n+G2RHYNpKgB15qLPPha4=,VesIFTHAYgzEMLzzKqoFYnB6rOE=
45,20,onAiUiHl6GPMqRPy3fDIVv3M3WU=,lCiFWVdYNDQxlEBmllbGVuIfGFY=
44,20,onAiUiHl6GPMqRPy3fDIVv3M3WU=,lCiFWVdYNDQxlEBmllbGVuIfGFY=
47,16,onAiUiHl6GPMqRPy3fDIVv3M3WU=,lCiFWVdYNDQxlEBmllbGVuIfGFY=
47,23,onAiUiHl6GPMqRPy3fDIVv3M3WU=,lCiFWVdYNDQxlEBmllbGVuIfGFY=
47,27,/lOp9Br9m+C//pfKyt+2FGH00Rw=,2Ux66kDWnonSw85PjQjaKX5eptc=
36,28,2Ze3l/n+G2RHYNpKgB15qLPPha4=,VesIFTHAYgzEMLzzKqoFYnB6rOE=
40,31,2Ze3l/n+G2RHYNpKgB15qLPPha4=,2Ux66kDWnonSw85PjQjaKX5eptc=
47,26,/lOp9Br9m+C//pfKyt+2FGH00Rw=,2Ux66kDWnonSw85PjQjaKX5eptc=
37,31,2Ze3l/n+G2RHYNpKgB15qLPPha4=,VesIFTHAYgzEMLzzKqoFYnB6rOE=
37,28,2Ze3l/n+G2RHYNpKgB15qLPPha4=,VesIFTHAYgzEMLzzKqoFYnB6rOE=
45,17,onAiUiHl6GPMqRPy3fDIVv3M3WU=,lCiFWVdYNDQxlEBmllbGVuIfGFY=
46,17,onAiUiHl6GPMqRPy3fDIVv3M3WU=,lCiFWVdYNDQxlEBmllbGVuIfGFY=
44,17,onAiUiHl6GPMqRPy3fDIVv3M3WU=,lCiFWVdYNDQxlEBmllbGVuIfGFY=
38,28,2Ze3l/n+G2RHYNpKgB15qLPPha4=,VesIFTHAYgzEMLzzKqoFYnB6rOE=
32,18,LNN3SmYZ1Si8wMgDBUgf8utLi80=,1yDNsDrv1Ea9X2xpv59K7QQAoRA=
46,16,onAiUiHl6GPMqRPy3fDIVv3M3WU=,lCiFWVdYNDQxlEBmllbGVuIfGFY=
33,16,LNN3SmYZ1Si8wMgDBUgf8utLi80=,1yDNsDrv1Ea9X2xpv59K7QQAoRA=
36,29,2Ze3l/n+G2RHYNpKgB15qLPPha4=,VesIFTHAYgzEMLzzKqoFYnB6rOE=
32,21,LNN3SmYZ1Si8wMgDBUgf8utLi80=,1yDNsDrv1Ea9X2xpv59K7QQAoRA=
32,19,LNN3SmYZ1Si8wMgDBUgf8utLi80=,1yDNsDrv1Ea9X2xpv59K7QQAoRA=
47,17,onAiUiHl6GPMqRPy3fDIVv3M3WU=,lCiFWVdYNDQxlEBmllbGVuIfGFY=
32,17,LNN3SmYZ1Si8wMgDBUgf8utLi80=,1yDNsDrv1Ea9X2xpv59K7QQAoRA=
38,29,2Ze3l/n+G2RHYNpKgB15qLPPha4=,VesIFTHAYgzEMLzzKqoFYnB6rOE=
36,31,2Ze3l/n+G2RHYNpKgB15qLPPha4=,VesIFTHAYgzEMLzzKqoFYnB6rOE=
36,30,2Ze3l/n+G2RHYNpKgB15qLPPha4=,VesIFTHAYgzEMLzzKqoFYnB6rOE=
37,29,2Ze3l/n+G2RHYNpKgB15qLPPha4=,VesIFTHAYgzEMLzzKqoFYnB6rOE=
32,20,LNN3SmYZ1Si8wMgDBUgf8utLi80=,1yDNsDrv1Ea9X2xpv59K7QQAoRA=
37,30,2Ze3l/n+G2RHYNpKgB15qLPPha4=,VesIFTHAYgzEMLzzKqoFYnB6rOE=
32,30,2Ze3l/n+G2RHYNpKgB15qLPPha4=,VesIFTHAYgzEMLzzKqoFYnB6rOE=
32,31,2Ze3l/n+G2RHYNpKgB15qLPPha4=,VesIFTHAYgzEMLzzKqoFYnB6rOE=
46,18,G0q96W+WnkmZlFYRQBFJr3KQfLo=,lCiFWVdYNDQxlEBmllbGVuIfGFY=
45,18,G0q96W+WnkmZlFYRQBFJr3KQfLo=,lCiFWVdYNDQxlEBmllbGVuIfGFY=
47,18,G0q96W+WnkmZlFYRQBFJr3KQfLo=,lCiFWVdYNDQxlEBmllbGVuIfGFY=
32,22,LNN3SmYZ1Si8wMgDBUgf8utLi80=,1yDNsDrv1Ea9X2xpv59K7QQAoRA=
43,31,2Ze3l/n+G2RHYNpKgB15qLPPha4=,2Ux66kDWnonSw85PjQjaKX5eptc=
33,19,LNN3SmYZ1Si8wMgDBUgf8utLi80=,1yDNsDrv1Ea9X2xpv59K7QQAoRA=
45,16,G0q96W+WnkmZlFYRQBFJr3KQfLo=,lCiFWVdYNDQxlEBmllbGVuIfGFY=
34,18,LNN3SmYZ1Si8wMgDBUgf8utLi80=,1yDNsDrv1Ea9X2xpv59K7QQAoRA=
35,18,LNN3SmYZ1Si8wMgDBUgf8utLi80=,1yDNsDrv1Ea9X2xpv59K7QQAoRA=
44,18,G0q96W+WnkmZlFYRQBFJr3KQfLo=,lCiFWVdYNDQxlEBmllbGVuIfGFY=
35,16,LNN3SmYZ1Si8wMgDBUgf8utLi80=,1yDNsDrv1Ea9X2xpv59K7QQAoRA=
38,30,2Ze3l/n+G2RHYNpKgB15qLPPha4=,VesIFTHAYgzEMLzzKqoFYnB6rOE=
32,29,2Ze3l/n+G2RHYNpKgB15qLPPha4=,VesIFTHAYgzEMLzzKqoFYnB6rOE=
42,31,2Ze3l/n+G2RHYNpKgB15qLPPha4=,2Ux66kDWnonSw85PjQjaKX5eptc=
32,23,LNN3SmYZ1Si8wMgDBUgf8utLi80=,1yDNsDrv1Ea9X2xpv59K7QQAoRA=
39,28,2Ze3l/n+G2RHYNpKgB15qLPPha4=,VesIFTHAYgzEMLzzKqoFYnB6rOE=
39,29,2Ze3l/n+G2RHYNpKgB15qLPPha4=,VesIFTHAYgzEMLzzKqoFYnB6rOE=
34,19,LNN3SmYZ1Si8wMgDBUgf8utLi80=,1yDNsDrv1Ea9X2xpv59K7QQAoRA=
33,17,LNN3SmYZ1Si8wMgDBUgf8utLi80=,1yDNsDrv1Ea9X2xpv59K7QQAoRA=
44,19,G0q96W+WnkmZlFYRQBFJr3KQfLo=,lCiFWVdYNDQxlEBmllbGVuIfGFY=
40,28,2Ze3l/n+G2RHYNpKgB15qLPPha4=,2Ux66kDWnonSw85PjQjaKX5eptc=
33,25,2Ze3l/n+G2RHYNpKgB15qLPPha4=,VesIFTHAYgzEMLzzKqoFYnB6rOE=
34,16,LNN3SmYZ1Si8wMgDBUgf8utLi80=,1yDNsDrv1Ea9X2xpv59K7QQAoRA=
35,19,LNN3SmYZ1Si8wMgDBUgf8utLi80=,1yDNsDrv1Ea9X2xpv59K7QQAoRA=
35,21,LNN3SmYZ1Si8wMgDBUgf8utLi80=,1yDNsDrv1Ea9X2xpv59K7QQAoRA=
32,28,2Ze3l/n+G2RHYNpKgB15qLPPha4=,VesIFTHAYgzEMLzzKqoFYnB6rOE=
41,28,2Ze3l/n+G2RHYNpKgB15qLPPha4=,2Ux66kDWnonSw85PjQjaKX5eptc=
44,16,G0q96W+WnkmZlFYRQBFJr3KQfLo=,lCiFWVdYNDQxlEBmllbGVuIfGFY=
35,25,2Ze3l/n+G2RHYNpKgB15qLPPha4=,VesIFTHAYgzEMLzzKqoFYnB6rOE=
41,31,2Ze3l/n+G2RHYNpKgB15qLPPha4=,2Ux66kDWnonSw85PjQjaKX5eptc=
45,19,G0q96W+WnkmZlFYRQBFJr3KQfLo=,lCiFWVdYNDQxlEBmllbGVuIfGFY=
34,25,2Ze3l/n+G2RHYNpKgB15qLPPha4=,VesIFTHAYgzEMLzzKqoFYnB6rOE=
33,22,LNN3SmYZ1Si8wMgDBUgf8utLi80=,1yDNsDrv1Ea9X2xpv59K7QQAoRA=
34,26,2Ze3l/n+G2RHYNpKgB15qLPPha4=,VesIFTHAYgzEMLzzKqoFYnB6rOE=
33,26,2Ze3l/n+G2RHYNpKgB15qLPPha4=,VesIFTHAYgzEMLzzKqoFYnB6rOE=
33,21,LNN3SmYZ1Si8wMgDBUgf8utLi80=,1yDNsDrv1Ea9X2xpv59K7QQAoRA=
46,19,G0q96W+WnkmZlFYRQBFJr3KQfLo=,lCiFWVdYNDQxlEBmllbGVuIfGFY=
35,26,2Ze3l/n+G2RHYNpKgB15qLPPha4=,VesIFTHAYgzEMLzzKqoFYnB6rOE=
33,18,LNN3SmYZ1Si8wMgDBUgf8utLi80=,1yDNsDrv1Ea9X2xpv59K7QQAoRA=
34,22,LNN3SmYZ1Si8wMgDBUgf8utLi80=,1yDNsDrv1Ea9X2xpv59K7QQAoRA=
34,21,LNN3SmYZ1Si8wMgDBUgf8utLi80=,1yDNsDrv1Ea9X2xpv59K7QQAoRA=
42,28,2Ze3l/n+G2RHYNpKgB15qLPPha4=,2Ux66kDWnonSw85PjQjaKX5eptc=
43,28,2Ze3l/n+G2RHYNpKgB15qLPPha4=,2Ux66kDWnonSw85PjQjaKX5eptc=
33,20,LNN3SmYZ1Si8wMgDBUgf8utLi80=,1yDNsDrv1Ea9X2xpv59K7QQAoRA=
34,20,LNN3SmYZ1Si8wMgDBUgf8utLi80=,1yDNsDrv1Ea9X2xpv59K7QQAoRA=
32,27,2Ze3l/n+G2RHYNpKgB15qLPPha4=,VesIFTHAYgzEMLzzKqoFYnB6rOE=
39,30,2Ze3l/n+G2RHYNpKgB15qLPPha4=,VesIFTHAYgzEMLzzKqoFYnB6rOE=
35,22,LNN3SmYZ1Si8wMgDBUgf8utLi80=,1yDNsDrv1Ea9X2xpv59K7QQAoRA=
43,30,2Ze3l/n+G2RHYNpKgB15qLPPha4=,2Ux66kDWnonSw85PjQjaKX5eptc=
47,19,G0q96W+WnkmZlFYRQBFJr3KQfLo=,lCiFWVdYNDQxlEBmllbGVuIfGFY=
33,27,2Ze3l/n+G2RHYNpKgB15qLPPha4=,VesIFTHAYgzEMLzzKqoFYnB6rOE=
40,29,2Ze3l/n+G2RHYNpKgB15qLPPha4=,2Ux66kDWnonSw85PjQjaKX5eptc=
34,17,LNN3SmYZ1Si8wMgDBUgf8utLi80=,1yDNsDrv1Ea9X2xpv59K7QQAoRA=
43,29,2Ze3l/n+G2RHYNpKgB15qLPPha4=,2Ux66kDWnonSw85PjQjaKX5eptc=
42,29,2Ze3l/n+G2RHYNpKgB15qLPPha4=,2Ux66kDWnonSw85PjQjaKX5eptc=
41,29,2Ze3l/n+G2RHYNpKgB15qLPPha4=,2Ux66kDWnonSw85PjQjaKX5eptc=
42,30,2Ze3l/n+G2RHYNpKgB15qLPPha4=,2Ux66kDWnonSw85PjQjaKX5eptc=
33,23,LNN3SmYZ1Si8wMgDBUgf8utLi80=,1yDNsDrv1Ea9X2xpv59K7QQAoRA=
35,20,LNN3SmYZ1Si8wMgDBUgf8utLi80=,1yDNsDrv1Ea9X2xpv59K7QQAoRA=
34,27,2Ze3l/n+G2RHYNpKgB15qLPPha4=,VesIFTHAYgzEMLzzKqoFYnB6rOE=
40,30,2Ze3l/n+G2RHYNpKgB15qLPPha4=,2Ux66kDWnonSw85PjQjaKX5eptc=
32,26,2Ze3l/n+G2RHYNpKgB15qLPPha4=,VesIFTHAYgzEMLzzKqoFYnB6rOE=
34,29,2Ze3l/n+G2RHYNpKgB15qLPPha4=,VesIFTHAYgzEMLzzKqoFYnB6rOE=
35,17,LNN3SmYZ1Si8wMgDBUgf8utLi80=,1yDNsDrv1Ea9X2xpv59K7QQAoRA=
33,30,2Ze3l/n+G2RHYNpKgB15qLPPha4=,VesIFTHAYgzEMLzzKqoFYnB6rOE=
35,28,2Ze3l/n+G2RHYNpKgB15qLPPha4=,VesIFTHAYgzEMLzzKqoFYnB6rOE=
41,30,2Ze3l/n+G2RHYNpKgB15qLPPha4=,2Ux66kDWnonSw85PjQjaKX5eptc=
34,28,2Ze3l/n+G2RHYNpKgB15qLPPha4=,VesIFTHAYgzEMLzzKqoFYnB6rOE=
34,30,2Ze3l/n+G2RHYNpKgB15qLPPha4=,VesIFTHAYgzEMLzzKqoFYnB6rOE=
35,31,2Ze3l/n+G2RHYNpKgB15qLPPha4=,VesIFTHAYgzEMLzzKqoFYnB6rOE=
35,27,2Ze3l/n+G2RHYNpKgB15qLPPha4=,VesIFTHAYgzEMLzzKqoFYnB6rOE=
34,23,LNN3SmYZ1Si8wMgDBUgf8utLi80=,1yDNsDrv1Ea9X2xpv59K7QQAoRA=
33,28,2Ze3l/n+G2RHYNpKgB15qLPPha4=,VesIFTHAYgzEMLzzKqoFYnB6rOE=
35,29,2Ze3l/n+G2RHYNpKgB15qLPPha4=,VesIFTHAYgzEMLzzKqoFYnB6rOE=
35,23,LNN3SmYZ1Si8wMgDBUgf8utLi80=,1yDNsDrv1Ea9X2xpv59K7QQAoRA=
35,30,2Ze3l/n+G2RHYNpKgB15qLPPha4=,VesIFTHAYgzEMLzzKqoFYnB6rOE=
33,29,2Ze3l/n+G2RHYNpKgB15qLPPha4=,VesIFTHAYgzEMLzzKqoFYnB6rOE=
35,24,2Ze3l/n+G2RHYNpKgB15qLPPha4=,VesIFTHAYgzEMLzzKqoFYnB6rOE=
33,31,2Ze3l/n+G2RHYNpKgB15qLPPha4=,VesIFTHAYgzEMLzzKqoFYnB6rOE=
32,24,/lOp9Br9m+C//pfKyt+2FGH00Rw=,VesIFTHAYgzEMLzzKqoFYnB6rOE=
34,31,2Ze3l/n+G2RHYNpKgB15qLPPha4=,VesIFTHAYgzEMLzzKqoFYnB6rOE=
32,25,2Ze3l/n+G2RHYNpKgB15qLPPha4=,VesIFTHAYgzEMLzzKqoFYnB6rOE=
33,24,2Ze3l/n+G2RHYNpKgB15qLPPha4=,VesIFTHAYgzEMLzzKqoFYnB6rOE=
34,24,2Ze3l/n+G2RHYNpKgB15qLPPha4=,VesIFTHAYgzEMLzzKqoFYnB6rOE=
63,22,ziLWpzrPhjtAELES70J5q/x4fUY=,Nwmnlrb5xSqrR0se7nZNCSZm4SM=
63,21,ziLWpzrPhjtAELES70J5q/x4fUY=,Nwmnlrb5xSqrR0se7nZNCSZm4SM=
62,21,ziLWpzrPhjtAELES70J5q/x4fUY=,Nwmnlrb5xSqrR0se7nZNCSZm4SM=
61,21,ziLWpzrPhjtAELES70J5q/x4fUY=,Nwmnlrb5xSqrR0se7nZNCSZm4SM=
60,21,ziLWpzrPhjtAELES70J5q/x4fUY=,Nwmnlrb5xSqrR0se7nZNCSZm4SM=
59,21,ziLWpzrPhjtAELES70J5q/x4fUY=,Nwmnlrb5xSqrR0se7nZNCSZm4SM=
58,21,ziLWpzrPhjtAELES70J5q/x4fUY=,Nwmnlrb5xSqrR0se7nZNCSZm4SM=
57,21,ziLWpzrPhjtAELES70J5q/x4fUY=,Nwmnlrb5xSqrR0se7nZNCSZm4SM=
63,20,ziLWpzrPhjtAELES70J5q/x4fUY=,Nwmnlrb5xSqrR0se7nZNCSZm4SM=
62,20,ziLWpzrPhjtAELES70J5q/x4fUY=,Nwmnlrb5xSqrR0se7nZNCSZm4SM=
61,20,ziLWpzrPhjtAELES70J5q/x4fUY=,Nwmnlrb5xSqrR0se7nZNCSZm4SM=
60,20,ziLWpzrPhjtAELES70J5q/x4fUY=,Nwmnlrb5xSqrR0se7nZNCSZm4SM=
59,20,ziLWpzrPhjtAELES70J5q/x4fUY=,Nwmnlrb5xSqrR0se7nZNCSZm4SM=
58,20,ziLWpzrPhjtAELES70J5q/x4fUY=,Nwmnlrb5xSqrR0se7nZNCSZm4SM=
57,20,ziLWpzrPhjtAELES70J5q/x4fUY=,Nwmnlrb5xSqrR0se7nZNCSZm4SM=
63,19,ziLWpzrPhjtAELES70J5q/x4fUY=,Nwmnlrb5xSqrR0se7nZNCSZm4SM=
62,19,ziLWpzrPhjtAELES70J5q/x4fUY=,Nwmnlrb5xSqrR0se7nZNCSZm4SM=
61,19,ziLWpzrPhjtAELES70J5q/x4fUY=,Nwmnlrb5xSqrR0se7nZNCSZm4SM=
60,19,ziLWpzrPhjtAELES70J5q/x4fUY=,Nwmnlrb5xSqrR0se7nZNCSZm4SM=
59,19,ziLWpzrPhjtAELES70J5q/x4fUY=,Nwmnlrb5xSqrR0se7nZNCSZm4SM=
58,19,ziLWpzrPhjtAELES70J5q/x4fUY=,Nwmnlrb5xSqrR0se7nZNCSZm4SM=
57,19,ziLWpzrPhjtAELES70J5q/x4fUY=,Nwmnlrb5xSqrR0se7nZNCSZm4SM=
63,18,ziLWpzrPhjtAELES70J5q/x4fUY=,Nwmnlrb5xSqrR0se7nZNCSZm4SM=
62,18,ziLWpzrPhjtAELES70J5q/x4fUY=,Nwmnlrb5xSqrR0se7nZNCSZm4SM=
61,18,ziLWpzrPhjtAELES70J5q/x4fUY=,Nwmnlrb5xSqrR0se7nZNCSZm4SM=
60,18,ziLWpzrPhjtAELES70J5q/x4fUY=,Nwmnlrb5xSqrR0se7nZNCSZm4SM=
59,18,ziLWpzrPhjtAELES70J5q/x4fUY=,Nwmnlrb5xSqrR0se7nZNCSZm4SM=
58,18,ziLWpzrPhjtAELES70J5q/x4fUY=,Nwmnlrb5xSqrR0se7nZNCSZm4SM=
57,18,ziLWpzrPhjtAELES70J5q/x4fUY=,Nwmnlrb5xSqrR0se7nZNCSZm4SM=
63,17,ziLWpzrPhjtAELES70J5q/x4fUY=,Nwmnlrb5xSqrR0se7nZNCSZm4SM=
62,17,ziLWpzrPhjtAELES70J5q/x4fUY=,Nwmnlrb5xSqrR0se7nZNCSZm4SM=
61,17,ziLWpzrPhjtAELES70J5q/x4fUY=,Nwmnlrb5xSqrR0se7nZNCSZm4SM=
60,17,ziLWpzrPhjtAELES70J5q/x4fUY=,Nwmnlrb5xSqrR0se7nZNCSZm4SM=
59,17,ziLWpzrPhjtAELES70J5q/x4fUY=,Nwmnlrb5xSqrR0se7nZNCSZm4SM=
58,17,ziLWpzrPhjtAELES70J5q/x4fUY=,Nwmnlrb5xSqrR0se7nZNCSZm4SM=
57,17,ziLWpzrPhjtAELES70J5q/x4fUY=,Nwmnlrb5xSqrR0se7nZNCSZm4SM=
57,16,ziLWpzrPhjtAELES70J5q/x4fUY=,Nwmnlrb5xSqrR0se7nZNCSZm4SM=
58,16,ziLWpzrPhjtAELES70J5q/x4fUY=,Nwmnlrb5xSqrR0se7nZNCSZm4SM=
59,16,ziLWpzrPhjtAELES70J5q/x4fUY=,Nwmnlrb5xSqrR0se7nZNCSZm4SM=
60,16,ziLWpzrPhjtAELES70J5q/x4fUY=,Nwmnlrb5xSqrR0se7nZNCSZm4SM=
61,16,ziLWpzrPhjtAELES70J5q/x4fUY=,Nwmnlrb5xSqrR0se7nZNCSZm4SM=
62,16,ziLWpzrPhjtAELES70J5q/x4fUY=,Nwmnlrb5xSqrR0se7nZNCSZm4SM=
50,21,ziLWpzrPhjtAELES70J5q/x4fUY=,k81CgApm4yts6ZSB9bvUw7Ucg4A=
55,17,ziLWpzrPhjtAELES70J5q/x4fUY=,k81CgApm4yts6ZSB9bvUw7Ucg4A=
49,21,ziLWpzrPhjtAELES70J5q/x4fUY=,k81CgApm4yts6ZSB9bvUw7Ucg4A=
53,17,ziLWpzrPhjtAELES70J5q/x4fUY=,k81CgApm4yts6ZSB9bvUw7Ucg4A=
52,17,ziLWpzrPhjtAELES70J5q/x4fUY=,k81CgApm4yts6ZSB9bvUw7Ucg4A=
49,20,ziLWpzrPhjtAELES70J5q/x4fUY=,k81CgApm4yts6ZSB9bvUw7Ucg4A=
56,21,ziLWpzrPhjtAELES70J5q/x4fUY=,Nwmnlrb5xSqrR0se7nZNCSZm4SM=
51,17,ziLWpzrPhjtAELES70J5q/x4fUY=,k81CgApm4yts6ZSB9bvUw7Ucg4A=
55,19,ziLWpzrPhjtAELES70J5q/x4fUY=,k81CgApm4yts6ZSB9bvUw7Ucg4A=
50,17,ziLWpzrPhjtAELES70J5q/x4fUY=,k81CgApm4yts6ZSB9bvUw7Ucg4A=
55,21,ziLWpzrPhjtAELES70J5q/x4fUY=,k81CgApm4yts6ZSB9bvUw7Ucg4A=
54,21,ziLWpzrPhjtAELES70J5q/x4fUY=,k81CgApm4yts6ZSB9bvUw7Ucg4A=
53,21,ziLWpzrPhjtAELES70J5q/x4fUY=,k81CgApm4yts6ZSB9bvUw7Ucg4A=
52,21,ziLWpzrPhjtAELES70J5q/x4fUY=,k81CgApm4yts6ZSB9bvUw7Ucg4A=
55,18,ziLWpzrPhjtAELES70J5q/x4fUY=,k81CgApm4yts6ZSB9bvUw7Ucg4A=
49,17,ziLWpzrPhjtAELES70J5q/x4fUY=,k81CgApm4yts6ZSB9bvUw7Ucg4A=
54,18,ziLWpzrPhjtAELES70J5q/x4fUY=,k81CgApm4yts6ZSB9bvUw7Ucg4A=
56,20,ziLWpzrPhjtAELES70J5q/x4fUY=,Nwmnlrb5xSqrR0se7nZNCSZm4SM=
53,18,ziLWpzrPhjtAELES70J5q/x4fUY=,k81CgApm4yts6ZSB9bvUw7Ucg4A=
55,20,ziLWpzrPhjtAELES70J5q/x4fUY=,k81CgApm4yts6ZSB9bvUw7Ucg4A=
56,19,ziLWpzrPhjtAELES70J5q/x4fUY=,Nwmnlrb5xSqrR0se7nZNCSZm4SM=
52,18,ziLWpzrPhjtAELES70J5q/x4fUY=,k81CgApm4yts6ZSB9bvUw7Ucg4A=
54,20,ziLWpzrPhjtAELES70J5q/x4fUY=,k81CgApm4yts6ZSB9bvUw7Ucg4A=
53,20,ziLWpzrPhjtAELES70J5q/x4fUY=,k81CgApm4yts6ZSB9bvUw7Ucg4A=
56,18,ziLWpzrPhjtAELES70J5q/x4fUY=,Nwmnlrb5xSqrR0se7nZNCSZm4SM=
52,20,ziLWpzrPhjtAELES70J5q/x4fUY=,k81CgApm4yts6ZSB9bvUw7Ucg4A=
54,19,ziLWpzrPhjtAELES70J5q/x4fUY=,k81CgApm4yts6ZSB9bvUw7Ucg4A=
53,19,ziLWpzrPhjtAELES70J5q/x4fUY=,k81CgApm4yts6ZSB9bvUw7Ucg4A=
52,19,ziLWpzrPhjtAELES70J5q/x4fUY=,k81CgApm4yts6ZSB9bvUw7Ucg4A=
51,19,ziLWpzrPhjtAELES70J5q/x4fUY=,k81CgApm4yts6ZSB9bvUw7Ucg4A=
51,20,ziLWpzrPhjtAELES70J5q/x4fUY=,k81CgApm4yts6ZSB9bvUw7Ucg4A=
51,18,ziLWpzrPhjtAELES70J5q/x4fUY=,k81CgApm4yts6ZSB9bvUw7Ucg4A=
56,17,ziLWpzrPhjtAELES70J5q/x4fUY=,Nwmnlrb5xSqrR0se7nZNCSZm4SM=
50,18,ziLWpzrPhjtAELES70J5q/x4fUY=,k81CgApm4yts6ZSB9bvUw7Ucg4A=
50,19,ziLWpzrPhjtAELES70J5q/x4fUY=,k81CgApm4yts6ZSB9bvUw7Ucg4A=
51,21,ziLWpzrPhjtAELES70J5q/x4fUY=,k81CgApm4yts6ZSB9bvUw7Ucg4A=
49,18,ziLWpzrPhjtAELES70J5q/x4fUY=,k81CgApm4yts6ZSB9bvUw7Ucg4A=
49,19,ziLWpzrPhjtAELES70J5q/x4fUY=,k81CgApm4yts6ZSB9bvUw7Ucg4A=
54,17,ziLWpzrPhjtAELES70J5q/x4fUY=,k81CgApm4yts6ZSB9bvUw7Ucg4A=
50,20,ziLWpzrPhjtAELES70J5q/x4fUY=,k81CgApm4yts6ZSB9bvUw7Ucg4A=
56,16,9kIfKKO9xHzooEK+bgwPx9WhESM=,Nwmnlrb5xSqrR0se7nZNCSZm4SM=
53,16,9kIfKKO9xHzooEK+bgwPx9WhESM=,k81CgApm4yts6ZSB9bvUw7Ucg4A=
55,16,9kIfKKO9xHzooEK+bgwPx9WhESM=,k81CgApm4yts6ZSB9bvUw7Ucg4A=
54,16,9kIfKKO9xHzooEK+bgwPx9WhESM=,k81CgApm4yts6ZSB9bvUw7Ucg4A=
51,16,9kIfKKO9xHzooEK+bgwPx9WhESM=,k81CgApm4yts6ZSB9bvUw7Ucg4A=
50,16,9kIfKKO9xHzooEK+bgwPx9WhESM=,k81CgApm4yts6ZSB9bvUw7Ucg4A=
52,16,9kIfKKO9xHzooEK+bgwPx9WhESM=,k81CgApm4yts6ZSB9bvUw7Ucg4A=
49,16,9kIfKKO9xHzooEK+bgwPx9WhESM=,k81CgApm4yts6ZSB9bvUw7Ucg4A=
48,30,LNN3SmYZ1Si8wMgDBUgf8utLi80=,FNCie9QGXJoLe65S21wectXGSOI=
52,30,5e1KS2iGq3On+BtjQBKJyQrcitY=,FNCie9QGXJoLe65S21wectXGSOI=
54,30,LNN3SmYZ1Si8wMgDBUgf8utLi80=,FNCie9QGXJoLe65S21wectXGSOI=
48,31,LNN3SmYZ1Si8wMgDBUgf8utLi80=,FNCie9QGXJoLe65S21wectXGSOI=
49,31,LNN3SmYZ1Si8wMgDBUgf8utLi80=,FNCie9QGXJoLe65S21wectXGSOI=
50,31,LNN3SmYZ1Si8wMgDBUgf8utLi80=,FNCie9QGXJoLe65S21wectXGSOI=
54,31,LNN3SmYZ1Si8wMgDBUgf8utLi80=,FNCie9QGXJoLe65S21wectXGSOI=
53,31,5e1KS2iGq3On+BtjQBKJyQrcitY=,FNCie9QGXJoLe65S21wectXGSOI=
52,31,5e1KS2iGq3On+BtjQBKJyQrcitY=,FNCie9QGXJoLe65S21wectXGSOI=
51,31,LNN3SmYZ1Si8wMgDBUgf8utLi80=,FNCie9QGXJoLe65S21wectXGSOI=
63,16,9kIfKKO9xHzooEK+bgwPx9WhESM=,Nwmnlrb5xSqrR0se7nZNCSZm4SM=
49,30,LNN3SmYZ1Si8wMgDBUgf8utLi80=,FNCie9QGXJoLe65S21wectXGSOI=
51,30,LNN3SmYZ1Si8wMgDBUgf8utLi80=,FNCie9QGXJoLe65S21wectXGSOI=
48,29,LNN3SmYZ1Si8wMgDBUgf8utLi80=,FNCie9QGXJoLe65S21wectXGSOI=
50,30,LNN3SmYZ1Si8wMgDBUgf8utLi80=,FNCie9QGXJoLe65S21wectXGSOI=
48,21,9kIfKKO9xHzooEK+bgwPx9WhESM=,k81CgApm4yts6ZSB9bvUw7Ucg4A=
49,29,LNN3SmYZ1Si8wMgDBUgf8utLi80=,FNCie9QGXJoLe65S21wectXGSOI=
51,29,LNN3SmYZ1Si8wMgDBUgf8utLi80=,FNCie9QGXJoLe65S21wectXGSOI=
48,20,9kIfKKO9xHzooEK+bgwPx9WhESM=,k81CgApm4yts6ZSB9bvUw7Ucg4A=
50,29,LNN3SmYZ1Si8wMgDBUgf8utLi80=,FNCie9QGXJoLe65S21wectXGSOI=
55,31,LNN3SmYZ1Si8wMgDBUgf8utLi80=,FNCie9QGXJoLe65S21wectXGSOI=
63,23,9kIfKKO9xHzooEK+bgwPx9WhESM=,Nwmnlrb5xSqrR0se7nZNCSZm4SM=
63,28,LNN3SmYZ1Si8wMgDBUgf8utLi80=,hgdrBliEgqRXHaanzn+c0T/RWTU=
63,29,LNN3SmYZ1Si8wMgDBUgf8utLi80=,hgdrBliEgqRXHaanzn+c0T/RWTU=
63,30,LNN3SmYZ1Si8wMgDBUgf8utLi80=,hgdrBliEgqRXHaanzn+c0T/RWTU=
48,28,LNN3SmYZ1Si8wMgDBUgf8utLi80=,FNCie9QGXJoLe65S21wectXGSOI=
51,28,5e1KS2iGq3On+BtjQBKJyQrcitY=,FNCie9QGXJoLe65S21wectXGSOI=
49,28,LNN3SmYZ1Si8wMgDBUgf8utLi80=,FNCie9QGXJoLe65S21wectXGSOI=
63,31,LNN3SmYZ1Si8wMgDBUgf8utLi80=,hgdrBliEgqRXHaanzn+c0T/RWTU=
50,28,LNN3SmYZ1Si8wMgDBUgf8utLi80=,FNCie9QGXJoLe65S21wectXGSOI=
51,25,5e1KS2iGq3On+BtjQBKJyQrcitY=,FNCie9QGXJoLe65S21wectXGSOI=
51,22,9kIfKKO9xHzooEK+bgwPx9WhESM=,k81CgApm4yts6ZSB9bvUw7Ucg4A=
48,16,9kIfKKO9xHzooEK+bgwPx9WhESM=,k81CgApm4yts6ZSB9bvUw7Ucg4A=
48,18,9kIfKKO9xHzooEK+bgwPx9WhESM=,k81CgApm4yts6ZSB9bvUw7Ucg4A=
49,26,5e1KS2iGq3On+BtjQBKJyQrcitY=,FNCie9QGXJoLe65S21wectXGSOI=
48,24,5e1KS2iGq3On+BtjQBKJyQrcitY=,FNCie9QGXJoLe65S21wectXGSOI=
48,26,5e1KS2iGq3On+BtjQBKJyQrcitY=,FNCie9QGXJoLe65S21wectXGSOI=
51,23,9kIfKKO9xHzooEK+bgwPx9WhESM=,k81CgApm4yts6ZSB9bvUw7Ucg4A=
48,19,9kIfKKO9xHzooEK+bgwPx9WhESM=,k81CgApm4yts6ZSB9bvUw7Ucg4A=
48,25,5e1KS2iGq3On+BtjQBKJyQrcitY=,FNCie9QGXJoLe65S21wectXGSOI=
51,24,LNN3SmYZ1Si8wMgDBUgf8utLi80=,FNCie9QGXJoLe65S21wectXGSOI=
50,26,LNN3SmYZ1Si8wMgDBUgf8utLi80=,FNCie9QGXJoLe65S21wectXGSOI=
49,25,LNN3SmYZ1Si8wMgDBUgf8utLi80=,FNCie9QGXJoLe65S21wectXGSOI=
50,25,LNN3SmYZ1Si8wMgDBUgf8utLi80=,FNCie9QGXJoLe65S21wectXGSOI=
50,22,9kIfKKO9xHzooEK+bgwPx9WhESM=,k81CgApm4yts6ZSB9bvUw7Ucg4A=
51,27,LNN3SmYZ1Si8wMgDBUgf8utLi80=,FNCie9QGXJoLe65S21wectXGSOI=
48,17,9kIfKKO9xHzooEK+bgwPx9WhESM=,k81CgApm4yts6ZSB9bvUw7Ucg4A=
62,23,9kIfKKO9xHzooEK+bgwPx9WhESM=,Nwmnlrb5xSqrR0se7nZNCSZm4SM=
48,22,9kIfKKO9xHzooEK+bgwPx9WhESM=,k81CgApm4yts6ZSB9bvUw7Ucg4A=
49,27,LNN3SmYZ1Si8wMgDBUgf8utLi80=,FNCie9QGXJoLe65S21wectXGSOI=
48,27,5e1KS2iGq3On+BtjQBKJyQrcitY=,FNCie9QGXJoLe65S21wectXGSOI=
53,29,5e1KS2iGq3On+BtjQBKJyQrcitY=,FNCie9QGXJoLe65S21wectXGSOI=
51,26,LNN3SmYZ1Si8wMgDBUgf8utLi80=,FNCie9QGXJoLe65S21wectXGSOI=
54,29,LNN3SmYZ1Si8wMgDBUgf8utLi80=,FNCie9QGXJoLe65S21wectXGSOI=
50,23,9kIfKKO9xHzooEK+bgwPx9WhESM=,k81CgApm4yts6ZSB9bvUw7Ucg4A=
55,23,9kIfKKO9xHzooEK+bgwPx9WhESM=,k81CgApm4yts6ZSB9bvUw7Ucg4A=
50,24,LNN3SmYZ1Si8wMgDBUgf8utLi80=,FNCie9QGXJoLe65S21wectXGSOI=
52,29,5e1KS2iGq3On+BtjQBKJyQrcitY=,FNCie9QGXJoLe65S21wectXGSOI=
49,24,LNN3SmYZ1Si8wMgDBUgf8utLi80=,FNCie9QGXJoLe65S21wectXGSOI=
49,22,9kIfKKO9xHzooEK+bgwPx9WhESM=,k81CgApm4yts6ZSB9bvUw7Ucg4A=
49,23,9kIfKKO9xHzooEK+bgwPx9WhESM=,k81CgApm4yts6ZSB9bvUw7Ucg4A=
50,27,LNN3SmYZ1Si8wMgDBUgf8utLi80=,FNCie9QGXJoLe65S21wectXGSOI=
60,22,9kIfKKO9xHzooEK+bgwPx9WhESM=,Nwmnlrb5xSqrR0se7nZNCSZm4SM=
48,23,9kIfKKO9xHzooEK+bgwPx9WhESM=,k81CgApm4yts6ZSB9bvUw7Ucg4A=
57,26,5e1KS2iGq3On+BtjQBKJyQrcitY=,hgdrBliEgqRXHaanzn+c0T/RWTU=
61,23,9kIfKKO9xHzooEK+bgwPx9WhESM=,Nwmnlrb5xSqrR0se7nZNCSZm4SM=
56,26,5e1KS2iGq3On+BtjQBKJyQrcitY=,hgdrBliEgqRXHaanzn+c0T/RWTU=
58,26,5e1KS2iGq3On+BtjQBKJyQrcitY=,hgdrBliEgqRXHaanzn+c0T/RWTU=
62,22,9kIfKKO9xHzooEK+bgwPx9WhESM=,Nwmnlrb5xSqrR0se7nZNCSZm4SM=
63,25,5e1KS2iGq3On+BtjQBKJyQrcitY=,hgdrBliEgqRXHaanzn+c0T/RWTU=
59,26,5e1KS2iGq3On+BtjQBKJyQrcitY=,hgdrBliEgqRXHaanzn+c0T/RWTU=
59,22,9kIfKKO9xHzooEK+bgwPx9WhESM=,Nwmnlrb5xSqrR0se7nZNCSZm4SM=
60,26,5e1KS2iGq3On+BtjQBKJyQrcitY=,hgdrBliEgqRXHaanzn+c0T/RWTU=
58,31,5e1KS2iGq3On+BtjQBKJyQrcitY=,hgdrBliEgqRXHaanzn+c0T/RWTU=
54,28,5e1KS2iGq3On+BtjQBKJyQrcitY=,FNCie9QGXJoLe65S21wectXGSOI=
55,26,5e1KS2iGq3On+BtjQBKJyQrcitY=,FNCie9QGXJoLe65S21wectXGSOI=
61,22,9kIfKKO9xHzooEK+bgwPx9WhESM=,Nwmnlrb5xSqrR0se7nZNCSZm4SM=
53,28,5e1KS2iGq3On+BtjQBKJyQrcitY=,FNCie9QGXJoLe65S21wectXGSOI=
52,28,5e1KS2iGq3On+BtjQBKJyQrcitY=,FNCie9QGXJoLe65S21wectXGSOI=
52,22,9kIfKKO9xHzooEK+bgwPx9WhESM=,k81CgApm4yts6ZSB9bvUw7Ucg4A=
54,23,9kIfKKO9xHzooEK+bgwPx9WhESM=,k81CgApm4yts6ZSB9bvUw7Ucg4A=
54,22,9kIfKKO9xHzooEK+bgwPx9WhESM=,k81CgApm4yts6ZSB9bvUw7Ucg4A=
60,23,9kIfKKO9xHzooEK+bgwPx9WhESM=,Nwmnlrb5xSqrR0se7nZNCSZm4SM=
55,22,9kIfKKO9xHzooEK+bgwPx9WhESM=,k81CgApm4yts6ZSB9bvUw7Ucg4A=
54,27,5e1KS2iGq3On+BtjQBKJyQrcitY=,FNCie9QGXJoLe65S21wectXGSOI=
57,22,9kIfKKO9xHzooEK+bgwPx9WhESM=,Nwmnlrb5xSqrR0se7nZNCSZm4SM=
56,22,9kIfKKO9xHzooEK+bgwPx9WhESM=,Nwmnlrb5xSqrR0se7nZNCSZm4SM=
53,30,5e1KS2iGq3On+BtjQBKJyQrcitY=,FNCie9QGXJoLe65S21wectXGSOI=
61,26,5e1KS2iGq3On+BtjQBKJyQrcitY=,hgdrBliEgqRXHaanzn+c0T/RWTU=
53,27,5e1KS2iGq3On+BtjQBKJyQrcitY=,FNCie9QGXJoLe65S21wectXGSOI=
52,23,GhWZp66I0wir+WDVH6MkT9PQymM=,k81CgApm4yts6ZSB9bvUw7Ucg4A=
58,22,GhWZp66I0wir+WDVH6MkT9PQymM=,Nwmnlrb5xSqrR0se7nZNCSZm4SM=
53,22,GhWZp66I0wir+WDVH6MkT9PQymM=,k81CgApm4yts6ZSB9bvUw7Ucg4A=
53,23,GhWZp66I0wir+WDVH6MkT9PQymM=,k81CgApm4yts6ZSB9bvUw7Ucg4A=
52,27,5e1KS2iGq3On+BtjQBKJyQrcitY=,FNCie9QGXJoLe65S21wectXGSOI=
54,26,5e1KS2iGq3On+BtjQBKJyQrcitY=,FNCie9QGXJoLe65S21wectXGSOI=
52,26,5e1KS2iGq3On+BtjQBKJyQrcitY=,FNCie9QGXJoLe65S21wectXGSOI=
56,23,GhWZp66I0wir+WDVH6MkT9PQymM=,Nwmnlrb5xSqrR0se7nZNCSZm4SM=
58,23,GhWZp66I0wir+WDVH6MkT9PQymM=,Nwmnlrb5xSqrR0se7nZNCSZm4SM=
59,23,GhWZp66I0wir+WDVH6MkT9PQymM=,Nwmnlrb5xSqrR0se7nZNCSZm4SM=
57,23,GhWZp66I0wir+WDVH6MkT9PQymM=,Nwmnlrb5xSqrR0se7nZNCSZm4SM=
53,26,5e1KS2iGq3On+BtjQBKJyQrcitY=,FNCie9QGXJoLe65S21wectXGSOI=
52,25,5e1KS2iGq3On+BtjQBKJyQrcitY=,FNCie9QGXJoLe65S21wectXGSOI=
55,30,5e1KS2iGq3On+BtjQBKJyQrcitY=,FNCie9QGXJoLe65S21wectXGSOI=
59,31,5e1KS2iGq3On+BtjQBKJyQrcitY=,hgdrBliEgqRXHaanzn+c0T/RWTU=
53,25,LNN3SmYZ1Si8wMgDBUgf8utLi80=,FNCie9QGXJoLe65S21wectXGSOI=
54,25,5e1KS2iGq3On+BtjQBKJyQrcitY=,FNCie9QGXJoLe65S21wectXGSOI=
56,27,5e1KS2iGq3On+BtjQBKJyQrcitY=,hgdrBliEgqRXHaanzn+c0T/RWTU=
52,24,5e1KS2iGq3On+BtjQBKJyQrcitY=,FNCie9QGXJoLe65S21wectXGSOI=
63,27,5e1KS2iGq3On+BtjQBKJyQrcitY=,hgdrBliEgqRXHaanzn+c0T/RWTU=
56,28,5e1KS2iGq3On+BtjQBKJyQrcitY=,hgdrBliEgqRXHaanzn+c0T/RWTU=
57,27,5e1KS2iGq3On+BtjQBKJyQrcitY=,hgdrBliEgqRXHaanzn+c0T/RWTU=
57,28,5e1KS2iGq3On+BtjQBKJyQrcitY=,hgdrBliEgqRXHaanzn+c0T/RWTU=
53,24,5e1KS2iGq3On+BtjQBKJyQrcitY=,FNCie9QGXJoLe65S21wectXGSOI=
54,24,5e1KS2iGq3On+BtjQBKJyQrcitY=,FNCie9QGXJoLe65S21wectXGSOI=
58,27,5e1KS2iGq3On+BtjQBKJyQrcitY=,hgdrBliEgqRXHaanzn+c0T/RWTU=
62,27,5e1KS2iGq3On+BtjQBKJyQrcitY=,hgdrBliEgqRXHaanzn+c0T/RWTU=
60,31,5e1KS2iGq3On+BtjQBKJyQrcitY=,hgdrBliEgqRXHaanzn+c0T/RWTU=
59,27,5e1KS2iGq3On+BtjQBKJyQrcitY=,hgdrBliEgqRXHaanzn+c0T/RWTU=
61,27,5e1KS2iGq3On+BtjQBKJyQrcitY=,hgdrBliEgqRXHaanzn+c0T/RWTU=
60,27,5e1KS2iGq3On+BtjQBKJyQrcitY=,hgdrBliEgqRXHaanzn+c0T/RWTU=
59,28,5e1KS2iGq3On+BtjQBKJyQrcitY=,hgdrBliEgqRXHaanzn+c0T/RWTU=
58,28,5e1KS2iGq3On+BtjQBKJyQrcitY=,hgdrBliEgqRXHaanzn+c0T/RWTU=
60,28,5e1KS2iGq3On+BtjQBKJyQrcitY=,hgdrBliEgqRXHaanzn+c0T/RWTU=
61,28,5e1KS2iGq3On+BtjQBKJyQrcitY=,hgdrBliEgqRXHaanzn+c0T/RWTU=
56,24,5e1KS2iGq3On+BtjQBKJyQrcitY=,hgdrBliEgqRXHaanzn+c0T/RWTU=
57,29,5e1KS2iGq3On+BtjQBKJyQrcitY=,hgdrBliEgqRXHaanzn+c0T/RWTU=
62,28,5e1KS2iGq3On+BtjQBKJyQrcitY=,hgdrBliEgqRXHaanzn+c0T/RWTU=
56,29,5e1KS2iGq3On+BtjQBKJyQrcitY=,hgdrBliEgqRXHaanzn+c0T/RWTU=
61,31,5e1KS2iGq3On+BtjQBKJyQrcitY=,hgdrBliEgqRXHaanzn+c0T/RWTU=
58,24,5e1KS2iGq3On+BtjQBKJyQrcitY=,hgdrBliEgqRXHaanzn+c0T/RWTU=
63,24,5e1KS2iGq3On+BtjQBKJyQrcitY=,hgdrBliEgqRXHaanzn+c0T/RWTU=
58,29,5e1KS2iGq3On+BtjQBKJyQrcitY=,hgdrBliEgqRXHaanzn+c0T/RWTU=
59,24,5e1KS2iGq3On+BtjQBKJyQrcitY=,hgdrBliEgqRXHaanzn+c0T/RWTU=
62,24,5e1KS2iGq3On+BtjQBKJyQrcitY=,hgdrBliEgqRXHaanzn+c0T/RWTU=
57,24,5e1KS2iGq3On+BtjQBKJyQrcitY=,hgdrBliEgqRXHaanzn+c0T/RWTU=
60,29,5e1KS2iGq3On+BtjQBKJyQrcitY=,hgdrBliEgqRXHaanzn+c0T/RWTU=
59,29,5e1KS2iGq3On+BtjQBKJyQrcitY=,hgdrBliEgqRXHaanzn+c0T/RWTU=
55,24,5e1KS2iGq3On+BtjQBKJyQrcitY=,FNCie9QGXJoLe65S21wectXGSOI=
61,29,5e1KS2iGq3On+BtjQBKJyQrcitY=,hgdrBliEgqRXHaanzn+c0T/RWTU=
62,29,5e1KS2iGq3On+BtjQBKJyQrcitY=,hgdrBliEgqRXHaanzn+c0T/RWTU=
60,24,5e1KS2iGq3On+BtjQBKJyQrcitY=,hgdrBliEgqRXHaanzn+c0T/RWTU=
57,30,5e1KS2iGq3On+BtjQBKJyQrcitY=,hgdrBliEgqRXHaanzn+c0T/RWTU=
56,30,5e1KS2iGq3On+BtjQBKJyQrcitY=,hgdrBliEgqRXHaanzn+c0T/RWTU=
55,27,5e1KS2iGq3On+BtjQBKJyQrcitY=,FNCie9QGXJoLe65S21wectXGSOI=
61,24,5e1KS2iGq3On+BtjQBKJyQrcitY=,hgdrBliEgqRXHaanzn+c0T/RWTU=
56,25,5e1KS2iGq3On+BtjQBKJyQrcitY=,hgdrBliEgqRXHaanzn+c0T/RWTU=
57,25,5e1KS2iGq3On+BtjQBKJyQrcitY=,hgdrBliEgqRXHaanzn+c0T/RWTU=
62,30,5e1KS2iGq3On+BtjQBKJyQrcitY=,hgdrBliEgqRXHaanzn+c0T/RWTU=
61,30,5e1KS2iGq3On+BtjQBKJyQrcitY=,hgdrBliEgqRXHaanzn+c0T/RWTU=
59,30,5e1KS2iGq3On+BtjQBKJyQrcitY=,hgdrBliEgqRXHaanzn+c0T/RWTU=
60,30,5e1KS2iGq3On+BtjQBKJyQrcitY=,hgdrBliEgqRXHaanzn+c0T/RWTU=
58,30,5e1KS2iGq3On+BtjQBKJyQrcitY=,hgdrBliEgqRXHaanzn+c0T/RWTU=
55,28,5e1KS2iGq3On+BtjQBKJyQrcitY=,FNCie9QGXJoLe65S21wectXGSOI=
56,31,5e1KS2iGq3On+BtjQBKJyQrcitY=,hgdrBliEgqRXHaanzn+c0T/RWTU=
63,26,5e1KS2iGq3On+BtjQBKJyQrcitY=,hgdrBliEgqRXHaanzn+c0T/RWTU=
57,31,5e1KS2iGq3On+BtjQBKJyQrcitY=,hgdrBliEgqRXHaanzn+c0T/RWTU=
58,25,5e1KS2iGq3On+BtjQBKJyQrcitY=,hgdrBliEgqRXHaanzn+c0T/RWTU=
55,25,5e1KS2iGq3On+BtjQBKJyQrcitY=,FNCie9QGXJoLe65S21wectXGSOI=
62,31,5e1KS2iGq3On+BtjQBKJyQrcitY=,hgdrBliEgqRXHaanzn+c0T/RWTU=
62,25,5e1KS2iGq3On+BtjQBKJyQrcitY=,hgdrBliEgqRXHaanzn+c0T/RWTU=
62,26,5e1KS2iGq3On+BtjQBKJyQrcitY=,hgdrBliEgqRXHaanzn+c0T/RWTU=
61,25,5e1KS2iGq3On+BtjQBKJyQrcitY=,hgdrBliEgqRXHaanzn+c0T/RWTU=
60,25,5e1KS2iGq3On+BtjQBKJyQrcitY=,hgdrBliEgqRXHaanzn+c0T/RWTU=
59,25,5e1KS2iGq3On+BtjQBKJyQrcitY=,hgdrBliEgqRXHaanzn+c0T/RWTU=
55,29,LNN3SmYZ1Si8wMgDBUgf8utLi80=,FNCie9QGXJoLe65S21wectXGSOI=
49,9,GhWZp66I0wir+WDVH6MkT9PQymM=,O8fmLplOftVoF1LRc0ldBrJcTvQ=
55,14,GhWZp66I0wir+WDVH6MkT9PQymM=,O8fmLplOftVoF1LRc0ldBrJcTvQ=
54,14,GhWZp66I0wir+WDVH6MkT9PQymM=,O8fmLplOftVoF1LRc0ldBrJcTvQ=
53,14,GhWZp66I0wir+WDVH6MkT9PQymM=,O8fmLplOftVoF1LRc0ldBrJcTvQ=
52,14,GhWZp66I0wir+WDVH6MkT9PQymM=,O8fmLplOftVoF1LRc0ldBrJcTvQ=
51,14,GhWZp66I0wir+WDVH6MkT9PQymM=,O8fmLplOftVoF1LRc0ldBrJcTvQ=
50,14,GhWZp66I0wir+WDVH6MkT9PQymM=,O8fmLplOftVoF1LRc0ldBrJcTvQ=
49,14,GhWZp66I0wir+WDVH6MkT9PQymM=,O8fmLplOftVoF1LRc0ldBrJcTvQ=
55,13,GhWZp66I0wir+WDVH6MkT9PQymM=,O8fmLplOftVoF1LRc0ldBrJcTvQ=
54,13,GhWZp66I0wir+WDVH6MkT9PQymM=,O8fmLplOftVoF1LRc0ldBrJcTvQ=
53,13,GhWZp66I0wir+WDVH6MkT9PQymM=,O8fmLplOftVoF1LRc0ldBrJcTvQ=
52,13,GhWZp66I0wir+WDVH6MkT9PQymM=,O8fmLplOftVoF1LRc0ldBrJcTvQ=
51,13,GhWZp66I0wir+WDVH6MkT9PQymM=,O8fmLplOftVoF1LRc0ldBrJcTvQ=
50,13,GhWZp66I0wir+WDVH6MkT9PQymM=,O8fmLplOftVoF1LRc0ldBrJcTvQ=
49,13,GhWZp66I0wir+WDVH6MkT9PQymM=,O8fmLplOftVoF1LRc0ldBrJcTvQ=
55,12,GhWZp66I0wir+WDVH6MkT9PQymM=,O8fmLplOftVoF1LRc0ldBrJcTvQ=
54,12,GhWZp66I0wir+WDVH6MkT9PQymM=,O8fmLplOftVoF1LRc0ldBrJcTvQ=
53,12,GhWZp66I0wir+WDVH6MkT9PQymM=,O8fmLplOftVoF1LRc0ldBrJcTvQ=
52,12,GhWZp66I0wir+WDVH6MkT9PQymM=,O8fmLplOftVoF1LRc0ldBrJcTvQ=
51,12,GhWZp66I0wir+WDVH6MkT9PQymM=,O8fmLplOftVoF1LRc0ldBrJcTvQ=
50,12,GhWZp66I0wir+WDVH6MkT9PQymM=,O8fmLplOftVoF1LRc0ldBrJcTvQ=
49,12,GhWZp66I0wir+WDVH6MkT9PQymM=,O8fmLplOftVoF1LRc0ldBrJcTvQ=
55,11,GhWZp66I0wir+WDVH6MkT9PQymM=,O8fmLplOftVoF1LRc0ldBrJcTvQ=
54,11,GhWZp66I0wir+WDVH6MkT9PQymM=,O8fmLplOftVoF1LRc0ldBrJcTvQ=
53,11,GhWZp66I0wir+WDVH6MkT9PQymM=,O8fmLplOftVoF1LRc0ldBrJcTvQ=
52,11,GhWZp66I0wir+WDVH6MkT9PQymM=,O8fmLplOftVoF1LRc0ldBrJcTvQ=
51,11,GhWZp66I0wir+WDVH6MkT9PQymM=,O8fmLplOftVoF1LRc0ldBrJcTvQ=
50,11,GhWZp66I0wir+WDVH6MkT9PQymM=,O8fmLplOftVoF1LRc0ldBrJcTvQ=
49,11,GhWZp66I0wir+WDVH6MkT9PQymM=,O8fmLplOftVoF1LRc0ldBrJcTvQ=
54,10,GhWZp66I0wir+WDVH6MkT9PQymM=,O8fmLplOftVoF1LRc0ldBrJcTvQ=
55,10,GhWZp66I0wir+WDVH6MkT9PQymM=,O8fmLplOftVoF1LRc0ldBrJcTvQ=
53,10,GhWZp66I0wir+WDVH6MkT9PQymM=,O8fmLplOftVoF1LRc0ldBrJcTvQ=
52,10,GhWZp66I0wir+WDVH6MkT9PQymM=,O8fmLplOftVoF1LRc0ldBrJcTvQ=
51,10,GhWZp66I0wir+WDVH6MkT9PQymM=,O8fmLplOftVoF1LRc0ldBrJcTvQ=
50,10,GhWZp66I0wir+WDVH6MkT9PQymM=,O8fmLplOftVoF1LRc0ldBrJcTvQ=
49,10,GhWZp66I0wir+WDVH6MkT9PQymM=,O8fmLplOftVoF1LRc0ldBrJcTvQ=
55,9,GhWZp66I0wir+WDVH6MkT9PQymM=,O8fmLplOftVoF1LRc0ldBrJcTvQ=
54,9,GhWZp66I0wir+WDVH6MkT9PQymM=,O8fmLplOftVoF1LRc0ldBrJcTvQ=
52,9,GhWZp66I0wir+WDVH6MkT9PQymM=,O8fmLplOftVoF1LRc0ldBrJcTvQ=
53,9,GhWZp66I0wir+WDVH6MkT9PQymM=,O8fmLplOftVoF1LRc0ldBrJcTvQ=
51,9,GhWZp66I0wir+WDVH6MkT9PQymM=,O8fmLplOftVoF1LRc0ldBrJcTvQ=
50,9,GhWZp66I0wir+WDVH6MkT9PQymM=,O8fmLplOftVoF1LRc0ldBrJcTvQ=
54,0,GhWZp66I0wir+WDVH6MkT9PQymM=,kAbOFPkbkigRF7v0YeM9NMaG2O4=
55,8,GhWZp66I0wir+WDVH6MkT9PQymM=,O8fmLplOftVoF1LRc0ldBrJcTvQ=
55,7,GhWZp66I0wir+WDVH6MkT9PQymM=,kAbOFPkbkigRF7v0YeM9NMaG2O4=
53,6,GhWZp66I0wir+WDVH6MkT9PQymM=,kAbOFPkbkigRF7v0YeM9NMaG2O4=
52,6,GhWZp66I0wir+WDVH6MkT9PQymM=,kAbOFPkbkigRF7v0YeM9NMaG2O4=
53,5,GhWZp66I0wir+WDVH6MkT9PQymM=,kAbOFPkbkigRF7v0YeM9NMaG2O4=
54,7,GhWZp66I0wir+WDVH6MkT9PQymM=,kAbOFPkbkigRF7v0YeM9NMaG2O4=
53,7,GhWZp66I0wir+WDVH6MkT9PQymM=,kAbOFPkbkigRF7v0YeM9NMaG2O4=
52,5,GhWZp66I0wir+WDVH6MkT9PQymM=,kAbOFPkbkigRF7v0YeM9NMaG2O4=
51,3,GhWZp66I0wir+WDVH6MkT9PQymM=,kAbOFPkbkigRF7v0YeM9NMaG2O4=
51,6,GhWZp66I0wir+WDVH6MkT9PQymM=,kAbOFPkbkigRF7v0YeM9NMaG2O4=
53,4,GhWZp66I0wir+WDVH6MkT9PQymM=,kAbOFPkbkigRF7v0YeM9NMaG2O4=
50,6,GhWZp66I0wir+WDVH6MkT9PQymM=,kAbOFPkbkigRF7v0YeM9NMaG2O4=
49,6,GhWZp66I0wir+WDVH6MkT9PQymM=,kAbOFPkbkigRF7v0YeM9NMaG2O4=
55,1,GhWZp66I0wir+WDVH6MkT9PQymM=,kAbOFPkbkigRF7v0YeM9NMaG2O4=
54,1,GhWZp66I0wir+WDVH6MkT9PQymM=,kAbOFPkbkigRF7v0YeM9NMaG2O4=
50,3,GhWZp66I0wir+WDVH6MkT9PQymM=,kAbOFPkbkigRF7v0YeM9NMaG2O4=
53,0,GhWZp66I0wir+WDVH6MkT9PQymM=,kAbOFPkbkigRF7v0YeM9NMaG2O4=
52,4,GhWZp66I0wir+WDVH6MkT9PQymM=,kAbOFPkbkigRF7v0YeM9NMaG2O4=
49,3,GhWZp66I0wir+WDVH6MkT9PQymM=,kAbOFPkbkigRF7v0YeM9NMaG2O4=
51,5,GhWZp66I0wir+WDVH6MkT9PQymM=,kAbOFPkbkigRF7v0YeM9NMaG2O4=
52,7,GhWZp66I0wir+WDVH6MkT9PQymM=,kAbOFPkbkigRF7v0YeM9NMaG2O4=
50,5,GhWZp66I0wir+WDVH6MkT9PQymM=,kAbOFPkbkigRF7v0YeM9NMaG2O4=
55,5,GhWZp66I0wir+WDVH6MkT9PQymM=,kAbOFPkbkigRF7v0YeM9NMaG2O4=
54,5,GhWZp66I0wir+WDVH6MkT9PQymM=,kAbOFPkbkigRF7v0YeM9NMaG2O4=
51,4,GhWZp66I0wir+WDVH6MkT9PQymM=,kAbOFPkbkigRF7v0YeM9NMaG2O4=
51,7,GhWZp66I0wir+WDVH6MkT9PQymM=,kAbOFPkbkigRF7v0YeM9NMaG2O4=
49,5,GhWZp66I0wir+WDVH6MkT9PQymM=,kAbOFPkbkigRF7v0YeM9NMaG2O4=
50,7,GhWZp66I0wir+WDVH6MkT9PQymM=,kAbOFPkbkigRF7v0YeM9NMaG2O4=
49,7,GhWZp66I0wir+WDVH6MkT9PQymM=,kAbOFPkbkigRF7v0YeM9NMaG2O4=
54,8,GhWZp66I0wir+WDVH6MkT9PQymM=,O8fmLplOftVoF1LRc0ldBrJcTvQ=
53,1,GhWZp66I0wir+WDVH6MkT9PQymM=,kAbOFPkbkigRF7v0YeM9NMaG2O4=
55,4,GhWZp66I0wir+WDVH6MkT9PQymM=,kAbOFPkbkigRF7v0YeM9NMaG2O4=
52,1,GhWZp66I0wir+WDVH6MkT9PQymM=,kAbOFPkbkigRF7v0YeM9NMaG2O4=
51,1,GhWZp66I0wir+WDVH6MkT9PQymM=,kAbOFPkbkigRF7v0YeM9NMaG2O4=
55,2,GhWZp66I0wir+WDVH6MkT9PQymM=,kAbOFPkbkigRF7v0YeM9NMaG2O4=
54,2,GhWZp66I0wir+WDVH6MkT9PQymM=,kAbOFPkbkigRF7v0YeM9NMaG2O4=
51,0,GhWZp66I0wir+WDVH6MkT9PQymM=,kAbOFPkbkigRF7v0YeM9NMaG2O4=
55,6,GhWZp66I0wir+WDVH6MkT9PQymM=,kAbOFPkbkigRF7v0YeM9NMaG2O4=
54,6,GhWZp66I0wir+WDVH6MkT9PQymM=,kAbOFPkbkigRF7v0YeM9NMaG2O4=
50,4,GhWZp66I0wir+WDVH6MkT9PQymM=,kAbOFPkbkigRF7v0YeM9NMaG2O4=
49,4,GhWZp66I0wir+WDVH6MkT9PQymM=,kAbOFPkbkigRF7v0YeM9NMaG2O4=
50,1,GhWZp66I0wir+WDVH6MkT9PQymM=,kAbOFPkbkigRF7v0YeM9NMaG2O4=
55,3,GhWZp66I0wir+WDVH6MkT9PQymM=,kAbOFPkbkigRF7v0YeM9NMaG2O4=
54,3,GhWZp66I0wir+WDVH6MkT9PQymM=,kAbOFPkbkigRF7v0YeM9NMaG2O4=
53,3,GhWZp66I0wir+WDVH6MkT9PQymM=,kAbOFPkbkigRF7v0YeM9NMaG2O4=
52,3,GhWZp66I0wir+WDVH6MkT9PQymM=,kAbOFPkbkigRF7v0YeM9NMaG2O4=
52,0,GhWZp66I0wir+WDVH6MkT9PQymM=,kAbOFPkbkigRF7v0YeM9NMaG2O4=
53,2,GhWZp66I0wir+WDVH6MkT9PQymM=,kAbOFPkbkigRF7v0YeM9NMaG2O4=
52,2,GhWZp66I0wir+WDVH6MkT9PQymM=,kAbOFPkbkigRF7v0YeM9NMaG2O4=
53,8,GhWZp66I0wir+WDVH6MkT9PQymM=,O8fmLplOftVoF1LRc0ldBrJcTvQ=
52,8,GhWZp66I0wir+WDVH6MkT9PQymM=,O8fmLplOftVoF1LRc0ldBrJcTvQ=
51,8,GhWZp66I0wir+WDVH6MkT9PQymM=,O8fmLplOftVoF1LRc0ldBrJcTvQ=
51,2,GhWZp66I0wir+WDVH6MkT9PQymM=,kAbOFPkbkigRF7v0YeM9NMaG2O4=
50,8,GhWZp66I0wir+WDVH6MkT9PQymM=,O8fmLplOftVoF1LRc0ldBrJcTvQ=
54,4,GhWZp66I0wir+WDVH6MkT9PQymM=,kAbOFPkbkigRF7v0YeM9NMaG2O4=
55,0,GhWZp66I0wir+WDVH6MkT9PQymM=,kAbOFPkbkigRF7v0YeM9NMaG2O4=
49,8,GhWZp66I0wir+WDVH6MkT9PQymM=,O8fmLplOftVoF1LRc0ldBrJcTvQ=
50,2,GhWZp66I0wir+WDVH6MkT9PQymM=,kAbOFPkbkigRF7v0YeM9NMaG2O4=
50,0,GhWZp66I0wir+WDVH6MkT9PQymM=,kAbOFPkbkigRF7v0YeM9NMaG2O4=
49,15,GhWZp66I0wir+WDVH6MkT9PQymM=,O8fmLplOftVoF1LRc0ldBrJcTvQ=
50,15,GhWZp66I0wir+WDVH6MkT9PQymM=,O8fmLplOftVoF1LRc0ldBrJcTvQ=
51,15,GhWZp66I0wir+WDVH6MkT9PQymM=,O8fmLplOftVoF1LRc0ldBrJcTvQ=
52,15,GhWZp66I0wir+WDVH6MkT9PQymM=,O8fmLplOftVoF1LRc0ldBrJcTvQ=
53,15,GhWZp66I0wir+WDVH6MkT9PQymM=,O8fmLplOftVoF1LRc0ldBrJcTvQ=
54,15,GhWZp66I0wir+WDVH6MkT9PQymM=,O8fmLplOftVoF1LRc0ldBrJcTvQ=
55,15,GhWZp66I0wir+WDVH6MkT9PQymM=,O8fmLplOftVoF1LRc0ldBrJcTvQ=
48,9,GhWZp66I0wir+WDVH6MkT9PQymM=,O8fmLplOftVoF1LRc0ldBrJcTvQ=
48,14,GhWZp66I0wir+WDVH6MkT9PQymM=,O8fmLplOftVoF1LRc0ldBrJcTvQ=
48,13,GhWZp66I0wir+WDVH6MkT9PQymM=,O8fmLplOftVoF1LRc0ldBrJcTvQ=
48,12,GhWZp66I0wir+WDVH6MkT9PQymM=,O8fmLplOftVoF1LRc0ldBrJcTvQ=
48,11,GhWZp66I0wir+WDVH6MkT9PQymM=,O8fmLplOftVoF1LRc0ldBrJcTvQ=
48,10,GhWZp66I0wir+WDVH6MkT9PQymM=,O8fmLplOftVoF1LRc0ldBrJcTvQ=
48,8,GhWZp66I0wir+WDVH6MkT9PQymM=,O8fmLplOftVoF1LRc0ldBrJcTvQ=
48,6,GhWZp66I0wir+WDVH6MkT9PQymM=,kAbOFPkbkigRF7v0YeM9NMaG2O4=
48,5,GhWZp66I0wir+WDVH6MkT9PQymM=,kAbOFPkbkigRF7v0YeM9NMaG2O4=
48,7,GhWZp66I0wir+WDVH6MkT9PQymM=,kAbOFPkbkigRF7v0YeM9NMaG2O4=
48,4,GhWZp66I0wir+WDVH6MkT9PQymM=,kAbOFPkbkigRF7v0YeM9NMaG2O4=
48,15,GhWZp66I0wir+WDVH6MkT9PQymM=,O8fmLplOftVoF1LRc0ldBrJcTvQ=
49,2,GhWZp66I0wir+WDVH6MkT9PQymM=,kAbOFPkbkigRF7v0YeM9NMaG2O4=
49,1,r6DpBRGjM/MzTtIyE7AdK0Y3Nsg=,kAbOFPkbkigRF7v0YeM9NMaG2O4=
48,3,r6DpBRGjM/MzTtIyE7AdK0Y3Nsg=,kAbOFPkbkigRF7v0YeM9NMaG2O4=
49,0,r6DpBRGjM/MzTtIyE7AdK0Y3Nsg=,kAbOFPkbkigRF7v0YeM9NMaG2O4=
48,1,r6DpBRGjM/MzTtIyE7AdK0Y3Nsg=,kAbOFPkbkigRF7v0YeM9NMaG2O4=
48,2,r6DpBRGjM/MzTtIyE7AdK0Y3Nsg=,kAbOFPkbkigRF7v0YeM9NMaG2O4=
48,0,r6DpBRGjM/MzTtIyE7AdK0Y3Nsg=,kAbOFPkbkigRF7v0YeM9NMaG2O4=
