-31,14,7XTCvORC/kJrT88er7Ups5FrXs0=,xWJaucXYZnQBPUhzKqgN01OGLLk=
-26,13,7XTCvORC/kJrT88er7Ups5FrXs0=,xWJaucXYZnQBPUhzKqgN01OGLLk=
-27,13,7XTCvORC/kJrT88er7Ups5FrXs0=,xWJaucXYZnQBPUhzKqgN01OGLLk=
-28,13,7XTCvORC/kJrT88er7Ups5FrXs0=,xWJaucXYZnQBPUhzKqgN01OGLLk=
-29,13,7XTCvORC/kJrT88er7Ups5FrXs0=,xWJaucXYZnQBPUhzKqgN01OGLLk=
-30,13,7XTCvORC/kJrT88er7Ups5FrXs0=,xWJaucXYZnQBPUhzKqgN01OGLLk=
-26,12,7XTCvORC/kJrT88er7Ups5FrXs0=,xWJaucXYZnQBPUhzKqgN01OGLLk=
-27,12,7XTCvORC/kJrT88er7Ups5FrXs0=,xWJaucXYZnQBPUhzKqgN01OGLLk=
-28,12,7XTCvORC/kJrT88er7Ups5FrXs0=,xWJaucXYZnQBPUhzKqgN01OGLLk=
-29,12,7XTCvORC/kJrT88er7Ups5FrXs0=,xWJaucXYZnQBPUhzKqgN01OGLLk=
-26,11,7XTCvORC/kJrT88er7Ups5FrXs0=,xWJaucXYZnQBPUhzKqgN01OGLLk=
-27,11,7XTCvORC/kJrT88er7Ups5FrXs0=,xWJaucXYZnQBPUhzKqgN01OGLLk=
-28,11,7XTCvORC/kJrT88er7Ups5FrXs0=,xWJaucXYZnQBPUhzKqgN01OGLLk=
-26,10,7XTCvORC/kJrT88er7Ups5FrXs0=,xWJaucXYZnQBPUhzKqgN01OGLLk=
-27,10,7XTCvORC/kJrT88er7Ups5FrXs0=,xWJaucXYZnQBPUhzKqgN01OGLLk=
-28,10,7XTCvORC/kJrT88er7Ups5FrXs0=,xWJaucXYZnQBPUhzKqgN01OGLLk=
-26,9,7XTCvORC/kJrT88er7Ups5FrXs0=,xWJaucXYZnQBPUhzKqgN01OGLLk=
-27,9,7XTCvORC/kJrT88er7Ups5FrXs0=,xWJaucXYZnQBPUhzKqgN01OGLLk=
-26,14,7XTCvORC/kJrT88er7Ups5FrXs0=,xWJaucXYZnQBPUhzKqgN01OGLLk=
-27,14,7XTCvORC/kJrT88er7Ups5FrXs0=,xWJaucXYZnQBPUhzKqgN01OGLLk=
-28,14,7XTCvORC/kJrT88er7Ups5FrXs0=,xWJaucXYZnQBPUhzKqgN01OGLLk=
-29,14,7XTCvORC/kJrT88er7Ups5FrXs0=,xWJaucXYZnQBPUhzKqgN01OGLLk=
-30,14,7XTCvORC/kJrT88er7Ups5FrXs0=,xWJaucXYZnQBPUhzKqgN01OGLLk=
-24,14,7XTCvORC/kJrT88er7Ups5FrXs0=,gdBwkcdnN9oKS0RlxxyCGNqK8u8=
-25,13,7XTCvORC/kJrT88er7Ups5FrXs0=,xWJaucXYZnQBPUhzKqgN01OGLLk=
-25,12,7XTCvORC/kJrT88er7Ups5FrXs0=,xWJaucXYZnQBPUhzKqgN01OGLLk=
-24,10,7XTCvORC/kJrT88er7Ups5FrXs0=,gdBwkcdnN9oKS0RlxxyCGNqK8u8=
-22,13,7XTCvORC/kJrT88er7Ups5FrXs0=,gdBwkcdnN9oKS0RlxxyCGNqK8u8=
-23,13,7XTCvORC/kJrT88er7Ups5FrXs0=,gdBwkcdnN9oKS0RlxxyCGNqK8u8=
-23,11,7XTCvORC/kJrT88er7Ups5FrXs0=,gdBwkcdnN9oKS0RlxxyCGNqK8u8=
-24,13,7XTCvORC/kJrT88er7Ups5FrXs0=,gdBwkcdnN9oKS0RlxxyCGNqK8u8=
-22,9,7XTCvORC/kJrT88er7Ups5FrXs0=,gdBwkcdnN9oKS0RlxxyCGNqK8u8=
-23,9,7XTCvORC/kJrT88er7Ups5FrXs0=,gdBwkcdnN9oKS0RlxxyCGNqK8u8=
-25,11,7XTCvORC/kJrT88er7Ups5FrXs0=,xWJaucXYZnQBPUhzKqgN01OGLLk=
-24,9,7XTCvORC/kJrT88er7Ups5FrXs0=,gdBwkcdnN9oKS0RlxxyCGNqK8u8=
-22,12,7XTCvORC/kJrT88er7Ups5FrXs0=,gdBwkcdnN9oKS0RlxxyCGNqK8u8=
-25,10,7XTCvORC/kJrT88er7Ups5FrXs0=,xWJaucXYZnQBPUhzKqgN01OGLLk=
-23,12,7XTCvORC/kJrT88er7Ups5FrXs0=,gdBwkcdnN9oKS0RlxxyCGNqK8u8=
-24,12,7XTCvORC/kJrT88er7Ups5FrXs0=,gdBwkcdnN9oKS0RlxxyCGNqK8u8=
-25,9,7XTCvORC/kJrT88er7Ups5FrXs0=,xWJaucXYZnQBPUhzKqgN01OGLLk=
-25,14,7XTCvORC/kJrT88er7Ups5FrXs0=,xWJaucXYZnQBPUhzKqgN01OGLLk=
-22,14,7XTCvORC/kJrT88er7Ups5FrXs0=,gdBwkcdnN9oKS0RlxxyCGNqK8u8=
-23,14,7XTCvORC/kJrT88er7Ups5FrXs0=,gdBwkcdnN9oKS0RlxxyCGNqK8u8=
-17,11,7XTCvORC/kJrT88er7Ups5FrXs0=,gdBwkcdnN9oKS0RlxxyCGNqK8u8=
-21,5,7XTCvORC/kJrT88er7Ups5FrXs0=,AMZsNpBAC+Tk2pq9gCrMy2bqtV4=
-22,7,7XTCvORC/kJrT88er7Ups5FrXs0=,AMZsNpBAC+Tk2pq9gCrMy2bqtV4=
-18,6,7XTCvORC/kJrT88er7Ups5FrXs0=,AMZsNpBAC+Tk2pq9gCrMy2bqtV4=
-21,8,7XTCvORC/kJrT88er7Ups5FrXs0=,gdBwkcdnN9oKS0RlxxyCGNqK8u8=
-22,8,7XTCvORC/kJrT88er7Ups5FrXs0=,gdBwkcdnN9oKS0RlxxyCGNqK8u8=
-23,8,7XTCvORC/kJrT88er7Ups5FrXs0=,gdBwkcdnN9oKS0RlxxyCGNqK8u8=
-21,6,7XTCvORC/kJrT88er7Ups5FrXs0=,AMZsNpBAC+Tk2pq9gCrMy2bqtV4=
-22,6,7XTCvORC/kJrT88er7Ups5FrXs0=,AMZsNpBAC+Tk2pq9gCrMy2bqtV4=
-21,7,7XTCvORC/kJrT88er7Ups5FrXs0=,AMZsNpBAC+Tk2pq9gCrMy2bqtV4=
-23,6,7XTCvORC/kJrT88er7Ups5FrXs0=,AMZsNpBAC+Tk2pq9gCrMy2bqtV4=
-21,4,7XTCvORC/kJrT88er7Ups5FrXs0=,AMZsNpBAC+Tk2pq9gCrMy2bqtV4=
-22,4,7XTCvORC/kJrT88er7Ups5FrXs0=,AMZsNpBAC+Tk2pq9gCrMy2bqtV4=
-18,7,7XTCvORC/kJrT88er7Ups5FrXs0=,AMZsNpBAC+Tk2pq9gCrMy2bqtV4=
-23,7,7XTCvORC/kJrT88er7Ups5FrXs0=,AMZsNpBAC+Tk2pq9gCrMy2bqtV4=
-22,5,7XTCvORC/kJrT88er7Ups5FrXs0=,AMZsNpBAC+Tk2pq9gCrMy2bqtV4=
-31,15,7XTCvORC/kJrT88er7Ups5FrXs0=,xWJaucXYZnQBPUhzKqgN01OGLLk=
-26,15,7XTCvORC/kJrT88er7Ups5FrXs0=,xWJaucXYZnQBPUhzKqgN01OGLLk=
-27,15,7XTCvORC/kJrT88er7Ups5FrXs0=,xWJaucXYZnQBPUhzKqgN01OGLLk=
-28,15,7XTCvORC/kJrT88er7Ups5FrXs0=,xWJaucXYZnQBPUhzKqgN01OGLLk=
-29,15,7XTCvORC/kJrT88er7Ups5FrXs0=,xWJaucXYZnQBPUhzKqgN01OGLLk=
-30,15,7XTCvORC/kJrT88er7Ups5FrXs0=,xWJaucXYZnQBPUhzKqgN01OGLLk=
-30,4,7XTCvORC/kJrT88er7Ups5FrXs0=,4U7xfJOgVnaXnSP+bU50ZXIN3uw=
-32,14,7XTCvORC/kJrT88er7Ups5FrXs0=,xWJaucXYZnQBPUhzKqgN01OGLLk=
-32,13,7XTCvORC/kJrT88er7Ups5FrXs0=,xWJaucXYZnQBPUhzKqgN01OGLLk=
-29,4,7XTCvORC/kJrT88er7Ups5FrXs0=,4U7xfJOgVnaXnSP+bU50ZXIN3uw=
-25,8,7XTCvORC/kJrT88er7Ups5FrXs0=,xWJaucXYZnQBPUhzKqgN01OGLLk=
-17,6,7XTCvORC/kJrT88er7Ups5FrXs0=,AMZsNpBAC+Tk2pq9gCrMy2bqtV4=
-20,9,7XTCvORC/kJrT88er7Ups5FrXs0=,gdBwkcdnN9oKS0RlxxyCGNqK8u8=
-17,9,7XTCvORC/kJrT88er7Ups5FrXs0=,gdBwkcdnN9oKS0RlxxyCGNqK8u8=
-20,11,7XTCvORC/kJrT88er7Ups5FrXs0=,gdBwkcdnN9oKS0RlxxyCGNqK8u8=
-18,10,7XTCvORC/kJrT88er7Ups5FrXs0=,gdBwkcdnN9oKS0RlxxyCGNqK8u8=
-18,5,7XTCvORC/kJrT88er7Ups5FrXs0=,AMZsNpBAC+Tk2pq9gCrMy2bqtV4=
-20,10,7XTCvORC/kJrT88er7Ups5FrXs0=,gdBwkcdnN9oKS0RlxxyCGNqK8u8=
-19,6,7XTCvORC/kJrT88er7Ups5FrXs0=,AMZsNpBAC+Tk2pq9gCrMy2bqtV4=
-20,8,7XTCvORC/kJrT88er7Ups5FrXs0=,gdBwkcdnN9oKS0RlxxyCGNqK8u8=
-20,6,7XTCvORC/kJrT88er7Ups5FrXs0=,AMZsNpBAC+Tk2pq9gCrMy2bqtV4=
-29,5,7XTCvORC/kJrT88er7Ups5FrXs0=,4U7xfJOgVnaXnSP+bU50ZXIN3uw=
-19,8,7XTCvORC/kJrT88er7Ups5FrXs0=,gdBwkcdnN9oKS0RlxxyCGNqK8u8=
-17,10,7XTCvORC/kJrT88er7Ups5FrXs0=,gdBwkcdnN9oKS0RlxxyCGNqK8u8=
-20,7,7XTCvORC/kJrT88er7Ups5FrXs0=,AMZsNpBAC+Tk2pq9gCrMy2bqtV4=
-18,4,7XTCvORC/kJrT88er7Ups5FrXs0=,AMZsNpBAC+Tk2pq9gCrMy2bqtV4=
-19,5,7XTCvORC/kJrT88er7Ups5FrXs0=,AMZsNpBAC+Tk2pq9gCrMy2bqtV4=
-31,4,7XTCvORC/kJrT88er7Ups5FrXs0=,4U7xfJOgVnaXnSP+bU50ZXIN3uw=
-19,9,7XTCvORC/kJrT88er7Ups5FrXs0=,gdBwkcdnN9oKS0RlxxyCGNqK8u8=
-17,4,7XTCvORC/kJrT88er7Ups5FrXs0=,AMZsNpBAC+Tk2pq9gCrMy2bqtV4=
-25,0,7XTCvORC/kJrT88er7Ups5FrXs0=,4U7xfJOgVnaXnSP+bU50ZXIN3uw=
-32,15,7XTCvORC/kJrT88er7Ups5FrXs0=,xWJaucXYZnQBPUhzKqgN01OGLLk=
-17,7,7XTCvORC/kJrT88er7Ups5FrXs0=,AMZsNpBAC+Tk2pq9gCrMy2bqtV4=
-19,7,7XTCvORC/kJrT88er7Ups5FrXs0=,AMZsNpBAC+Tk2pq9gCrMy2bqtV4=
-17,5,7XTCvORC/kJrT88er7Ups5FrXs0=,AMZsNpBAC+Tk2pq9gCrMy2bqtV4=
-31,13,7XTCvORC/kJrT88er7Ups5FrXs0=,xWJaucXYZnQBPUhzKqgN01OGLLk=
-30,12,7XTCvORC/kJrT88er7Ups5FrXs0=,xWJaucXYZnQBPUhzKqgN01OGLLk=
-24,2,7XTCvORC/kJrT88er7Ups5FrXs0=,AMZsNpBAC+Tk2pq9gCrMy2bqtV4=
-29,11,7XTCvORC/kJrT88er7Ups5FrXs0=,xWJaucXYZnQBPUhzKqgN01OGLLk=
-22,0,7XTCvORC/kJrT88er7Ups5FrXs0=,AMZsNpBAC+Tk2pq9gCrMy2bqtV4=
-17,2,7XTCvORC/kJrT88er7Ups5FrXs0=,AMZsNpBAC+Tk2pq9gCrMy2bqtV4=
-17,3,7XTCvORC/kJrT88er7Ups5FrXs0=,AMZsNpBAC+Tk2pq9gCrMy2bqtV4=
-29,10,7XTCvORC/kJrT88er7Ups5FrXs0=,xWJaucXYZnQBPUhzKqgN01OGLLk=
-30,10,7XTCvORC/kJrT88er7Ups5FrXs0=,xWJaucXYZnQBPUhzKqgN01OGLLk=
-28,9,7XTCvORC/kJrT88er7Ups5FrXs0=,xWJaucXYZnQBPUhzKqgN01OGLLk=
-20,5,7XTCvORC/kJrT88er7Ups5FrXs0=,AMZsNpBAC+Tk2pq9gCrMy2bqtV4=
-32,12,7XTCvORC/kJrT88er7Ups5FrXs0=,xWJaucXYZnQBPUhzKqgN01OGLLk=
-19,11,7XTCvORC/kJrT88er7Ups5FrXs0=,gdBwkcdnN9oKS0RlxxyCGNqK8u8=
-26,8,7XTCvORC/kJrT88er7Ups5FrXs0=,xWJaucXYZnQBPUhzKqgN01OGLLk=
-23,0,7XTCvORC/kJrT88er7Ups5FrXs0=,AMZsNpBAC+Tk2pq9gCrMy2bqtV4=
-21,0,7XTCvORC/kJrT88er7Ups5FrXs0=,AMZsNpBAC+Tk2pq9gCrMy2bqtV4=
-17,8,7XTCvORC/kJrT88er7Ups5FrXs0=,gdBwkcdnN9oKS0RlxxyCGNqK8u8=
-22,2,7XTCvORC/kJrT88er7Ups5FrXs0=,AMZsNpBAC+Tk2pq9gCrMy2bqtV4=
-30,9,7XTCvORC/kJrT88er7Ups5FrXs0=,xWJaucXYZnQBPUhzKqgN01OGLLk=
-17,1,7XTCvORC/kJrT88er7Ups5FrXs0=,AMZsNpBAC+Tk2pq9gCrMy2bqtV4=
-21,2,7XTCvORC/kJrT88er7Ups5FrXs0=,AMZsNpBAC+Tk2pq9gCrMy2bqtV4=
-24,0,7XTCvORC/kJrT88er7Ups5FrXs0=,AMZsNpBAC+Tk2pq9gCrMy2bqtV4=
-31,12,7XTCvORC/kJrT88er7Ups5FrXs0=,xWJaucXYZnQBPUhzKqgN01OGLLk=
-18,9,7XTCvORC/kJrT88er7Ups5FrXs0=,gdBwkcdnN9oKS0RlxxyCGNqK8u8=
-19,4,7XTCvORC/kJrT88er7Ups5FrXs0=,AMZsNpBAC+Tk2pq9gCrMy2bqtV4=
-25,15,7XTCvORC/kJrT88er7Ups5FrXs0=,xWJaucXYZnQBPUhzKqgN01OGLLk=
-24,15,7XTCvORC/kJrT88er7Ups5FrXs0=,gdBwkcdnN9oKS0RlxxyCGNqK8u8=
-23,15,7XTCvORC/kJrT88er7Ups5FrXs0=,gdBwkcdnN9oKS0RlxxyCGNqK8u8=
-22,15,7XTCvORC/kJrT88er7Ups5FrXs0=,gdBwkcdnN9oKS0RlxxyCGNqK8u8=
-21,15,7XTCvORC/kJrT88er7Ups5FrXs0=,gdBwkcdnN9oKS0RlxxyCGNqK8u8=
-24,7,7XTCvORC/kJrT88er7Ups5FrXs0=,AMZsNpBAC+Tk2pq9gCrMy2bqtV4=
-32,5,7XTCvORC/kJrT88er7Ups5FrXs0=,4U7xfJOgVnaXnSP+bU50ZXIN3uw=
-17,0,7XTCvORC/kJrT88er7Ups5FrXs0=,AMZsNpBAC+Tk2pq9gCrMy2bqtV4=
-18,2,7XTCvORC/kJrT88er7Ups5FrXs0=,AMZsNpBAC+Tk2pq9gCrMy2bqtV4=
-20,4,7XTCvORC/kJrT88er7Ups5FrXs0=,AMZsNpBAC+Tk2pq9gCrMy2bqtV4=
-30,11,7XTCvORC/kJrT88er7Ups5FrXs0=,xWJaucXYZnQBPUhzKqgN01OGLLk=
-29,9,7XTCvORC/kJrT88er7Ups5FrXs0=,xWJaucXYZnQBPUhzKqgN01OGLLk=
-31,9,7XTCvORC/kJrT88er7Ups5FrXs0=,xWJaucXYZnQBPUhzKqgN01OGLLk=
-18,1,7XTCvORC/kJrT88er7Ups5FrXs0=,AMZsNpBAC+Tk2pq9gCrMy2bqtV4=
-28,8,7XTCvORC/kJrT88er7Ups5FrXs0=,xWJaucXYZnQBPUhzKqgN01OGLLk=
-18,0,7XTCvORC/kJrT88er7Ups5FrXs0=,AMZsNpBAC+Tk2pq9gCrMy2bqtV4=
-27,8,7XTCvORC/kJrT88er7Ups5FrXs0=,xWJaucXYZnQBPUhzKqgN01OGLLk=
-18,11,7XTCvORC/kJrT88er7Ups5FrXs0=,gdBwkcdnN9oKS0RlxxyCGNqK8u8=
-20,1,7XTCvORC/kJrT88er7Ups5FrXs0=,AMZsNpBAC+Tk2pq9gCrMy2bqtV4=
-27,2,7XTCvORC/kJrT88er7Ups5FrXs0=,4U7xfJOgVnaXnSP+bU50ZXIN3uw=
-23,2,7XTCvORC/kJrT88er7Ups5FrXs0=,AMZsNpBAC+Tk2pq9gCrMy2bqtV4=
-19,2,7XTCvORC/kJrT88er7Ups5FrXs0=,AMZsNpBAC+Tk2pq9gCrMy2bqtV4=
-18,8,7XTCvORC/kJrT88er7Ups5FrXs0=,gdBwkcdnN9oKS0RlxxyCGNqK8u8=
-19,15,L5TO1y0cL5B4XGGs+pdDaLakRU8=,gdBwkcdnN9oKS0RlxxyCGNqK8u8=
-20,15,L5TO1y0cL5B4XGGs+pdDaLakRU8=,gdBwkcdnN9oKS0RlxxyCGNqK8u8=
-30,8,L5TO1y0cL5B4XGGs+pdDaLakRU8=,xWJaucXYZnQBPUhzKqgN01OGLLk=
-19,1,L5TO1y0cL5B4XGGs+pdDaLakRU8=,AMZsNpBAC+Tk2pq9gCrMy2bqtV4=
-26,3,L5TO1y0cL5B4XGGs+pdDaLakRU8=,4U7xfJOgVnaXnSP+bU50ZXIN3uw=
-19,10,L5TO1y0cL5B4XGGs+pdDaLakRU8=,gdBwkcdnN9oKS0RlxxyCGNqK8u8=
-18,13,L5TO1y0cL5B4XGGs+pdDaLakRU8=,gdBwkcdnN9oKS0RlxxyCGNqK8u8=
-19,0,L5TO1y0cL5B4XGGs+pdDaLakRU8=,AMZsNpBAC+Tk2pq9gCrMy2bqtV4=
-32,9,L5TO1y0cL5B4XGGs+pdDaLakRU8=,xWJaucXYZnQBPUhzKqgN01OGLLk=
-27,3,L5TO1y0cL5B4XGGs+pdDaLakRU8=,4U7xfJOgVnaXnSP+bU50ZXIN3uw=
-24,5,L5TO1y0cL5B4XGGs+pdDaLakRU8=,AMZsNpBAC+Tk2pq9gCrMy2bqtV4=
-26,5,L5TO1y0cL5B4XGGs+pdDaLakRU8=,4U7xfJOgVnaXnSP+bU50ZXIN3uw=
-21,3,L5TO1y0cL5B4XGGs+pdDaLakRU8=,AMZsNpBAC+Tk2pq9gCrMy2bqtV4=
-31,11,L5TO1y0cL5B4XGGs+pdDaLakRU8=,xWJaucXYZnQBPUhzKqgN01OGLLk=
-22,1,L5TO1y0cL5B4XGGs+pdDaLakRU8=,AMZsNpBAC+Tk2pq9gCrMy2bqtV4=
-32,10,L5TO1y0cL5B4XGGs+pdDaLakRU8=,xWJaucXYZnQBPUhzKqgN01OGLLk=
-23,1,L5TO1y0cL5B4XGGs+pdDaLakRU8=,AMZsNpBAC+Tk2pq9gCrMy2bqtV4=
-25,5,L5TO1y0cL5B4XGGs+pdDaLakRU8=,4U7xfJOgVnaXnSP+bU50ZXIN3uw=
-21,1,L5TO1y0cL5B4XGGs+pdDaLakRU8=,AMZsNpBAC+Tk2pq9gCrMy2bqtV4=
-32,11,L5TO1y0cL5B4XGGs+pdDaLakRU8=,xWJaucXYZnQBPUhzKqgN01OGLLk=
-18,15,L5TO1y0cL5B4XGGs+pdDaLakRU8=,gdBwkcdnN9oKS0RlxxyCGNqK8u8=
-17,14,L5TO1y0cL5B4XGGs+pdDaLakRU8=,gdBwkcdnN9oKS0RlxxyCGNqK8u8=
-22,3,L5TO1y0cL5B4XGGs+pdDaLakRU8=,AMZsNpBAC+Tk2pq9gCrMy2bqtV4=
-31,8,L5TO1y0cL5B4XGGs+pdDaLakRU8=,xWJaucXYZnQBPUhzKqgN01OGLLk=
-21,9,L5TO1y0cL5B4XGGs+pdDaLakRU8=,gdBwkcdnN9oKS0RlxxyCGNqK8u8=
-32,8,L5TO1y0cL5B4XGGs+pdDaLakRU8=,xWJaucXYZnQBPUhzKqgN01OGLLk=
-21,10,L5TO1y0cL5B4XGGs+pdDaLakRU8=,gdBwkcdnN9oKS0RlxxyCGNqK8u8=
-29,8,L5TO1y0cL5B4XGGs+pdDaLakRU8=,xWJaucXYZnQBPUhzKqgN01OGLLk=
-17,12,L5TO1y0cL5B4XGGs+pdDaLakRU8=,gdBwkcdnN9oKS0RlxxyCGNqK8u8=
-32,3,L5TO1y0cL5B4XGGs+pdDaLakRU8=,4U7xfJOgVnaXnSP+bU50ZXIN3uw=
-23,3,L5TO1y0cL5B4XGGs+pdDaLakRU8=,AMZsNpBAC+Tk2pq9gCrMy2bqtV4=
-21,11,L5TO1y0cL5B4XGGs+pdDaLakRU8=,gdBwkcdnN9oKS0RlxxyCGNqK8u8=
-24,6,L5TO1y0cL5B4XGGs+pdDaLakRU8=,AMZsNpBAC+Tk2pq9gCrMy2bqtV4=
-24,11,L5TO1y0cL5B4XGGs+pdDaLakRU8=,gdBwkcdnN9oKS0RlxxyCGNqK8u8=
-29,1,L5TO1y0cL5B4XGGs+pdDaLakRU8=,4U7xfJOgVnaXnSP+bU50ZXIN3uw=
-23,10,L5TO1y0cL5B4XGGs+pdDaLakRU8=,gdBwkcdnN9oKS0RlxxyCGNqK8u8=
-25,3,L5TO1y0cL5B4XGGs+pdDaLakRU8=,4U7xfJOgVnaXnSP+bU50ZXIN3uw=
-19,13,L5TO1y0cL5B4XGGs+pdDaLakRU8=,gdBwkcdnN9oKS0RlxxyCGNqK8u8=
-23,4,L5TO1y0cL5B4XGGs+pdDaLakRU8=,AMZsNpBAC+Tk2pq9gCrMy2bqtV4=
-17,13,L5TO1y0cL5B4XGGs+pdDaLakRU8=,gdBwkcdnN9oKS0RlxxyCGNqK8u8=
-20,13,L5TO1y0cL5B4XGGs+pdDaLakRU8=,gdBwkcdnN9oKS0RlxxyCGNqK8u8=
-17,15,L5TO1y0cL5B4XGGs+pdDaLakRU8=,gdBwkcdnN9oKS0RlxxyCGNqK8u8=
-22,10,L5TO1y0cL5B4XGGs+pdDaLakRU8=,gdBwkcdnN9oKS0RlxxyCGNqK8u8=
-22,11,L5TO1y0cL5B4XGGs+pdDaLakRU8=,gdBwkcdnN9oKS0RlxxyCGNqK8u8=
-27,6,L5TO1y0cL5B4XGGs+pdDaLakRU8=,4U7xfJOgVnaXnSP+bU50ZXIN3uw=
-25,6,L5TO1y0cL5B4XGGs+pdDaLakRU8=,4U7xfJOgVnaXnSP+bU50ZXIN3uw=
-28,1,L5TO1y0cL5B4XGGs+pdDaLakRU8=,4U7xfJOgVnaXnSP+bU50ZXIN3uw=
-24,8,L5TO1y0cL5B4XGGs+pdDaLakRU8=,gdBwkcdnN9oKS0RlxxyCGNqK8u8=
-27,1,L5TO1y0cL5B4XGGs+pdDaLakRU8=,4U7xfJOgVnaXnSP+bU50ZXIN3uw=
-31,2,L5TO1y0cL5B4XGGs+pdDaLakRU8=,4U7xfJOgVnaXnSP+bU50ZXIN3uw=
-26,1,L5TO1y0cL5B4XGGs+pdDaLakRU8=,4U7xfJOgVnaXnSP+bU50ZXIN3uw=
-24,1,L5TO1y0cL5B4XGGs+pdDaLakRU8=,AMZsNpBAC+Tk2pq9gCrMy2bqtV4=
-30,0,L5TO1y0cL5B4XGGs+pdDaLakRU8=,4U7xfJOgVnaXnSP+bU50ZXIN3uw=
-25,1,L5TO1y0cL5B4XGGs+pdDaLakRU8=,4U7xfJOgVnaXnSP+bU50ZXIN3uw=
-23,5,L5TO1y0cL5B4XGGs+pdDaLakRU8=,AMZsNpBAC+Tk2pq9gCrMy2bqtV4=
-26,0,L5TO1y0cL5B4XGGs+pdDaLakRU8=,4U7xfJOgVnaXnSP+bU50ZXIN3uw=
-32,0,L5TO1y0cL5B4XGGs+pdDaLakRU8=,4U7xfJOgVnaXnSP+bU50ZXIN3uw=
-29,2,L5TO1y0cL5B4XGGs+pdDaLakRU8=,4U7xfJOgVnaXnSP+bU50ZXIN3uw=
-27,0,L5TO1y0cL5B4XGGs+pdDaLakRU8=,4U7xfJOgVnaXnSP+bU50ZXIN3uw=
-29,3,L5TO1y0cL5B4XGGs+pdDaLakRU8=,4U7xfJOgVnaXnSP+bU50ZXIN3uw=
-32,6,L5TO1y0cL5B4XGGs+pdDaLakRU8=,4U7xfJOgVnaXnSP+bU50ZXIN3uw=
-28,2,L5TO1y0cL5B4XGGs+pdDaLakRU8=,4U7xfJOgVnaXnSP+bU50ZXIN3uw=
-24,4,L5TO1y0cL5B4XGGs+pdDaLakRU8=,AMZsNpBAC+Tk2pq9gCrMy2bqtV4=
-31,10,L5TO1y0cL5B4XGGs+pdDaLakRU8=,xWJaucXYZnQBPUhzKqgN01OGLLk=
-24,3,L5TO1y0cL5B4XGGs+pdDaLakRU8=,AMZsNpBAC+Tk2pq9gCrMy2bqtV4=
-18,3,L5TO1y0cL5B4XGGs+pdDaLakRU8=,AMZsNpBAC+Tk2pq9gCrMy2bqtV4=
-29,0,L5TO1y0cL5B4XGGs+pdDaLakRU8=,4U7xfJOgVnaXnSP+bU50ZXIN3uw=
-20,2,L5TO1y0cL5B4XGGs+pdDaLakRU8=,AMZsNpBAC+Tk2pq9gCrMy2bqtV4=
-19,3,L5TO1y0cL5B4XGGs+pdDaLakRU8=,AMZsNpBAC+Tk2pq9gCrMy2bqtV4=
-28,3,L5TO1y0cL5B4XGGs+pdDaLakRU8=,4U7xfJOgVnaXnSP+bU50ZXIN3uw=
-21,12,L5TO1y0cL5B4XGGs+pdDaLakRU8=,gdBwkcdnN9oKS0RlxxyCGNqK8u8=
-32,4,L5TO1y0cL5B4XGGs+pdDaLakRU8=,4U7xfJOgVnaXnSP+bU50ZXIN3uw=
-20,12,L5TO1y0cL5B4XGGs+pdDaLakRU8=,gdBwkcdnN9oKS0RlxxyCGNqK8u8=
-18,12,L5TO1y0cL5B4XGGs+pdDaLakRU8=,gdBwkcdnN9oKS0RlxxyCGNqK8u8=
-32,2,L5TO1y0cL5B4XGGs+pdDaLakRU8=,4U7xfJOgVnaXnSP+bU50ZXIN3uw=
-20,3,L5TO1y0cL5B4XGGs+pdDaLakRU8=,AMZsNpBAC+Tk2pq9gCrMy2bqtV4=
-30,3,L5TO1y0cL5B4XGGs+pdDaLakRU8=,4U7xfJOgVnaXnSP+bU50ZXIN3uw=
-31,3,L5TO1y0cL5B4XGGs+pdDaLakRU8=,4U7xfJOgVnaXnSP+bU50ZXIN3uw=
-20,0,L5TO1y0cL5B4XGGs+pdDaLakRU8=,AMZsNpBAC+Tk2pq9gCrMy2bqtV4=
-28,4,L5TO1y0cL5B4XGGs+pdDaLakRU8=,4U7xfJOgVnaXnSP+bU50ZXIN3uw=
-19,14,L5TO1y0cL5B4XGGs+pdDaLakRU8=,gdBwkcdnN9oKS0RlxxyCGNqK8u8=
-21,13,L5TO1y0cL5B4XGGs+pdDaLakRU8=,gdBwkcdnN9oKS0RlxxyCGNqK8u8=
-31,1,L5TO1y0cL5B4XGGs+pdDaLakRU8=,4U7xfJOgVnaXnSP+bU50ZXIN3uw=
-30,2,L5TO1y0cL5B4XGGs+pdDaLakRU8=,4U7xfJOgVnaXnSP+bU50ZXIN3uw=
-18,14,L5TO1y0cL5B4XGGs+pdDaLakRU8=,gdBwkcdnN9oKS0RlxxyCGNqK8u8=
-27,4,L5TO1y0cL5B4XGGs+pdDaLakRU8=,4U7xfJOgVnaXnSP+bU50ZXIN3uw=
-25,7,L5TO1y0cL5B4XGGs+pdDaLakRU8=,4U7xfJOgVnaXnSP+bU50ZXIN3uw=
-19,12,L5TO1y0cL5B4XGGs+pdDaLakRU8=,gdBwkcdnN9oKS0RlxxyCGNqK8u8=
-26,6,L5TO1y0cL5B4XGGs+pdDaLakRU8=,4U7xfJOgVnaXnSP+bU50ZXIN3uw=
-29,6,L5TO1y0cL5B4XGGs+pdDaLakRU8=,4U7xfJOgVnaXnSP+bU50ZXIN3uw=
-32,1,L5TO1y0cL5B4XGGs+pdDaLakRU8=,4U7xfJOgVnaXnSP+bU50ZXIN3uw=
-20,14,L5TO1y0cL5B4XGGs+pdDaLakRU8=,gdBwkcdnN9oKS0RlxxyCGNqK8u8=
-28,0,L5TO1y0cL5B4XGGs+pdDaLakRU8=,4U7xfJOgVnaXnSP+bU50ZXIN3uw=
-27,5,L5TO1y0cL5B4XGGs+pdDaLakRU8=,4U7xfJOgVnaXnSP+bU50ZXIN3uw=
-21,14,L5TO1y0cL5B4XGGs+pdDaLakRU8=,gdBwkcdnN9oKS0RlxxyCGNqK8u8=
-30,6,L5TO1y0cL5B4XGGs+pdDaLakRU8=,4U7xfJOgVnaXnSP+bU50ZXIN3uw=
-25,2,L5TO1y0cL5B4XGGs+pdDaLakRU8=,4U7xfJOgVnaXnSP+bU50ZXIN3uw=
-31,0,L5TO1y0cL5B4XGGs+pdDaLakRU8=,4U7xfJOgVnaXnSP+bU50ZXIN3uw=
-30,5,L5TO1y0cL5B4XGGs+pdDaLakRU8=,4U7xfJOgVnaXnSP+bU50ZXIN3uw=
-31,6,L5TO1y0cL5B4XGGs+pdDaLakRU8=,4U7xfJOgVnaXnSP+bU50ZXIN3uw=
-29,7,L5TO1y0cL5B4XGGs+pdDaLakRU8=,4U7xfJOgVnaXnSP+bU50ZXIN3uw=
-31,5,L5TO1y0cL5B4XGGs+pdDaLakRU8=,4U7xfJOgVnaXnSP+bU50ZXIN3uw=
-28,7,L5TO1y0cL5B4XGGs+pdDaLakRU8=,4U7xfJOgVnaXnSP+bU50ZXIN3uw=
-26,2,L5TO1y0cL5B4XGGs+pdDaLakRU8=,4U7xfJOgVnaXnSP+bU50ZXIN3uw=
-28,6,L5TO1y0cL5B4XGGs+pdDaLakRU8=,4U7xfJOgVnaXnSP+bU50ZXIN3uw=
-27,7,L5TO1y0cL5B4XGGs+pdDaLakRU8=,4U7xfJOgVnaXnSP+bU50ZXIN3uw=
-26,4,L5TO1y0cL5B4XGGs+pdDaLakRU8=,4U7xfJOgVnaXnSP+bU50ZXIN3uw=
-30,7,PdewLEqGeBsXztMkeejGq4cCplQ=,4U7xfJOgVnaXnSP+bU50ZXIN3uw=
-25,4,PdewLEqGeBsXztMkeejGq4cCplQ=,4U7xfJOgVnaXnSP+bU50ZXIN3uw=
-28,5,PdewLEqGeBsXztMkeejGq4cCplQ=,4U7xfJOgVnaXnSP+bU50ZXIN3uw=
-32,7,PdewLEqGeBsXztMkeejGq4cCplQ=,4U7xfJOgVnaXnSP+bU50ZXIN3uw=
-31,7,PdewLEqGeBsXztMkeejGq4cCplQ=,4U7xfJOgVnaXnSP+bU50ZXIN3uw=
-30,1,PdewLEqGeBsXztMkeejGq4cCplQ=,4U7xfJOgVnaXnSP+bU50ZXIN3uw=
-26,7,PdewLEqGeBsXztMkeejGq4cCplQ=,4U7xfJOgVnaXnSP+bU50ZXIN3uw=
-21,21,FcEQB5gW0RYS2Wf1yVHGxkVn9N0=,rc2PLyyIx82GdM0rbxg0ieDU0tI=
-24,18,FcEQB5gW0RYS2Wf1yVHGxkVn9N0=,rc2PLyyIx82GdM0rbxg0ieDU0tI=
-22,19,FcEQB5gW0RYS2Wf1yVHGxkVn9N0=,rc2PLyyIx82GdM0rbxg0ieDU0tI=
-21,19,FcEQB5gW0RYS2Wf1yVHGxkVn9N0=,rc2PLyyIx82GdM0rbxg0ieDU0tI=
-24,17,FcEQB5gW0RYS2Wf1yVHGxkVn9N0=,rc2PLyyIx82GdM0rbxg0ieDU0tI=
-22,16,FcEQB5gW0RYS2Wf1yVHGxkVn9N0=,rc2PLyyIx82GdM0rbxg0ieDU0tI=
-23,17,FcEQB5gW0RYS2Wf1yVHGxkVn9N0=,rc2PLyyIx82GdM0rbxg0ieDU0tI=
-20,22,FcEQB5gW0RYS2Wf1yVHGxkVn9N0=,rc2PLyyIx82GdM0rbxg0ieDU0tI=
-22,21,FcEQB5gW0RYS2Wf1yVHGxkVn9N0=,rc2PLyyIx82GdM0rbxg0ieDU0tI=
-22,17,FcEQB5gW0RYS2Wf1yVHGxkVn9N0=,rc2PLyyIx82GdM0rbxg0ieDU0tI=
-20,21,FcEQB5gW0RYS2Wf1yVHGxkVn9N0=,rc2PLyyIx82GdM0rbxg0ieDU0tI=
-21,22,FcEQB5gW0RYS2Wf1yVHGxkVn9N0=,rc2PLyyIx82GdM0rbxg0ieDU0tI=
-19,22,FcEQB5gW0RYS2Wf1yVHGxkVn9N0=,rc2PLyyIx82GdM0rbxg0ieDU0tI=
-18,22,FcEQB5gW0RYS2Wf1yVHGxkVn9N0=,rc2PLyyIx82GdM0rbxg0ieDU0tI=
-23,16,FcEQB5gW0RYS2Wf1yVHGxkVn9N0=,rc2PLyyIx82GdM0rbxg0ieDU0tI=
-24,23,FcEQB5gW0RYS2Wf1yVHGxkVn9N0=,rc2PLyyIx82GdM0rbxg0ieDU0tI=
-23,23,FcEQB5gW0RYS2Wf1yVHGxkVn9N0=,rc2PLyyIx82GdM0rbxg0ieDU0tI=
-22,23,FcEQB5gW0RYS2Wf1yVHGxkVn9N0=,rc2PLyyIx82GdM0rbxg0ieDU0tI=
-23,20,FcEQB5gW0RYS2Wf1yVHGxkVn9N0=,rc2PLyyIx82GdM0rbxg0ieDU0tI=
-21,23,FcEQB5gW0RYS2Wf1yVHGxkVn9N0=,rc2PLyyIx82GdM0rbxg0ieDU0tI=
-22,22,FcEQB5gW0RYS2Wf1yVHGxkVn9N0=,rc2PLyyIx82GdM0rbxg0ieDU0tI=
-20,23,FcEQB5gW0RYS2Wf1yVHGxkVn9N0=,rc2PLyyIx82GdM0rbxg0ieDU0tI=
-22,20,FcEQB5gW0RYS2Wf1yVHGxkVn9N0=,rc2PLyyIx82GdM0rbxg0ieDU0tI=
-23,21,FcEQB5gW0RYS2Wf1yVHGxkVn9N0=,rc2PLyyIx82GdM0rbxg0ieDU0tI=
-24,16,FcEQB5gW0RYS2Wf1yVHGxkVn9N0=,rc2PLyyIx82GdM0rbxg0ieDU0tI=
-24,21,FcEQB5gW0RYS2Wf1yVHGxkVn9N0=,rc2PLyyIx82GdM0rbxg0ieDU0tI=
-24,20,FcEQB5gW0RYS2Wf1yVHGxkVn9N0=,rc2PLyyIx82GdM0rbxg0ieDU0tI=
-23,22,FcEQB5gW0RYS2Wf1yVHGxkVn9N0=,rc2PLyyIx82GdM0rbxg0ieDU0tI=
-23,18,FcEQB5gW0RYS2Wf1yVHGxkVn9N0=,rc2PLyyIx82GdM0rbxg0ieDU0tI=
-24,22,FcEQB5gW0RYS2Wf1yVHGxkVn9N0=,rc2PLyyIx82GdM0rbxg0ieDU0tI=
-19,23,FcEQB5gW0RYS2Wf1yVHGxkVn9N0=,rc2PLyyIx82GdM0rbxg0ieDU0tI=
-24,19,FcEQB5gW0RYS2Wf1yVHGxkVn9N0=,rc2PLyyIx82GdM0rbxg0ieDU0tI=
-23,19,FcEQB5gW0RYS2Wf1yVHGxkVn9N0=,rc2PLyyIx82GdM0rbxg0ieDU0tI=
-21,17,FcEQB5gW0RYS2Wf1yVHGxkVn9N0=,rc2PLyyIx82GdM0rbxg0ieDU0tI=
-18,23,FcEQB5gW0RYS2Wf1yVHGxkVn9N0=,rc2PLyyIx82GdM0rbxg0ieDU0tI=
-21,16,FcEQB5gW0RYS2Wf1yVHGxkVn9N0=,rc2PLyyIx82GdM0rbxg0ieDU0tI=
-19,19,FcEQB5gW0RYS2Wf1yVHGxkVn9N0=,rc2PLyyIx82GdM0rbxg0ieDU0tI=
-21,18,FcEQB5gW0RYS2Wf1yVHGxkVn9N0=,rc2PLyyIx82GdM0rbxg0ieDU0tI=
-20,20,FcEQB5gW0RYS2Wf1yVHGxkVn9N0=,rc2PLyyIx82GdM0rbxg0ieDU0tI=
-18,21,FcEQB5gW0RYS2Wf1yVHGxkVn9N0=,rc2PLyyIx82GdM0rbxg0ieDU0tI=
-21,20,FcEQB5gW0RYS2Wf1yVHGxkVn9N0=,rc2PLyyIx82GdM0rbxg0ieDU0tI=
-19,21,FcEQB5gW0RYS2Wf1yVHGxkVn9N0=,rc2PLyyIx82GdM0rbxg0ieDU0tI=
-22,18,FcEQB5gW0RYS2Wf1yVHGxkVn9N0=,rc2PLyyIx82GdM0rbxg0ieDU0tI=
-17,19,FcEQB5gW0RYS2Wf1yVHGxkVn9N0=,rc2PLyyIx82GdM0rbxg0ieDU0tI=
-17,23,FcEQB5gW0RYS2Wf1yVHGxkVn9N0=,rc2PLyyIx82GdM0rbxg0ieDU0tI=
-19,18,FcEQB5gW0RYS2Wf1yVHGxkVn9N0=,rc2PLyyIx82GdM0rbxg0ieDU0tI=
-20,17,FcEQB5gW0RYS2Wf1yVHGxkVn9N0=,rc2PLyyIx82GdM0rbxg0ieDU0tI=
-20,18,FcEQB5gW0RYS2Wf1yVHGxkVn9N0=,rc2PLyyIx82GdM0rbxg0ieDU0tI=
-19,20,FcEQB5gW0RYS2Wf1yVHGxkVn9N0=,rc2PLyyIx82GdM0rbxg0ieDU0tI=
-17,18,FcEQB5gW0RYS2Wf1yVHGxkVn9N0=,rc2PLyyIx82GdM0rbxg0ieDU0tI=
-18,20,FcEQB5gW0RYS2Wf1yVHGxkVn9N0=,rc2PLyyIx82GdM0rbxg0ieDU0tI=
-18,19,FcEQB5gW0RYS2Wf1yVHGxkVn9N0=,rc2PLyyIx82GdM0rbxg0ieDU0tI=
-20,19,FcEQB5gW0RYS2Wf1yVHGxkVn9N0=,rc2PLyyIx82GdM0rbxg0ieDU0tI=
-17,21,FcEQB5gW0RYS2Wf1yVHGxkVn9N0=,rc2PLyyIx82GdM0rbxg0ieDU0tI=
-17,20,FcEQB5gW0RYS2Wf1yVHGxkVn9N0=,rc2PLyyIx82GdM0rbxg0ieDU0tI=
-18,18,FcEQB5gW0RYS2Wf1yVHGxkVn9N0=,rc2PLyyIx82GdM0rbxg0ieDU0tI=
-20,16,FcEQB5gW0RYS2Wf1yVHGxkVn9N0=,rc2PLyyIx82GdM0rbxg0ieDU0tI=
-17,17,FcEQB5gW0RYS2Wf1yVHGxkVn9N0=,rc2PLyyIx82GdM0rbxg0ieDU0tI=
-17,22,FcEQB5gW0RYS2Wf1yVHGxkVn9N0=,rc2PLyyIx82GdM0rbxg0ieDU0tI=
-19,17,FcEQB5gW0RYS2Wf1yVHGxkVn9N0=,rc2PLyyIx82GdM0rbxg0ieDU0tI=
-19,16,Nd5iwDiigkf6kwttRgzacpbD6kA=,rc2PLyyIx82GdM0rbxg0ieDU0tI=
-18,17,Nd5iwDiigkf6kwttRgzacpbD6kA=,rc2PLyyIx82GdM0rbxg0ieDU0tI=
-18,16,Nd5iwDiigkf6kwttRgzacpbD6kA=,rc2PLyyIx82GdM0rbxg0ieDU0tI=
-17,16,Nd5iwDiigkf6kwttRgzacpbD6kA=,rc2PLyyIx82GdM0rbxg0ieDU0tI=
-9,29,Nd5iwDiigkf6kwttRgzacpbD6kA=,L92seXtjT2ak07OZXaQNvxh8N+k=
-10,29,Nd5iwDiigkf6kwttRgzacpbD6kA=,L92seXtjT2ak07OZXaQNvxh8N+k=
-11,29,Nd5iwDiigkf6kwttRgzacpbD6kA=,L92seXtjT2ak07OZXaQNvxh8N+k=
-12,29,Nd5iwDiigkf6kwttRgzacpbD6kA=,L92seXtjT2ak07OZXaQNvxh8N+k=
-13,29,Nd5iwDiigkf6kwttRgzacpbD6kA=,L92seXtjT2ak07OZXaQNvxh8N+k=
-14,29,Nd5iwDiigkf6kwttRgzacpbD6kA=,L92seXtjT2ak07OZXaQNvxh8N+k=
-15,29,Nd5iwDiigkf6kwttRgzacpbD6kA=,L92seXtjT2ak07OZXaQNvxh8N+k=
-16,29,Nd5iwDiigkf6kwttRgzacpbD6kA=,L92seXtjT2ak07OZXaQNvxh8N+k=
-9,28,Nd5iwDiigkf6kwttRgzacpbD6kA=,L92seXtjT2ak07OZXaQNvxh8N+k=
-10,28,Nd5iwDiigkf6kwttRgzacpbD6kA=,L92seXtjT2ak07OZXaQNvxh8N+k=
-11,28,Nd5iwDiigkf6kwttRgzacpbD6kA=,L92seXtjT2ak07OZXaQNvxh8N+k=
-12,28,Nd5iwDiigkf6kwttRgzacpbD6kA=,L92seXtjT2ak07OZXaQNvxh8N+k=
-13,28,Nd5iwDiigkf6kwttRgzacpbD6kA=,L92seXtjT2ak07OZXaQNvxh8N+k=
-14,28,Nd5iwDiigkf6kwttRgzacpbD6kA=,L92seXtjT2ak07OZXaQNvxh8N+k=
-15,28,Nd5iwDiigkf6kwttRgzacpbD6kA=,L92seXtjT2ak07OZXaQNvxh8N+k=
-16,28,Nd5iwDiigkf6kwttRgzacpbD6kA=,L92seXtjT2ak07OZXaQNvxh8N+k=
-9,27,Nd5iwDiigkf6kwttRgzacpbD6kA=,L92seXtjT2ak07OZXaQNvxh8N+k=
-10,27,Nd5iwDiigkf6kwttRgzacpbD6kA=,L92seXtjT2ak07OZXaQNvxh8N+k=
-9,31,Nd5iwDiigkf6kwttRgzacpbD6kA=,L92seXtjT2ak07OZXaQNvxh8N+k=
-11,27,Nd5iwDiigkf6kwttRgzacpbD6kA=,L92seXtjT2ak07OZXaQNvxh8N+k=
-10,31,Nd5iwDiigkf6kwttRgzacpbD6kA=,L92seXtjT2ak07OZXaQNvxh8N+k=
-11,31,Nd5iwDiigkf6kwttRgzacpbD6kA=,L92seXtjT2ak07OZXaQNvxh8N+k=
-12,31,Nd5iwDiigkf6kwttRgzacpbD6kA=,L92seXtjT2ak07OZXaQNvxh8N+k=
-13,31,Nd5iwDiigkf6kwttRgzacpbD6kA=,L92seXtjT2ak07OZXaQNvxh8N+k=
-14,31,Nd5iwDiigkf6kwttRgzacpbD6kA=,L92seXtjT2ak07OZXaQNvxh8N+k=
-12,27,Nd5iwDiigkf6kwttRgzacpbD6kA=,L92seXtjT2ak07OZXaQNvxh8N+k=
-13,27,Nd5iwDiigkf6kwttRgzacpbD6kA=,L92seXtjT2ak07OZXaQNvxh8N+k=
-15,31,Nd5iwDiigkf6kwttRgzacpbD6kA=,L92seXtjT2ak07OZXaQNvxh8N+k=
-14,27,Nd5iwDiigkf6kwttRgzacpbD6kA=,L92seXtjT2ak07OZXaQNvxh8N+k=
-15,27,Nd5iwDiigkf6kwttRgzacpbD6kA=,L92seXtjT2ak07OZXaQNvxh8N+k=
-9,30,Nd5iwDiigkf6kwttRgzacpbD6kA=,L92seXtjT2ak07OZXaQNvxh8N+k=
-16,27,Nd5iwDiigkf6kwttRgzacpbD6kA=,L92seXtjT2ak07OZXaQNvxh8N+k=
-9,26,Nd5iwDiigkf6kwttRgzacpbD6kA=,L92seXtjT2ak07OZXaQNvxh8N+k=
-10,30,Nd5iwDiigkf6kwttRgzacpbD6kA=,L92seXtjT2ak07OZXaQNvxh8N+k=
-11,30,Nd5iwDiigkf6kwttRgzacpbD6kA=,L92seXtjT2ak07OZXaQNvxh8N+k=
-10,26,Nd5iwDiigkf6kwttRgzacpbD6kA=,L92seXtjT2ak07OZXaQNvxh8N+k=
-11,26,Nd5iwDiigkf6kwttRgzacpbD6kA=,L92seXtjT2ak07OZXaQNvxh8N+k=
-12,26,Nd5iwDiigkf6kwttRgzacpbD6kA=,L92seXtjT2ak07OZXaQNvxh8N+k=
-13,26,Nd5iwDiigkf6kwttRgzacpbD6kA=,L92seXtjT2ak07OZXaQNvxh8N+k=
-14,26,Nd5iwDiigkf6kwttRgzacpbD6kA=,L92seXtjT2ak07OZXaQNvxh8N+k=
-12,30,Nd5iwDiigkf6kwttRgzacpbD6kA=,L92seXtjT2ak07OZXaQNvxh8N+k=
-13,30,Nd5iwDiigkf6kwttRgzacpbD6kA=,L92seXtjT2ak07OZXaQNvxh8N+k=
-15,26,Nd5iwDiigkf6kwttRgzacpbD6kA=,L92seXtjT2ak07OZXaQNvxh8N+k=
-16,26,Nd5iwDiigkf6kwttRgzacpbD6kA=,L92seXtjT2ak07OZXaQNvxh8N+k=
-14,30,Nd5iwDiigkf6kwttRgzacpbD6kA=,L92seXtjT2ak07OZXaQNvxh8N+k=
-9,25,Nd5iwDiigkf6kwttRgzacpbD6kA=,L92seXtjT2ak07OZXaQNvxh8N+k=
-15,30,Nd5iwDiigkf6kwttRgzacpbD6kA=,L92seXtjT2ak07OZXaQNvxh8N+k=
-10,25,Nd5iwDiigkf6kwttRgzacpbD6kA=,L92seXtjT2ak07OZXaQNvxh8N+k=
-11,25,Nd5iwDiigkf6kwttRgzacpbD6kA=,L92seXtjT2ak07OZXaQNvxh8N+k=
-12,25,Nd5iwDiigkf6kwttRgzacpbD6kA=,L92seXtjT2ak07OZXaQNvxh8N+k=
-13,25,Nd5iwDiigkf6kwttRgzacpbD6kA=,L92seXtjT2ak07OZXaQNvxh8N+k=
-16,30,Nd5iwDiigkf6kwttRgzacpbD6kA=,L92seXtjT2ak07OZXaQNvxh8N+k=
-14,25,Nd5iwDiigkf6kwttRgzacpbD6kA=,L92seXtjT2ak07OZXaQNvxh8N+k=
-15,25,Nd5iwDiigkf6kwttRgzacpbD6kA=,L92seXtjT2ak07OZXaQNvxh8N+k=
-16,25,Nd5iwDiigkf6kwttRgzacpbD6kA=,L92seXtjT2ak07OZXaQNvxh8N+k=
-16,31,Nd5iwDiigkf6kwttRgzacpbD6kA=,L92seXtjT2ak07OZXaQNvxh8N+k=
-11,18,Nd5iwDiigkf6kwttRgzacpbD6kA=,0E6QstuVucholg1gOTPCenbDn+Q=
-10,18,Nd5iwDiigkf6kwttRgzacpbD6kA=,0E6QstuVucholg1gOTPCenbDn+Q=
-10,16,Nd5iwDiigkf6kwttRgzacpbD6kA=,0E6QstuVucholg1gOTPCenbDn+Q=
-12,18,Nd5iwDiigkf6kwttRgzacpbD6kA=,0E6QstuVucholg1gOTPCenbDn+Q=
-11,16,Nd5iwDiigkf6kwttRgzacpbD6kA=,0E6QstuVucholg1gOTPCenbDn+Q=
-9,16,Nd5iwDiigkf6kwttRgzacpbD6kA=,0E6QstuVucholg1gOTPCenbDn+Q=
-9,19,Nd5iwDiigkf6kwttRgzacpbD6kA=,0E6QstuVucholg1gOTPCenbDn+Q=
-9,20,Nd5iwDiigkf6kwttRgzacpbD6kA=,0E6QstuVucholg1gOTPCenbDn+Q=
-10,21,Nd5iwDiigkf6kwttRgzacpbD6kA=,0E6QstuVucholg1gOTPCenbDn+Q=
-9,21,Nd5iwDiigkf6kwttRgzacpbD6kA=,0E6QstuVucholg1gOTPCenbDn+Q=
-11,23,Nd5iwDiigkf6kwttRgzacpbD6kA=,0E6QstuVucholg1gOTPCenbDn+Q=
-11,17,Nd5iwDiigkf6kwttRgzacpbD6kA=,0E6QstuVucholg1gOTPCenbDn+Q=
-12,17,Nd5iwDiigkf6kwttRgzacpbD6kA=,0E6QstuVucholg1gOTPCenbDn+Q=
-12,16,Nd5iwDiigkf6kwttRgzacpbD6kA=,0E6QstuVucholg1gOTPCenbDn+Q=
-10,20,Nd5iwDiigkf6kwttRgzacpbD6kA=,0E6QstuVucholg1gOTPCenbDn+Q=
-10,19,Nd5iwDiigkf6kwttRgzacpbD6kA=,0E6QstuVucholg1gOTPCenbDn+Q=
-10,23,Nd5iwDiigkf6kwttRgzacpbD6kA=,0E6QstuVucholg1gOTPCenbDn+Q=
-11,19,Nd5iwDiigkf6kwttRgzacpbD6kA=,0E6QstuVucholg1gOTPCenbDn+Q=
-9,23,Nd5iwDiigkf6kwttRgzacpbD6kA=,0E6QstuVucholg1gOTPCenbDn+Q=
-9,17,Nd5iwDiigkf6kwttRgzacpbD6kA=,0E6QstuVucholg1gOTPCenbDn+Q=
-16,24,Nd5iwDiigkf6kwttRgzacpbD6kA=,L92seXtjT2ak07OZXaQNvxh8N+k=
-9,22,Nd5iwDiigkf6kwttRgzacpbD6kA=,0E6QstuVucholg1gOTPCenbDn+Q=
-9,18,Nd5iwDiigkf6kwttRgzacpbD6kA=,0E6QstuVucholg1gOTPCenbDn+Q=
-10,22,Nd5iwDiigkf6kwttRgzacpbD6kA=,0E6QstuVucholg1gOTPCenbDn+Q=
-11,22,Nd5iwDiigkf6kwttRgzacpbD6kA=,0E6QstuVucholg1gOTPCenbDn+Q=
-15,24,Nd5iwDiigkf6kwttRgzacpbD6kA=,L92seXtjT2ak07OZXaQNvxh8N+k=
-16,18,Nd5iwDiigkf6kwttRgzacpbD6kA=,0E6QstuVucholg1gOTPCenbDn+Q=
-13,19,Nd5iwDiigkf6kwttRgzacpbD6kA=,0E6QstuVucholg1gOTPCenbDn+Q=
-14,16,Nd5iwDiigkf6kwttRgzacpbD6kA=,0E6QstuVucholg1gOTPCenbDn+Q=
-13,18,Nd5iwDiigkf6kwttRgzacpbD6kA=,0E6QstuVucholg1gOTPCenbDn+Q=
-10,17,Nd5iwDiigkf6kwttRgzacpbD6kA=,0E6QstuVucholg1gOTPCenbDn+Q=
-12,22,Nd5iwDiigkf6kwttRgzacpbD6kA=,0E6QstuVucholg1gOTPCenbDn+Q=
-15,18,Nd5iwDiigkf6kwttRgzacpbD6kA=,0E6QstuVucholg1gOTPCenbDn+Q=
-12,19,Nd5iwDiigkf6kwttRgzacpbD6kA=,0E6QstuVucholg1gOTPCenbDn+Q=
-14,24,Nd5iwDiigkf6kwttRgzacpbD6kA=,L92seXtjT2ak07OZXaQNvxh8N+k=
-13,24,Nd5iwDiigkf6kwttRgzacpbD6kA=,L92seXtjT2ak07OZXaQNvxh8N+k=
-12,24,Nd5iwDiigkf6kwttRgzacpbD6kA=,L92seXtjT2ak07OZXaQNvxh8N+k=
-13,22,OI7F/ymvHI5OCWLNVnYFLMiBGks=,0E6QstuVucholg1gOTPCenbDn+Q=
-14,20,OI7F/ymvHI5OCWLNVnYFLMiBGks=,0E6QstuVucholg1gOTPCenbDn+Q=
-9,24,OI7F/ymvHI5OCWLNVnYFLMiBGks=,L92seXtjT2ak07OZXaQNvxh8N+k=
-10,24,OI7F/ymvHI5OCWLNVnYFLMiBGks=,L92seXtjT2ak07OZXaQNvxh8N+k=
-11,24,OI7F/ymvHI5OCWLNVnYFLMiBGks=,L92seXtjT2ak07OZXaQNvxh8N+k=
-13,17,OI7F/ymvHI5OCWLNVnYFLMiBGks=,0E6QstuVucholg1gOTPCenbDn+Q=
-13,16,OI7F/ymvHI5OCWLNVnYFLMiBGks=,0E6QstuVucholg1gOTPCenbDn+Q=
-14,22,OI7F/ymvHI5OCWLNVnYFLMiBGks=,0E6QstuVucholg1gOTPCenbDn+Q=
-16,19,OI7F/ymvHI5OCWLNVnYFLMiBGks=,0E6QstuVucholg1gOTPCenbDn+Q=
-12,23,OI7F/ymvHI5OCWLNVnYFLMiBGks=,0E6QstuVucholg1gOTPCenbDn+Q=
-11,20,OI7F/ymvHI5OCWLNVnYFLMiBGks=,0E6QstuVucholg1gOTPCenbDn+Q=
-15,20,OI7F/ymvHI5OCWLNVnYFLMiBGks=,0E6QstuVucholg1gOTPCenbDn+Q=
-14,19,OI7F/ymvHI5OCWLNVnYFLMiBGks=,0E6QstuVucholg1gOTPCenbDn+Q=
-12,21,OI7F/ymvHI5OCWLNVnYFLMiBGks=,0E6QstuVucholg1gOTPCenbDn+Q=
-11,21,OI7F/ymvHI5OCWLNVnYFLMiBGks=,0E6QstuVucholg1gOTPCenbDn+Q=
-14,17,OI7F/ymvHI5OCWLNVnYFLMiBGks=,0E6QstuVucholg1gOTPCenbDn+Q=
-12,20,OI7F/ymvHI5OCWLNVnYFLMiBGks=,0E6QstuVucholg1gOTPCenbDn+Q=
-13,20,OI7F/ymvHI5OCWLNVnYFLMiBGks=,0E6QstuVucholg1gOTPCenbDn+Q=
-13,23,OI7F/ymvHI5OCWLNVnYFLMiBGks=,0E6QstuVucholg1gOTPCenbDn+Q=
-15,22,OI7F/ymvHI5OCWLNVnYFLMiBGks=,0E6QstuVucholg1gOTPCenbDn+Q=
-13,21,OI7F/ymvHI5OCWLNVnYFLMiBGks=,0E6QstuVucholg1gOTPCenbDn+Q=
-14,21,OI7F/ymvHI5OCWLNVnYFLMiBGks=,0E6QstuVucholg1gOTPCenbDn+Q=
-15,19,OI7F/ymvHI5OCWLNVnYFLMiBGks=,0E6QstuVucholg1gOTPCenbDn+Q=
-14,18,OI7F/ymvHI5OCWLNVnYFLMiBGks=,0E6QstuVucholg1gOTPCenbDn+Q=
-16,23,OI7F/ymvHI5OCWLNVnYFLMiBGks=,0E6QstuVucholg1gOTPCenbDn+Q=
-15,17,OI7F/ymvHI5OCWLNVnYFLMiBGks=,0E6QstuVucholg1gOTPCenbDn+Q=
-16,16,OI7F/ymvHI5OCWLNVnYFLMiBGks=,0E6QstuVucholg1gOTPCenbDn+Q=
-16,17,OI7F/ymvHI5OCWLNVnYFLMiBGks=,0E6QstuVucholg1gOTPCenbDn+Q=
-15,21,OI7F/ymvHI5OCWLNVnYFLMiBGks=,0E6QstuVucholg1gOTPCenbDn+Q=
-16,21,OI7F/ymvHI5OCWLNVnYFLMiBGks=,0E6QstuVucholg1gOTPCenbDn+Q=
-16,22,OI7F/ymvHI5OCWLNVnYFLMiBGks=,0E6QstuVucholg1gOTPCenbDn+Q=
-15,23,OI7F/ymvHI5OCWLNVnYFLMiBGks=,0E6QstuVucholg1gOTPCenbDn+Q=
-16,20,OI7F/ymvHI5OCWLNVnYFLMiBGks=,0E6QstuVucholg1gOTPCenbDn+Q=
-14,23,OI7F/ymvHI5OCWLNVnYFLMiBGks=,0E6QstuVucholg1gOTPCenbDn+Q=
-15,16,OI7F/ymvHI5OCWLNVnYFLMiBGks=,0E6QstuVucholg1gOTPCenbDn+Q=
-7,11,OI7F/ymvHI5OCWLNVnYFLMiBGks=,LKv++T+O/idz1Yku2Xa7tWmbtc4=
-2,10,OI7F/ymvHI5OCWLNVnYFLMiBGks=,LKv++T+O/idz1Yku2Xa7tWmbtc4=
-5,10,OI7F/ymvHI5OCWLNVnYFLMiBGks=,LKv++T+O/idz1Yku2Xa7tWmbtc4=
-3,10,OI7F/ymvHI5OCWLNVnYFLMiBGks=,LKv++T+O/idz1Yku2Xa7tWmbtc4=
-6,10,OI7F/ymvHI5OCWLNVnYFLMiBGks=,LKv++T+O/idz1Yku2Xa7tWmbtc4=
-4,10,OI7F/ymvHI5OCWLNVnYFLMiBGks=,LKv++T+O/idz1Yku2Xa7tWmbtc4=
-7,10,OI7F/ymvHI5OCWLNVnYFLMiBGks=,LKv++T+O/idz1Yku2Xa7tWmbtc4=
-2,9,OI7F/ymvHI5OCWLNVnYFLMiBGks=,LKv++T+O/idz1Yku2Xa7tWmbtc4=
-3,9,OI7F/ymvHI5OCWLNVnYFLMiBGks=,LKv++T+O/idz1Yku2Xa7tWmbtc4=
-4,9,OI7F/ymvHI5OCWLNVnYFLMiBGks=,LKv++T+O/idz1Yku2Xa7tWmbtc4=
-5,9,OI7F/ymvHI5OCWLNVnYFLMiBGks=,LKv++T+O/idz1Yku2Xa7tWmbtc4=
-6,9,OI7F/ymvHI5OCWLNVnYFLMiBGks=,LKv++T+O/idz1Yku2Xa7tWmbtc4=
-7,9,OI7F/ymvHI5OCWLNVnYFLMiBGks=,LKv++T+O/idz1Yku2Xa7tWmbtc4=
-2,14,OI7F/ymvHI5OCWLNVnYFLMiBGks=,LKv++T+O/idz1Yku2Xa7tWmbtc4=
-3,14,OI7F/ymvHI5OCWLNVnYFLMiBGks=,LKv++T+O/idz1Yku2Xa7tWmbtc4=
-4,14,OI7F/ymvHI5OCWLNVnYFLMiBGks=,LKv++T+O/idz1Yku2Xa7tWmbtc4=
-5,14,OI7F/ymvHI5OCWLNVnYFLMiBGks=,LKv++T+O/idz1Yku2Xa7tWmbtc4=
-6,14,OI7F/ymvHI5OCWLNVnYFLMiBGks=,LKv++T+O/idz1Yku2Xa7tWmbtc4=
-7,14,OI7F/ymvHI5OCWLNVnYFLMiBGks=,LKv++T+O/idz1Yku2Xa7tWmbtc4=
-2,13,OI7F/ymvHI5OCWLNVnYFLMiBGks=,LKv++T+O/idz1Yku2Xa7tWmbtc4=
-3,13,OI7F/ymvHI5OCWLNVnYFLMiBGks=,LKv++T+O/idz1Yku2Xa7tWmbtc4=
-4,13,OI7F/ymvHI5OCWLNVnYFLMiBGks=,LKv++T+O/idz1Yku2Xa7tWmbtc4=
-6,13,OI7F/ymvHI5OCWLNVnYFLMiBGks=,LKv++T+O/idz1Yku2Xa7tWmbtc4=
-2,12,OI7F/ymvHI5OCWLNVnYFLMiBGks=,LKv++T+O/idz1Yku2Xa7tWmbtc4=
-5,13,OI7F/ymvHI5OCWLNVnYFLMiBGks=,LKv++T+O/idz1Yku2Xa7tWmbtc4=
-3,12,OI7F/ymvHI5OCWLNVnYFLMiBGks=,LKv++T+O/idz1Yku2Xa7tWmbtc4=
-5,12,OI7F/ymvHI5OCWLNVnYFLMiBGks=,LKv++T+O/idz1Yku2Xa7tWmbtc4=
-4,12,OI7F/ymvHI5OCWLNVnYFLMiBGks=,LKv++T+O/idz1Yku2Xa7tWmbtc4=
-7,12,OI7F/ymvHI5OCWLNVnYFLMiBGks=,LKv++T+O/idz1Yku2Xa7tWmbtc4=
-6,12,OI7F/ymvHI5OCWLNVnYFLMiBGks=,LKv++T+O/idz1Yku2Xa7tWmbtc4=
-7,13,OI7F/ymvHI5OCWLNVnYFLMiBGks=,LKv++T+O/idz1Yku2Xa7tWmbtc4=
-2,11,OI7F/ymvHI5OCWLNVnYFLMiBGks=,LKv++T+O/idz1Yku2Xa7tWmbtc4=
-3,11,OI7F/ymvHI5OCWLNVnYFLMiBGks=,LKv++T+O/idz1Yku2Xa7tWmbtc4=
-5,11,OI7F/ymvHI5OCWLNVnYFLMiBGks=,LKv++T+O/idz1Yku2Xa7tWmbtc4=
-4,11,OI7F/ymvHI5OCWLNVnYFLMiBGks=,LKv++T+O/idz1Yku2Xa7tWmbtc4=
-6,11,OI7F/ymvHI5OCWLNVnYFLMiBGks=,LKv++T+O/idz1Yku2Xa7tWmbtc4=
-11,1,OI7F/ymvHI5OCWLNVnYFLMiBGks=,zXuTtSOL7pIK/xvlatqlIkTUZ5g=
-13,6,OI7F/ymvHI5OCWLNVnYFLMiBGks=,zXuTtSOL7pIK/xvlatqlIkTUZ5g=
-10,2,OI7F/ymvHI5OCWLNVnYFLMiBGks=,zXuTtSOL7pIK/xvlatqlIkTUZ5g=
-15,4,OI7F/ymvHI5OCWLNVnYFLMiBGks=,zXuTtSOL7pIK/xvlatqlIkTUZ5g=
-11,2,OI7F/ymvHI5OCWLNVnYFLMiBGks=,zXuTtSOL7pIK/xvlatqlIkTUZ5g=
-12,1,OI7F/ymvHI5OCWLNVnYFLMiBGks=,zXuTtSOL7pIK/xvlatqlIkTUZ5g=
-12,2,OI7F/ymvHI5OCWLNVnYFLMiBGks=,zXuTtSOL7pIK/xvlatqlIkTUZ5g=
-13,1,OI7F/ymvHI5OCWLNVnYFLMiBGks=,zXuTtSOL7pIK/xvlatqlIkTUZ5g=
-10,3,OI7F/ymvHI5OCWLNVnYFLMiBGks=,zXuTtSOL7pIK/xvlatqlIkTUZ5g=
-14,1,OI7F/ymvHI5OCWLNVnYFLMiBGks=,zXuTtSOL7pIK/xvlatqlIkTUZ5g=
-13,2,OI7F/ymvHI5OCWLNVnYFLMiBGks=,zXuTtSOL7pIK/xvlatqlIkTUZ5g=
-10,5,OI7F/ymvHI5OCWLNVnYFLMiBGks=,zXuTtSOL7pIK/xvlatqlIkTUZ5g=
-11,3,OI7F/ymvHI5OCWLNVnYFLMiBGks=,zXuTtSOL7pIK/xvlatqlIkTUZ5g=
-11,5,OI7F/ymvHI5OCWLNVnYFLMiBGks=,zXuTtSOL7pIK/xvlatqlIkTUZ5g=
-15,1,OI7F/ymvHI5OCWLNVnYFLMiBGks=,zXuTtSOL7pIK/xvlatqlIkTUZ5g=
-14,2,OI7F/ymvHI5OCWLNVnYFLMiBGks=,zXuTtSOL7pIK/xvlatqlIkTUZ5g=
-10,4,OI7F/ymvHI5OCWLNVnYFLMiBGks=,zXuTtSOL7pIK/xvlatqlIkTUZ5g=
-12,5,OI7F/ymvHI5OCWLNVnYFLMiBGks=,zXuTtSOL7pIK/xvlatqlIkTUZ5g=
-11,4,OI7F/ymvHI5OCWLNVnYFLMiBGks=,zXuTtSOL7pIK/xvlatqlIkTUZ5g=
-15,2,OI7F/ymvHI5OCWLNVnYFLMiBGks=,zXuTtSOL7pIK/xvlatqlIkTUZ5g=
-12,3,OI7F/ymvHI5OCWLNVnYFLMiBGks=,zXuTtSOL7pIK/xvlatqlIkTUZ5g=
-13,4,OI7F/ymvHI5OCWLNVnYFLMiBGks=,zXuTtSOL7pIK/xvlatqlIkTUZ5g=
-12,4,OI7F/ymvHI5OCWLNVnYFLMiBGks=,zXuTtSOL7pIK/xvlatqlIkTUZ5g=
-14,3,OI7F/ymvHI5OCWLNVnYFLMiBGks=,zXuTtSOL7pIK/xvlatqlIkTUZ5g=
-10,6,OI7F/ymvHI5OCWLNVnYFLMiBGks=,zXuTtSOL7pIK/xvlatqlIkTUZ5g=
-10,1,OI7F/ymvHI5OCWLNVnYFLMiBGks=,zXuTtSOL7pIK/xvlatqlIkTUZ5g=
-13,5,OI7F/ymvHI5OCWLNVnYFLMiBGks=,zXuTtSOL7pIK/xvlatqlIkTUZ5g=
-14,4,OI7F/ymvHI5OCWLNVnYFLMiBGks=,zXuTtSOL7pIK/xvlatqlIkTUZ5g=
-11,6,OI7F/ymvHI5OCWLNVnYFLMiBGks=,zXuTtSOL7pIK/xvlatqlIkTUZ5g=
-12,6,OI7F/ymvHI5OCWLNVnYFLMiBGks=,zXuTtSOL7pIK/xvlatqlIkTUZ5g=
-15,3,OI7F/ymvHI5OCWLNVnYFLMiBGks=,zXuTtSOL7pIK/xvlatqlIkTUZ5g=
-13,3,OI7F/ymvHI5OCWLNVnYFLMiBGks=,zXuTtSOL7pIK/xvlatqlIkTUZ5g=
-7,0,OI7F/ymvHI5OCWLNVnYFLMiBGks=,S9nv8w0tFLryFx7NtkHvQhRqx+Y=
-6,0,OI7F/ymvHI5OCWLNVnYFLMiBGks=,S9nv8w0tFLryFx7NtkHvQhRqx+Y=
-5,0,OI7F/ymvHI5OCWLNVnYFLMiBGks=,S9nv8w0tFLryFx7NtkHvQhRqx+Y=
-9,6,OI7F/ymvHI5OCWLNVnYFLMiBGks=,zXuTtSOL7pIK/xvlatqlIkTUZ5g=
-5,6,OI7F/ymvHI5OCWLNVnYFLMiBGks=,S9nv8w0tFLryFx7NtkHvQhRqx+Y=
-4,0,OI7F/ymvHI5OCWLNVnYFLMiBGks=,S9nv8w0tFLryFx7NtkHvQhRqx+Y=
-6,6,OI7F/ymvHI5OCWLNVnYFLMiBGks=,S9nv8w0tFLryFx7NtkHvQhRqx+Y=
-3,0,OI7F/ymvHI5OCWLNVnYFLMiBGks=,S9nv8w0tFLryFx7NtkHvQhRqx+Y=
-7,6,OI7F/ymvHI5OCWLNVnYFLMiBGks=,S9nv8w0tFLryFx7NtkHvQhRqx+Y=
-8,1,OI7F/ymvHI5OCWLNVnYFLMiBGks=,S9nv8w0tFLryFx7NtkHvQhRqx+Y=
-8,6,OI7F/ymvHI5OCWLNVnYFLMiBGks=,S9nv8w0tFLryFx7NtkHvQhRqx+Y=
-7,1,OI7F/ymvHI5OCWLNVnYFLMiBGks=,S9nv8w0tFLryFx7NtkHvQhRqx+Y=
-6,1,OI7F/ymvHI5OCWLNVnYFLMiBGks=,S9nv8w0tFLryFx7NtkHvQhRqx+Y=
-5,1,OI7F/ymvHI5OCWLNVnYFLMiBGks=,S9nv8w0tFLryFx7NtkHvQhRqx+Y=
-4,1,OI7F/ymvHI5OCWLNVnYFLMiBGks=,S9nv8w0tFLryFx7NtkHvQhRqx+Y=
-4,6,OI7F/ymvHI5OCWLNVnYFLMiBGks=,S9nv8w0tFLryFx7NtkHvQhRqx+Y=
-3,6,OI7F/ymvHI5OCWLNVnYFLMiBGks=,S9nv8w0tFLryFx7NtkHvQhRqx+Y=
-2,6,OI7F/ymvHI5OCWLNVnYFLMiBGks=,S9nv8w0tFLryFx7NtkHvQhRqx+Y=
-3,1,OI7F/ymvHI5OCWLNVnYFLMiBGks=,S9nv8w0tFLryFx7NtkHvQhRqx+Y=
-9,1,OI7F/ymvHI5OCWLNVnYFLMiBGks=,zXuTtSOL7pIK/xvlatqlIkTUZ5g=
-1,6,OI7F/ymvHI5OCWLNVnYFLMiBGks=,S9nv8w0tFLryFx7NtkHvQhRqx+Y=
-8,2,OI7F/ymvHI5OCWLNVnYFLMiBGks=,S9nv8w0tFLryFx7NtkHvQhRqx+Y=
-7,2,OI7F/ymvHI5OCWLNVnYFLMiBGks=,S9nv8w0tFLryFx7NtkHvQhRqx+Y=
-7,7,OI7F/ymvHI5OCWLNVnYFLMiBGks=,S9nv8w0tFLryFx7NtkHvQhRqx+Y=
-6,7,OI7F/ymvHI5OCWLNVnYFLMiBGks=,S9nv8w0tFLryFx7NtkHvQhRqx+Y=
-6,2,OI7F/ymvHI5OCWLNVnYFLMiBGks=,S9nv8w0tFLryFx7NtkHvQhRqx+Y=
-5,2,OI7F/ymvHI5OCWLNVnYFLMiBGks=,S9nv8w0tFLryFx7NtkHvQhRqx+Y=
-4,2,OI7F/ymvHI5OCWLNVnYFLMiBGks=,S9nv8w0tFLryFx7NtkHvQhRqx+Y=
-5,7,OI7F/ymvHI5OCWLNVnYFLMiBGks=,S9nv8w0tFLryFx7NtkHvQhRqx+Y=
-4,7,OI7F/ymvHI5OCWLNVnYFLMiBGks=,S9nv8w0tFLryFx7NtkHvQhRqx+Y=
-3,7,OI7F/ymvHI5OCWLNVnYFLMiBGks=,S9nv8w0tFLryFx7NtkHvQhRqx+Y=
-2,7,OI7F/ymvHI5OCWLNVnYFLMiBGks=,S9nv8w0tFLryFx7NtkHvQhRqx+Y=
-3,2,OI7F/ymvHI5OCWLNVnYFLMiBGks=,S9nv8w0tFLryFx7NtkHvQhRqx+Y=
-2,2,OI7F/ymvHI5OCWLNVnYFLMiBGks=,S9nv8w0tFLryFx7NtkHvQhRqx+Y=
-1,2,OI7F/ymvHI5OCWLNVnYFLMiBGks=,S9nv8w0tFLryFx7NtkHvQhRqx+Y=
-8,3,OI7F/ymvHI5OCWLNVnYFLMiBGks=,S9nv8w0tFLryFx7NtkHvQhRqx+Y=
-7,3,OI7F/ymvHI5OCWLNVnYFLMiBGks=,S9nv8w0tFLryFx7NtkHvQhRqx+Y=
-6,3,OI7F/ymvHI5OCWLNVnYFLMiBGks=,S9nv8w0tFLryFx7NtkHvQhRqx+Y=
-5,3,OI7F/ymvHI5OCWLNVnYFLMiBGks=,S9nv8w0tFLryFx7NtkHvQhRqx+Y=
-4,3,OI7F/ymvHI5OCWLNVnYFLMiBGks=,S9nv8w0tFLryFx7NtkHvQhRqx+Y=
-3,3,OI7F/ymvHI5OCWLNVnYFLMiBGks=,S9nv8w0tFLryFx7NtkHvQhRqx+Y=
-2,3,OI7F/ymvHI5OCWLNVnYFLMiBGks=,S9nv8w0tFLryFx7NtkHvQhRqx+Y=
-1,3,OI7F/ymvHI5OCWLNVnYFLMiBGks=,S9nv8w0tFLryFx7NtkHvQhRqx+Y=
-8,4,OI7F/ymvHI5OCWLNVnYFLMiBGks=,S9nv8w0tFLryFx7NtkHvQhRqx+Y=
-7,4,OI7F/ymvHI5OCWLNVnYFLMiBGks=,S9nv8w0tFLryFx7NtkHvQhRqx+Y=
-6,4,OI7F/ymvHI5OCWLNVnYFLMiBGks=,S9nv8w0tFLryFx7NtkHvQhRqx+Y=
-5,4,OI7F/ymvHI5OCWLNVnYFLMiBGks=,S9nv8w0tFLryFx7NtkHvQhRqx+Y=
-4,4,OI7F/ymvHI5OCWLNVnYFLMiBGks=,S9nv8w0tFLryFx7NtkHvQhRqx+Y=
-3,4,OI7F/ymvHI5OCWLNVnYFLMiBGks=,S9nv8w0tFLryFx7NtkHvQhRqx+Y=
-7,8,OI7F/ymvHI5OCWLNVnYFLMiBGks=,LKv++T+O/idz1Yku2Xa7tWmbtc4=
-6,8,OI7F/ymvHI5OCWLNVnYFLMiBGks=,LKv++T+O/idz1Yku2Xa7tWmbtc4=
-2,4,OI7F/ymvHI5OCWLNVnYFLMiBGks=,S9nv8w0tFLryFx7NtkHvQhRqx+Y=
-1,4,OI7F/ymvHI5OCWLNVnYFLMiBGks=,S9nv8w0tFLryFx7NtkHvQhRqx+Y=
-5,8,OI7F/ymvHI5OCWLNVnYFLMiBGks=,LKv++T+O/idz1Yku2Xa7tWmbtc4=
-1,5,OI7F/ymvHI5OCWLNVnYFLMiBGks=,S9nv8w0tFLryFx7NtkHvQhRqx+Y=
-9,5,OI7F/ymvHI5OCWLNVnYFLMiBGks=,zXuTtSOL7pIK/xvlatqlIkTUZ5g=
-4,8,OI7F/ymvHI5OCWLNVnYFLMiBGks=,LKv++T+O/idz1Yku2Xa7tWmbtc4=
-9,2,OI7F/ymvHI5OCWLNVnYFLMiBGks=,zXuTtSOL7pIK/xvlatqlIkTUZ5g=
-8,5,OI7F/ymvHI5OCWLNVnYFLMiBGks=,S9nv8w0tFLryFx7NtkHvQhRqx+Y=
-2,5,OI7F/ymvHI5OCWLNVnYFLMiBGks=,S9nv8w0tFLryFx7NtkHvQhRqx+Y=
-9,4,OI7F/ymvHI5OCWLNVnYFLMiBGks=,zXuTtSOL7pIK/xvlatqlIkTUZ5g=
-3,8,OI7F/ymvHI5OCWLNVnYFLMiBGks=,LKv++T+O/idz1Yku2Xa7tWmbtc4=
-2,8,OI7F/ymvHI5OCWLNVnYFLMiBGks=,LKv++T+O/idz1Yku2Xa7tWmbtc4=
-7,5,OI7F/ymvHI5OCWLNVnYFLMiBGks=,S9nv8w0tFLryFx7NtkHvQhRqx+Y=
-6,5,OI7F/ymvHI5OCWLNVnYFLMiBGks=,S9nv8w0tFLryFx7NtkHvQhRqx+Y=
-5,5,OI7F/ymvHI5OCWLNVnYFLMiBGks=,S9nv8w0tFLryFx7NtkHvQhRqx+Y=
-9,3,OI7F/ymvHI5OCWLNVnYFLMiBGks=,zXuTtSOL7pIK/xvlatqlIkTUZ5g=
-4,5,OI7F/ymvHI5OCWLNVnYFLMiBGks=,S9nv8w0tFLryFx7NtkHvQhRqx+Y=
-3,5,OI7F/ymvHI5OCWLNVnYFLMiBGks=,S9nv8w0tFLryFx7NtkHvQhRqx+Y=
-10,0,OI7F/ymvHI5OCWLNVnYFLMiBGks=,zXuTtSOL7pIK/xvlatqlIkTUZ5g=
-8,0,OI7F/ymvHI5OCWLNVnYFLMiBGks=,S9nv8w0tFLryFx7NtkHvQhRqx+Y=
-14,0,OI7F/ymvHI5OCWLNVnYFLMiBGks=,zXuTtSOL7pIK/xvlatqlIkTUZ5g=
-9,0,OI7F/ymvHI5OCWLNVnYFLMiBGks=,zXuTtSOL7pIK/xvlatqlIkTUZ5g=
-12,0,OI7F/ymvHI5OCWLNVnYFLMiBGks=,zXuTtSOL7pIK/xvlatqlIkTUZ5g=
-15,0,OI7F/ymvHI5OCWLNVnYFLMiBGks=,zXuTtSOL7pIK/xvlatqlIkTUZ5g=
-13,0,OI7F/ymvHI5OCWLNVnYFLMiBGks=,zXuTtSOL7pIK/xvlatqlIkTUZ5g=
-11,0,OI7F/ymvHI5OCWLNVnYFLMiBGks=,zXuTtSOL7pIK/xvlatqlIkTUZ5g=
-14,7,OI7F/ymvHI5OCWLNVnYFLMiBGks=,zXuTtSOL7pIK/xvlatqlIkTUZ5g=
-13,7,OI7F/ymvHI5OCWLNVnYFLMiBGks=,zXuTtSOL7pIK/xvlatqlIkTUZ5g=
-12,7,OI7F/ymvHI5OCWLNVnYFLMiBGks=,zXuTtSOL7pIK/xvlatqlIkTUZ5g=
-11,7,OI7F/ymvHI5OCWLNVnYFLMiBGks=,zXuTtSOL7pIK/xvlatqlIkTUZ5g=
-10,7,OI7F/ymvHI5OCWLNVnYFLMiBGks=,zXuTtSOL7pIK/xvlatqlIkTUZ5g=
-9,7,OI7F/ymvHI5OCWLNVnYFLMiBGks=,zXuTtSOL7pIK/xvlatqlIkTUZ5g=
-9,12,OI7F/ymvHI5OCWLNVnYFLMiBGks=,1wlFmkb9j3EmvvILQP08TlX1ICE=
-10,12,OI7F/ymvHI5OCWLNVnYFLMiBGks=,1wlFmkb9j3EmvvILQP08TlX1ICE=
-8,11,OI7F/ymvHI5OCWLNVnYFLMiBGks=,LKv++T+O/idz1Yku2Xa7tWmbtc4=
-8,7,OI7F/ymvHI5OCWLNVnYFLMiBGks=,S9nv8w0tFLryFx7NtkHvQhRqx+Y=
-13,13,OI7F/ymvHI5OCWLNVnYFLMiBGks=,1wlFmkb9j3EmvvILQP08TlX1ICE=
-8,12,OI7F/ymvHI5OCWLNVnYFLMiBGks=,LKv++T+O/idz1Yku2Xa7tWmbtc4=
-11,13,OI7F/ymvHI5OCWLNVnYFLMiBGks=,1wlFmkb9j3EmvvILQP08TlX1ICE=
-10,13,OI7F/ymvHI5OCWLNVnYFLMiBGks=,1wlFmkb9j3EmvvILQP08TlX1ICE=
-14,12,OI7F/ymvHI5OCWLNVnYFLMiBGks=,1wlFmkb9j3EmvvILQP08TlX1ICE=
-8,13,OI7F/ymvHI5OCWLNVnYFLMiBGks=,LKv++T+O/idz1Yku2Xa7tWmbtc4=
-15,12,OI7F/ymvHI5OCWLNVnYFLMiBGks=,1wlFmkb9j3EmvvILQP08TlX1ICE=
-9,13,OI7F/ymvHI5OCWLNVnYFLMiBGks=,1wlFmkb9j3EmvvILQP08TlX1ICE=
-9,11,OI7F/ymvHI5OCWLNVnYFLMiBGks=,1wlFmkb9j3EmvvILQP08TlX1ICE=
-8,10,OI7F/ymvHI5OCWLNVnYFLMiBGks=,LKv++T+O/idz1Yku2Xa7tWmbtc4=
-8,9,OI7F/ymvHI5OCWLNVnYFLMiBGks=,LKv++T+O/idz1Yku2Xa7tWmbtc4=
-10,11,OI7F/ymvHI5OCWLNVnYFLMiBGks=,1wlFmkb9j3EmvvILQP08TlX1ICE=
-12,14,OI7F/ymvHI5OCWLNVnYFLMiBGks=,1wlFmkb9j3EmvvILQP08TlX1ICE=
-11,14,OI7F/ymvHI5OCWLNVnYFLMiBGks=,1wlFmkb9j3EmvvILQP08TlX1ICE=
-10,14,OI7F/ymvHI5OCWLNVnYFLMiBGks=,1wlFmkb9j3EmvvILQP08TlX1ICE=
-9,14,OI7F/ymvHI5OCWLNVnYFLMiBGks=,1wlFmkb9j3EmvvILQP08TlX1ICE=
-9,10,OI7F/ymvHI5OCWLNVnYFLMiBGks=,1wlFmkb9j3EmvvILQP08TlX1ICE=
-8,14,OI7F/ymvHI5OCWLNVnYFLMiBGks=,LKv++T+O/idz1Yku2Xa7tWmbtc4=
-13,8,OI7F/ymvHI5OCWLNVnYFLMiBGks=,1wlFmkb9j3EmvvILQP08TlX1ICE=
-12,8,OI7F/ymvHI5OCWLNVnYFLMiBGks=,1wlFmkb9j3EmvvILQP08TlX1ICE=
-11,8,OI7F/ymvHI5OCWLNVnYFLMiBGks=,1wlFmkb9j3EmvvILQP08TlX1ICE=
-8,8,OI7F/ymvHI5OCWLNVnYFLMiBGks=,LKv++T+O/idz1Yku2Xa7tWmbtc4=
-10,8,OI7F/ymvHI5OCWLNVnYFLMiBGks=,1wlFmkb9j3EmvvILQP08TlX1ICE=
-10,10,OI7F/ymvHI5OCWLNVnYFLMiBGks=,1wlFmkb9j3EmvvILQP08TlX1ICE=
-9,8,OI7F/ymvHI5OCWLNVnYFLMiBGks=,1wlFmkb9j3EmvvILQP08TlX1ICE=
-9,9,OI7F/ymvHI5OCWLNVnYFLMiBGks=,1wlFmkb9j3EmvvILQP08TlX1ICE=
-11,9,OI7F/ymvHI5OCWLNVnYFLMiBGks=,1wlFmkb9j3EmvvILQP08TlX1ICE=
-10,9,OI7F/ymvHI5OCWLNVnYFLMiBGks=,1wlFmkb9j3EmvvILQP08TlX1ICE=
-12,9,OI7F/ymvHI5OCWLNVnYFLMiBGks=,1wlFmkb9j3EmvvILQP08TlX1ICE=
-7,15,OI7F/ymvHI5OCWLNVnYFLMiBGks=,LKv++T+O/idz1Yku2Xa7tWmbtc4=
-6,15,OI7F/ymvHI5OCWLNVnYFLMiBGks=,LKv++T+O/idz1Yku2Xa7tWmbtc4=
-5,15,OI7F/ymvHI5OCWLNVnYFLMiBGks=,LKv++T+O/idz1Yku2Xa7tWmbtc4=
-4,15,OI7F/ymvHI5OCWLNVnYFLMiBGks=,LKv++T+O/idz1Yku2Xa7tWmbtc4=
-3,15,OI7F/ymvHI5OCWLNVnYFLMiBGks=,LKv++T+O/idz1Yku2Xa7tWmbtc4=
-2,15,OI7F/ymvHI5OCWLNVnYFLMiBGks=,LKv++T+O/idz1Yku2Xa7tWmbtc4=
-11,10,OI7F/ymvHI5OCWLNVnYFLMiBGks=,1wlFmkb9j3EmvvILQP08TlX1ICE=
-8,15,OI7F/ymvHI5OCWLNVnYFLMiBGks=,LKv++T+O/idz1Yku2Xa7tWmbtc4=
-9,15,OI7F/ymvHI5OCWLNVnYFLMiBGks=,1wlFmkb9j3EmvvILQP08TlX1ICE=
-10,15,OI7F/ymvHI5OCWLNVnYFLMiBGks=,1wlFmkb9j3EmvvILQP08TlX1ICE=
-12,15,OI7F/ymvHI5OCWLNVnYFLMiBGks=,1wlFmkb9j3EmvvILQP08TlX1ICE=
-11,15,OI7F/ymvHI5OCWLNVnYFLMiBGks=,1wlFmkb9j3EmvvILQP08TlX1ICE=
-12,13,OI7F/ymvHI5OCWLNVnYFLMiBGks=,1wlFmkb9j3EmvvILQP08TlX1ICE=
-11,12,OI7F/ymvHI5OCWLNVnYFLMiBGks=,1wlFmkb9j3EmvvILQP08TlX1ICE=
-12,12,OI7F/ymvHI5OCWLNVnYFLMiBGks=,1wlFmkb9j3EmvvILQP08TlX1ICE=
-11,11,OI7F/ymvHI5OCWLNVnYFLMiBGks=,1wlFmkb9j3EmvvILQP08TlX1ICE=
-1,11,OI7F/ymvHI5OCWLNVnYFLMiBGks=,LKv++T+O/idz1Yku2Xa7tWmbtc4=
-1,7,OI7F/ymvHI5OCWLNVnYFLMiBGks=,S9nv8w0tFLryFx7NtkHvQhRqx+Y=
-1,12,OI7F/ymvHI5OCWLNVnYFLMiBGks=,LKv++T+O/idz1Yku2Xa7tWmbtc4=
-1,13,OI7F/ymvHI5OCWLNVnYFLMiBGks=,LKv++T+O/idz1Yku2Xa7tWmbtc4=
-1,14,OI7F/ymvHI5OCWLNVnYFLMiBGks=,LKv++T+O/idz1Yku2Xa7tWmbtc4=
-1,10,OI7F/ymvHI5OCWLNVnYFLMiBGks=,LKv++T+O/idz1Yku2Xa7tWmbtc4=
-1,8,OI7F/ymvHI5OCWLNVnYFLMiBGks=,LKv++T+O/idz1Yku2Xa7tWmbtc4=
-1,9,OI7F/ymvHI5OCWLNVnYFLMiBGks=,LKv++T+O/idz1Yku2Xa7tWmbtc4=
-1,15,OI7F/ymvHI5OCWLNVnYFLMiBGks=,LKv++T+O/idz1Yku2Xa7tWmbtc4=
-12,10,OI7F/ymvHI5OCWLNVnYFLMiBGks=,1wlFmkb9j3EmvvILQP08TlX1ICE=
-16,3,OI7F/ymvHI5OCWLNVnYFLMiBGks=,zXuTtSOL7pIK/xvlatqlIkTUZ5g=
-16,10,OI7F/ymvHI5OCWLNVnYFLMiBGks=,1wlFmkb9j3EmvvILQP08TlX1ICE=
-16,11,OI7F/ymvHI5OCWLNVnYFLMiBGks=,1wlFmkb9j3EmvvILQP08TlX1ICE=
-14,5,OI7F/ymvHI5OCWLNVnYFLMiBGks=,zXuTtSOL7pIK/xvlatqlIkTUZ5g=
-16,9,OI7F/ymvHI5OCWLNVnYFLMiBGks=,1wlFmkb9j3EmvvILQP08TlX1ICE=
-13,12,OI7F/ymvHI5OCWLNVnYFLMiBGks=,1wlFmkb9j3EmvvILQP08TlX1ICE=
-14,8,OI7F/ymvHI5OCWLNVnYFLMiBGks=,1wlFmkb9j3EmvvILQP08TlX1ICE=
-16,0,OI7F/ymvHI5OCWLNVnYFLMiBGks=,zXuTtSOL7pIK/xvlatqlIkTUZ5g=
-16,1,OI7F/ymvHI5OCWLNVnYFLMiBGks=,zXuTtSOL7pIK/xvlatqlIkTUZ5g=
-13,14,OI7F/ymvHI5OCWLNVnYFLMiBGks=,1wlFmkb9j3EmvvILQP08TlX1ICE=
-16,2,OI7F/ymvHI5OCWLNVnYFLMiBGks=,zXuTtSOL7pIK/xvlatqlIkTUZ5g=
-15,10,OI7F/ymvHI5OCWLNVnYFLMiBGks=,1wlFmkb9j3EmvvILQP08TlX1ICE=
-15,11,OI7F/ymvHI5OCWLNVnYFLMiBGks=,1wlFmkb9j3EmvvILQP08TlX1ICE=
-14,9,OI7F/ymvHI5OCWLNVnYFLMiBGks=,1wlFmkb9j3EmvvILQP08TlX1ICE=
-15,9,OI7F/ymvHI5OCWLNVnYFLMiBGks=,1wlFmkb9j3EmvvILQP08TlX1ICE=
-13,15,OI7F/ymvHI5OCWLNVnYFLMiBGks=,1wlFmkb9j3EmvvILQP08TlX1ICE=
-12,11,OI7F/ymvHI5OCWLNVnYFLMiBGks=,1wlFmkb9j3EmvvILQP08TlX1ICE=
-16,4,OI7F/ymvHI5OCWLNVnYFLMiBGks=,zXuTtSOL7pIK/xvlatqlIkTUZ5g=
-15,5,OI7F/ymvHI5OCWLNVnYFLMiBGks=,zXuTtSOL7pIK/xvlatqlIkTUZ5g=
-14,6,OI7F/ymvHI5OCWLNVnYFLMiBGks=,zXuTtSOL7pIK/xvlatqlIkTUZ5g=
-14,11,OI7F/ymvHI5OCWLNVnYFLMiBGks=,1wlFmkb9j3EmvvILQP08TlX1ICE=
-13,9,OI7F/ymvHI5OCWLNVnYFLMiBGks=,1wlFmkb9j3EmvvILQP08TlX1ICE=
-16,12,OI7F/ymvHI5OCWLNVnYFLMiBGks=,1wlFmkb9j3EmvvILQP08TlX1ICE=
-13,11,OI7F/ymvHI5OCWLNVnYFLMiBGks=,1wlFmkb9j3EmvvILQP08TlX1ICE=
-16,5,OI7F/ymvHI5OCWLNVnYFLMiBGks=,zXuTtSOL7pIK/xvlatqlIkTUZ5g=
-15,13,OI7F/ymvHI5OCWLNVnYFLMiBGks=,1wlFmkb9j3EmvvILQP08TlX1ICE=
-16,13,OI7F/ymvHI5OCWLNVnYFLMiBGks=,1wlFmkb9j3EmvvILQP08TlX1ICE=
-16,8,OI7F/ymvHI5OCWLNVnYFLMiBGks=,1wlFmkb9j3EmvvILQP08TlX1ICE=
-15,7,OI7F/ymvHI5OCWLNVnYFLMiBGks=,zXuTtSOL7pIK/xvlatqlIkTUZ5g=
-2,1,OI7F/ymvHI5OCWLNVnYFLMiBGks=,S9nv8w0tFLryFx7NtkHvQhRqx+Y=
-1,1,OI7F/ymvHI5OCWLNVnYFLMiBGks=,S9nv8w0tFLryFx7NtkHvQhRqx+Y=
-16,7,OI7F/ymvHI5OCWLNVnYFLMiBGks=,zXuTtSOL7pIK/xvlatqlIkTUZ5g=
-1,0,OI7F/ymvHI5OCWLNVnYFLMiBGks=,S9nv8w0tFLryFx7NtkHvQhRqx+Y=
-2,0,OI7F/ymvHI5OCWLNVnYFLMiBGks=,S9nv8w0tFLryFx7NtkHvQhRqx+Y=
-14,13,OI7F/ymvHI5OCWLNVnYFLMiBGks=,1wlFmkb9j3EmvvILQP08TlX1ICE=
-16,6,OI7F/ymvHI5OCWLNVnYFLMiBGks=,zXuTtSOL7pIK/xvlatqlIkTUZ5g=
-14,10,OI7F/ymvHI5OCWLNVnYFLMiBGks=,1wlFmkb9j3EmvvILQP08TlX1ICE=
-15,8,OI7F/ymvHI5OCWLNVnYFLMiBGks=,1wlFmkb9j3EmvvILQP08TlX1ICE=
-15,15,OI7F/ymvHI5OCWLNVnYFLMiBGks=,1wlFmkb9j3EmvvILQP08TlX1ICE=
-16,14,sKAQQeJ99ahcLw1IS2befhgU1PQ=,1wlFmkb9j3EmvvILQP08TlX1ICE=
-14,15,sKAQQeJ99ahcLw1IS2befhgU1PQ=,1wlFmkb9j3EmvvILQP08TlX1ICE=
-15,14,sKAQQeJ99ahcLw1IS2befhgU1PQ=,1wlFmkb9j3EmvvILQP08TlX1ICE=
-13,10,sKAQQeJ99ahcLw1IS2befhgU1PQ=,1wlFmkb9j3EmvvILQP08TlX1ICE=
-14,14,sKAQQeJ99ahcLw1IS2befhgU1PQ=,1wlFmkb9j3EmvvILQP08TlX1ICE=
-16,15,sKAQQeJ99ahcLw1IS2befhgU1PQ=,1wlFmkb9j3EmvvILQP08TlX1ICE=
-15,6,sKAQQeJ99ahcLw1IS2befhgU1PQ=,zXuTtSOL7pIK/xvlatqlIkTUZ5g=
