35,13,BHjQRnCOrA1/nOcBzyCRGY2h/WM=,k+0dzfppNXuZw30FZLAhTcP1MdI=
35,12,BHjQRnCOrA1/nOcBzyCRGY2h/WM=,k+0dzfppNXuZw30FZLAhTcP1MdI=
33,15,BHjQRnCOrA1/nOcBzyCRGY2h/WM=,k+0dzfppNXuZw30FZLAhTcP1MdI=
35,14,BHjQRnCOrA1/nOcBzyCRGY2h/WM=,k+0dzfppNXuZw30FZLAhTcP1MdI=
33,12,BHjQRnCOrA1/nOcBzyCRGY2h/WM=,k+0dzfppNXuZw30FZLAhTcP1MdI=
34,12,BHjQRnCOrA1/nOcBzyCRGY2h/WM=,k+0dzfppNXuZw30FZLAhTcP1MdI=
35,15,BHjQRnCOrA1/nOcBzyCRGY2h/WM=,k+0dzfppNXuZw30FZLAhTcP1MdI=
34,15,BHjQRnCOrA1/nOcBzyCRGY2h/WM=,k+0dzfppNXuZw30FZLAhTcP1MdI=
34,14,BHjQRnCOrA1/nOcBzyCRGY2h/WM=,k+0dzfppNXuZw30FZLAhTcP1MdI=
34,13,BHjQRnCOrA1/nOcBzyCRGY2h/WM=,k+0dzfppNXuZw30FZLAhTcP1MdI=
32,15,BHjQRnCOrA1/nOcBzyCRGY2h/WM=,k+0dzfppNXuZw30FZLAhTcP1MdI=
32,14,BHjQRnCOrA1/nOcBzyCRGY2h/WM=,k+0dzfppNXuZw30FZLAhTcP1MdI=
32,12,BHjQRnCOrA1/nOcBzyCRGY2h/WM=,k+0dzfppNXuZw30FZLAhTcP1MdI=
33,14,BHjQRnCOrA1/nOcBzyCRGY2h/WM=,k+0dzfppNXuZw30FZLAhTcP1MdI=
32,13,BHjQRnCOrA1/nOcBzyCRGY2h/WM=,k+0dzfppNXuZw30FZLAhTcP1MdI=
33,13,BHjQRnCOrA1/nOcBzyCRGY2h/WM=,k+0dzfppNXuZw30FZLAhTcP1MdI=
41,21,BHjQRnCOrA1/nOcBzyCRGY2h/WM=,6/KiGZb3A+voiIssCPW+n+S3/W0=
41,30,BHjQRnCOrA1/nOcBzyCRGY2h/WM=,lNvhaNEVeABvBQVvZ9xxmLeVYQA=
42,30,BHjQRnCOrA1/nOcBzyCRGY2h/WM=,lNvhaNEVeABvBQVvZ9xxmLeVYQA=
41,29,BHjQRnCOrA1/nOcBzyCRGY2h/WM=,lNvhaNEVeABvBQVvZ9xxmLeVYQA=
42,29,BHjQRnCOrA1/nOcBzyCRGY2h/WM=,lNvhaNEVeABvBQVvZ9xxmLeVYQA=
45,25,BHjQRnCOrA1/nOcBzyCRGY2h/WM=,5LBZgFZwjPbAnCKSlInXkQpAUR4=
46,25,BHjQRnCOrA1/nOcBzyCRGY2h/WM=,5LBZgFZwjPbAnCKSlInXkQpAUR4=
45,26,BHjQRnCOrA1/nOcBzyCRGY2h/WM=,5LBZgFZwjPbAnCKSlInXkQpAUR4=
46,26,BHjQRnCOrA1/nOcBzyCRGY2h/WM=,5LBZgFZwjPbAnCKSlInXkQpAUR4=
42,22,BHjQRnCOrA1/nOcBzyCRGY2h/WM=,6/KiGZb3A+voiIssCPW+n+S3/W0=
41,22,BHjQRnCOrA1/nOcBzyCRGY2h/WM=,6/KiGZb3A+voiIssCPW+n+S3/W0=
42,21,BHjQRnCOrA1/nOcBzyCRGY2h/WM=,6/KiGZb3A+voiIssCPW+n+S3/W0=
38,25,BHjQRnCOrA1/nOcBzyCRGY2h/WM=,kcgQoObQdoWBuJPB1jAG698E3bg=
37,25,BHjQRnCOrA1/nOcBzyCRGY2h/WM=,kcgQoObQdoWBuJPB1jAG698E3bg=
38,26,BHjQRnCOrA1/nOcBzyCRGY2h/WM=,kcgQoObQdoWBuJPB1jAG698E3bg=
37,26,BHjQRnCOrA1/nOcBzyCRGY2h/WM=,kcgQoObQdoWBuJPB1jAG698E3bg=
40,30,BI8HkfvC33bvhQvdh6uts3yMQDc=,lNvhaNEVeABvBQVvZ9xxmLeVYQA=
39,29,BHjQRnCOrA1/nOcBzyCRGY2h/WM=,IQ5jiXIGFMHw1yKDNoqMRW9hS34=
42,28,BHjQRnCOrA1/nOcBzyCRGY2h/WM=,lNvhaNEVeABvBQVvZ9xxmLeVYQA=
40,25,BHjQRnCOrA1/nOcBzyCRGY2h/WM=,6nBKqrNPdECfKcWZ2c50HJPZx8E=
42,27,BHjQRnCOrA1/nOcBzyCRGY2h/WM=,6nBKqrNPdECfKcWZ2c50HJPZx8E=
39,25,BHjQRnCOrA1/nOcBzyCRGY2h/WM=,kcgQoObQdoWBuJPB1jAG698E3bg=
44,25,BI8HkfvC33bvhQvdh6uts3yMQDc=,5LBZgFZwjPbAnCKSlInXkQpAUR4=
44,26,BHjQRnCOrA1/nOcBzyCRGY2h/WM=,5LBZgFZwjPbAnCKSlInXkQpAUR4=
41,23,BHjQRnCOrA1/nOcBzyCRGY2h/WM=,6/KiGZb3A+voiIssCPW+n+S3/W0=
41,24,BHjQRnCOrA1/nOcBzyCRGY2h/WM=,6nBKqrNPdECfKcWZ2c50HJPZx8E=
42,24,BHjQRnCOrA1/nOcBzyCRGY2h/WM=,6nBKqrNPdECfKcWZ2c50HJPZx8E=
41,28,BI8HkfvC33bvhQvdh6uts3yMQDc=,lNvhaNEVeABvBQVvZ9xxmLeVYQA=
42,23,BHjQRnCOrA1/nOcBzyCRGY2h/WM=,6/KiGZb3A+voiIssCPW+n+S3/W0=
43,26,BHjQRnCOrA1/nOcBzyCRGY2h/WM=,6nBKqrNPdECfKcWZ2c50HJPZx8E=
39,26,BI8HkfvC33bvhQvdh6uts3yMQDc=,kcgQoObQdoWBuJPB1jAG698E3bg=
38,31,BI8HkfvC33bvhQvdh6uts3yMQDc=,IQ5jiXIGFMHw1yKDNoqMRW9hS34=
37,31,BI8HkfvC33bvhQvdh6uts3yMQDc=,IQ5jiXIGFMHw1yKDNoqMRW9hS34=
36,26,BI8HkfvC33bvhQvdh6uts3yMQDc=,kcgQoObQdoWBuJPB1jAG698E3bg=
36,25,BI8HkfvC33bvhQvdh6uts3yMQDc=,kcgQoObQdoWBuJPB1jAG698E3bg=
37,27,BHjQRnCOrA1/nOcBzyCRGY2h/WM=,kcgQoObQdoWBuJPB1jAG698E3bg=
37,28,BHjQRnCOrA1/nOcBzyCRGY2h/WM=,IQ5jiXIGFMHw1yKDNoqMRW9hS34=
38,27,BHjQRnCOrA1/nOcBzyCRGY2h/WM=,kcgQoObQdoWBuJPB1jAG698E3bg=
44,21,BI8HkfvC33bvhQvdh6uts3yMQDc=,Purjyd87wF6C646bjV8xeUJBNlg=
44,24,BI8HkfvC33bvhQvdh6uts3yMQDc=,5LBZgFZwjPbAnCKSlInXkQpAUR4=
45,21,BI8HkfvC33bvhQvdh6uts3yMQDc=,Purjyd87wF6C646bjV8xeUJBNlg=
46,21,BI8HkfvC33bvhQvdh6uts3yMQDc=,Purjyd87wF6C646bjV8xeUJBNlg=
40,26,BI8HkfvC33bvhQvdh6uts3yMQDc=,6nBKqrNPdECfKcWZ2c50HJPZx8E=
45,24,BI8HkfvC33bvhQvdh6uts3yMQDc=,5LBZgFZwjPbAnCKSlInXkQpAUR4=
41,27,BI8HkfvC33bvhQvdh6uts3yMQDc=,6nBKqrNPdECfKcWZ2c50HJPZx8E=
39,30,BHjQRnCOrA1/nOcBzyCRGY2h/WM=,IQ5jiXIGFMHw1yKDNoqMRW9hS34=
38,30,BHjQRnCOrA1/nOcBzyCRGY2h/WM=,IQ5jiXIGFMHw1yKDNoqMRW9hS34=
46,20,BI8HkfvC33bvhQvdh6uts3yMQDc=,Purjyd87wF6C646bjV8xeUJBNlg=
37,30,BHjQRnCOrA1/nOcBzyCRGY2h/WM=,IQ5jiXIGFMHw1yKDNoqMRW9hS34=
40,29,BHjQRnCOrA1/nOcBzyCRGY2h/WM=,lNvhaNEVeABvBQVvZ9xxmLeVYQA=
43,22,BI8HkfvC33bvhQvdh6uts3yMQDc=,6/KiGZb3A+voiIssCPW+n+S3/W0=
45,20,BI8HkfvC33bvhQvdh6uts3yMQDc=,Purjyd87wF6C646bjV8xeUJBNlg=
43,21,BI8HkfvC33bvhQvdh6uts3yMQDc=,6/KiGZb3A+voiIssCPW+n+S3/W0=
41,26,BI8HkfvC33bvhQvdh6uts3yMQDc=,6nBKqrNPdECfKcWZ2c50HJPZx8E=
46,22,BI8HkfvC33bvhQvdh6uts3yMQDc=,Purjyd87wF6C646bjV8xeUJBNlg=
47,26,BI8HkfvC33bvhQvdh6uts3yMQDc=,5LBZgFZwjPbAnCKSlInXkQpAUR4=
47,25,BI8HkfvC33bvhQvdh6uts3yMQDc=,5LBZgFZwjPbAnCKSlInXkQpAUR4=
43,23,BI8HkfvC33bvhQvdh6uts3yMQDc=,6/KiGZb3A+voiIssCPW+n+S3/W0=
40,28,BI8HkfvC33bvhQvdh6uts3yMQDc=,lNvhaNEVeABvBQVvZ9xxmLeVYQA=
44,22,BI8HkfvC33bvhQvdh6uts3yMQDc=,Purjyd87wF6C646bjV8xeUJBNlg=
45,22,BI8HkfvC33bvhQvdh6uts3yMQDc=,Purjyd87wF6C646bjV8xeUJBNlg=
38,29,BI8HkfvC33bvhQvdh6uts3yMQDc=,IQ5jiXIGFMHw1yKDNoqMRW9hS34=
38,28,BI8HkfvC33bvhQvdh6uts3yMQDc=,IQ5jiXIGFMHw1yKDNoqMRW9hS34=
43,24,BI8HkfvC33bvhQvdh6uts3yMQDc=,6nBKqrNPdECfKcWZ2c50HJPZx8E=
43,25,BI8HkfvC33bvhQvdh6uts3yMQDc=,6nBKqrNPdECfKcWZ2c50HJPZx8E=
44,23,BI8HkfvC33bvhQvdh6uts3yMQDc=,Purjyd87wF6C646bjV8xeUJBNlg=
34,28,BI8HkfvC33bvhQvdh6uts3yMQDc=,bJBLUtDGhd1+lqIvuAM77xo/3yY=
36,30,BI8HkfvC33bvhQvdh6uts3yMQDc=,IQ5jiXIGFMHw1yKDNoqMRW9hS34=
35,31,BI8HkfvC33bvhQvdh6uts3yMQDc=,bJBLUtDGhd1+lqIvuAM77xo/3yY=
42,25,BI8HkfvC33bvhQvdh6uts3yMQDc=,6nBKqrNPdECfKcWZ2c50HJPZx8E=
36,27,BI8HkfvC33bvhQvdh6uts3yMQDc=,kcgQoObQdoWBuJPB1jAG698E3bg=
36,31,BI8HkfvC33bvhQvdh6uts3yMQDc=,IQ5jiXIGFMHw1yKDNoqMRW9hS34=
33,28,BI8HkfvC33bvhQvdh6uts3yMQDc=,bJBLUtDGhd1+lqIvuAM77xo/3yY=
33,29,BI8HkfvC33bvhQvdh6uts3yMQDc=,bJBLUtDGhd1+lqIvuAM77xo/3yY=
33,31,BI8HkfvC33bvhQvdh6uts3yMQDc=,bJBLUtDGhd1+lqIvuAM77xo/3yY=
34,31,BI8HkfvC33bvhQvdh6uts3yMQDc=,bJBLUtDGhd1+lqIvuAM77xo/3yY=
32,29,BI8HkfvC33bvhQvdh6uts3yMQDc=,bJBLUtDGhd1+lqIvuAM77xo/3yY=
32,28,BI8HkfvC33bvhQvdh6uts3yMQDc=,bJBLUtDGhd1+lqIvuAM77xo/3yY=
40,23,BI8HkfvC33bvhQvdh6uts3yMQDc=,6/KiGZb3A+voiIssCPW+n+S3/W0=
38,24,BI8HkfvC33bvhQvdh6uts3yMQDc=,kcgQoObQdoWBuJPB1jAG698E3bg=
40,21,BI8HkfvC33bvhQvdh6uts3yMQDc=,6/KiGZb3A+voiIssCPW+n+S3/W0=
40,24,BI8HkfvC33bvhQvdh6uts3yMQDc=,6nBKqrNPdECfKcWZ2c50HJPZx8E=
35,30,BI8HkfvC33bvhQvdh6uts3yMQDc=,bJBLUtDGhd1+lqIvuAM77xo/3yY=
41,25,BI8HkfvC33bvhQvdh6uts3yMQDc=,6nBKqrNPdECfKcWZ2c50HJPZx8E=
40,22,BI8HkfvC33bvhQvdh6uts3yMQDc=,6/KiGZb3A+voiIssCPW+n+S3/W0=
39,24,BI8HkfvC33bvhQvdh6uts3yMQDc=,kcgQoObQdoWBuJPB1jAG698E3bg=
37,24,BI8HkfvC33bvhQvdh6uts3yMQDc=,kcgQoObQdoWBuJPB1jAG698E3bg=
42,20,BI8HkfvC33bvhQvdh6uts3yMQDc=,6/KiGZb3A+voiIssCPW+n+S3/W0=
43,20,BI8HkfvC33bvhQvdh6uts3yMQDc=,6/KiGZb3A+voiIssCPW+n+S3/W0=
44,20,BI8HkfvC33bvhQvdh6uts3yMQDc=,Purjyd87wF6C646bjV8xeUJBNlg=
41,20,BI8HkfvC33bvhQvdh6uts3yMQDc=,6/KiGZb3A+voiIssCPW+n+S3/W0=
36,28,BI8HkfvC33bvhQvdh6uts3yMQDc=,IQ5jiXIGFMHw1yKDNoqMRW9hS34=
40,20,BI8HkfvC33bvhQvdh6uts3yMQDc=,6/KiGZb3A+voiIssCPW+n+S3/W0=
40,31,BI8HkfvC33bvhQvdh6uts3yMQDc=,lNvhaNEVeABvBQVvZ9xxmLeVYQA=
41,31,BI8HkfvC33bvhQvdh6uts3yMQDc=,lNvhaNEVeABvBQVvZ9xxmLeVYQA=
42,31,BI8HkfvC33bvhQvdh6uts3yMQDc=,lNvhaNEVeABvBQVvZ9xxmLeVYQA=
39,31,BI8HkfvC33bvhQvdh6uts3yMQDc=,IQ5jiXIGFMHw1yKDNoqMRW9hS34=
43,28,BI8HkfvC33bvhQvdh6uts3yMQDc=,lNvhaNEVeABvBQVvZ9xxmLeVYQA=
37,29,BI8HkfvC33bvhQvdh6uts3yMQDc=,IQ5jiXIGFMHw1yKDNoqMRW9hS34=
43,31,BI8HkfvC33bvhQvdh6uts3yMQDc=,lNvhaNEVeABvBQVvZ9xxmLeVYQA=
36,24,BI8HkfvC33bvhQvdh6uts3yMQDc=,kcgQoObQdoWBuJPB1jAG698E3bg=
47,27,BI8HkfvC33bvhQvdh6uts3yMQDc=,5LBZgFZwjPbAnCKSlInXkQpAUR4=
34,30,BI8HkfvC33bvhQvdh6uts3yMQDc=,bJBLUtDGhd1+lqIvuAM77xo/3yY=
43,29,BI8HkfvC33bvhQvdh6uts3yMQDc=,lNvhaNEVeABvBQVvZ9xxmLeVYQA=
43,27,BI8HkfvC33bvhQvdh6uts3yMQDc=,6nBKqrNPdECfKcWZ2c50HJPZx8E=
46,27,BI8HkfvC33bvhQvdh6uts3yMQDc=,5LBZgFZwjPbAnCKSlInXkQpAUR4=
45,27,BI8HkfvC33bvhQvdh6uts3yMQDc=,5LBZgFZwjPbAnCKSlInXkQpAUR4=
44,27,BI8HkfvC33bvhQvdh6uts3yMQDc=,5LBZgFZwjPbAnCKSlInXkQpAUR4=
43,30,BI8HkfvC33bvhQvdh6uts3yMQDc=,lNvhaNEVeABvBQVvZ9xxmLeVYQA=
34,29,BI8HkfvC33bvhQvdh6uts3yMQDc=,bJBLUtDGhd1+lqIvuAM77xo/3yY=
35,28,BI8HkfvC33bvhQvdh6uts3yMQDc=,bJBLUtDGhd1+lqIvuAM77xo/3yY=
47,21,BI8HkfvC33bvhQvdh6uts3yMQDc=,Purjyd87wF6C646bjV8xeUJBNlg=
47,20,BI8HkfvC33bvhQvdh6uts3yMQDc=,Purjyd87wF6C646bjV8xeUJBNlg=
47,22,BI8HkfvC33bvhQvdh6uts3yMQDc=,Purjyd87wF6C646bjV8xeUJBNlg=
32,31,BI8HkfvC33bvhQvdh6uts3yMQDc=,bJBLUtDGhd1+lqIvuAM77xo/3yY=
39,28,BI8HkfvC33bvhQvdh6uts3yMQDc=,IQ5jiXIGFMHw1yKDNoqMRW9hS34=
35,29,BI8HkfvC33bvhQvdh6uts3yMQDc=,bJBLUtDGhd1+lqIvuAM77xo/3yY=
42,26,BI8HkfvC33bvhQvdh6uts3yMQDc=,6nBKqrNPdECfKcWZ2c50HJPZx8E=
47,24,BI8HkfvC33bvhQvdh6uts3yMQDc=,5LBZgFZwjPbAnCKSlInXkQpAUR4=
46,24,BI8HkfvC33bvhQvdh6uts3yMQDc=,5LBZgFZwjPbAnCKSlInXkQpAUR4=
32,30,BI8HkfvC33bvhQvdh6uts3yMQDc=,bJBLUtDGhd1+lqIvuAM77xo/3yY=
33,30,BI8HkfvC33bvhQvdh6uts3yMQDc=,bJBLUtDGhd1+lqIvuAM77xo/3yY=
45,23,BI8HkfvC33bvhQvdh6uts3yMQDc=,Purjyd87wF6C646bjV8xeUJBNlg=
40,27,BI8HkfvC33bvhQvdh6uts3yMQDc=,6nBKqrNPdECfKcWZ2c50HJPZx8E=
36,29,BI8HkfvC33bvhQvdh6uts3yMQDc=,IQ5jiXIGFMHw1yKDNoqMRW9hS34=
39,27,BI8HkfvC33bvhQvdh6uts3yMQDc=,kcgQoObQdoWBuJPB1jAG698E3bg=
47,23,BI8HkfvC33bvhQvdh6uts3yMQDc=,Purjyd87wF6C646bjV8xeUJBNlg=
46,23,BI8HkfvC33bvhQvdh6uts3yMQDc=,Purjyd87wF6C646bjV8xeUJBNlg=
57,19,i/o8e7NbFEaG9oM4yeODhz0VdIQ=,hxHoyRfFYG4nq4ZTLl3lhJ+P5ds=
58,19,i/o8e7NbFEaG9oM4yeODhz0VdIQ=,hxHoyRfFYG4nq4ZTLl3lhJ+P5ds=
57,18,i/o8e7NbFEaG9oM4yeODhz0VdIQ=,hxHoyRfFYG4nq4ZTLl3lhJ+P5ds=
58,17,i/o8e7NbFEaG9oM4yeODhz0VdIQ=,hxHoyRfFYG4nq4ZTLl3lhJ+P5ds=
58,18,i/o8e7NbFEaG9oM4yeODhz0VdIQ=,hxHoyRfFYG4nq4ZTLl3lhJ+P5ds=
57,17,i/o8e7NbFEaG9oM4yeODhz0VdIQ=,hxHoyRfFYG4nq4ZTLl3lhJ+P5ds=
56,17,i/o8e7NbFEaG9oM4yeODhz0VdIQ=,hxHoyRfFYG4nq4ZTLl3lhJ+P5ds=
55,17,i/o8e7NbFEaG9oM4yeODhz0VdIQ=,+apMdXhqia+Xe3oDLLiJRIPWbCc=
55,18,i/o8e7NbFEaG9oM4yeODhz0VdIQ=,+apMdXhqia+Xe3oDLLiJRIPWbCc=
54,18,i/o8e7NbFEaG9oM4yeODhz0VdIQ=,+apMdXhqia+Xe3oDLLiJRIPWbCc=
56,18,i/o8e7NbFEaG9oM4yeODhz0VdIQ=,hxHoyRfFYG4nq4ZTLl3lhJ+P5ds=
54,22,i/o8e7NbFEaG9oM4yeODhz0VdIQ=,Tp7cUy+EaRSRSyobfbGjPGU21ww=
55,21,i/o8e7NbFEaG9oM4yeODhz0VdIQ=,Tp7cUy+EaRSRSyobfbGjPGU21ww=
54,21,i/o8e7NbFEaG9oM4yeODhz0VdIQ=,Tp7cUy+EaRSRSyobfbGjPGU21ww=
53,22,i/o8e7NbFEaG9oM4yeODhz0VdIQ=,Tp7cUy+EaRSRSyobfbGjPGU21ww=
55,20,i/o8e7NbFEaG9oM4yeODhz0VdIQ=,Tp7cUy+EaRSRSyobfbGjPGU21ww=
54,20,i/o8e7NbFEaG9oM4yeODhz0VdIQ=,Tp7cUy+EaRSRSyobfbGjPGU21ww=
55,23,i/o8e7NbFEaG9oM4yeODhz0VdIQ=,Tp7cUy+EaRSRSyobfbGjPGU21ww=
54,23,i/o8e7NbFEaG9oM4yeODhz0VdIQ=,Tp7cUy+EaRSRSyobfbGjPGU21ww=
53,23,i/o8e7NbFEaG9oM4yeODhz0VdIQ=,Tp7cUy+EaRSRSyobfbGjPGU21ww=
55,19,i/o8e7NbFEaG9oM4yeODhz0VdIQ=,+apMdXhqia+Xe3oDLLiJRIPWbCc=
54,19,i/o8e7NbFEaG9oM4yeODhz0VdIQ=,+apMdXhqia+Xe3oDLLiJRIPWbCc=
56,19,i/o8e7NbFEaG9oM4yeODhz0VdIQ=,hxHoyRfFYG4nq4ZTLl3lhJ+P5ds=
55,22,i/o8e7NbFEaG9oM4yeODhz0VdIQ=,Tp7cUy+EaRSRSyobfbGjPGU21ww=
59,17,i/o8e7NbFEaG9oM4yeODhz0VdIQ=,hxHoyRfFYG4nq4ZTLl3lhJ+P5ds=
59,18,i/o8e7NbFEaG9oM4yeODhz0VdIQ=,hxHoyRfFYG4nq4ZTLl3lhJ+P5ds=
52,16,i/o8e7NbFEaG9oM4yeODhz0VdIQ=,+apMdXhqia+Xe3oDLLiJRIPWbCc=
59,19,i/o8e7NbFEaG9oM4yeODhz0VdIQ=,hxHoyRfFYG4nq4ZTLl3lhJ+P5ds=
53,17,i/o8e7NbFEaG9oM4yeODhz0VdIQ=,+apMdXhqia+Xe3oDLLiJRIPWbCc=
52,23,i/o8e7NbFEaG9oM4yeODhz0VdIQ=,Tp7cUy+EaRSRSyobfbGjPGU21ww=
50,23,i/o8e7NbFEaG9oM4yeODhz0VdIQ=,8bhoZXSdY1QBILLzaZMsJoKW6Zw=
48,20,i/o8e7NbFEaG9oM4yeODhz0VdIQ=,8bhoZXSdY1QBILLzaZMsJoKW6Zw=
52,22,i/o8e7NbFEaG9oM4yeODhz0VdIQ=,Tp7cUy+EaRSRSyobfbGjPGU21ww=
51,23,i/o8e7NbFEaG9oM4yeODhz0VdIQ=,8bhoZXSdY1QBILLzaZMsJoKW6Zw=
48,21,i/o8e7NbFEaG9oM4yeODhz0VdIQ=,8bhoZXSdY1QBILLzaZMsJoKW6Zw=
49,20,i/o8e7NbFEaG9oM4yeODhz0VdIQ=,8bhoZXSdY1QBILLzaZMsJoKW6Zw=
49,21,i/o8e7NbFEaG9oM4yeODhz0VdIQ=,8bhoZXSdY1QBILLzaZMsJoKW6Zw=
51,22,i/o8e7NbFEaG9oM4yeODhz0VdIQ=,8bhoZXSdY1QBILLzaZMsJoKW6Zw=
53,18,i/o8e7NbFEaG9oM4yeODhz0VdIQ=,+apMdXhqia+Xe3oDLLiJRIPWbCc=
57,16,i/o8e7NbFEaG9oM4yeODhz0VdIQ=,hxHoyRfFYG4nq4ZTLl3lhJ+P5ds=
53,16,i/o8e7NbFEaG9oM4yeODhz0VdIQ=,+apMdXhqia+Xe3oDLLiJRIPWbCc=
58,16,i/o8e7NbFEaG9oM4yeODhz0VdIQ=,hxHoyRfFYG4nq4ZTLl3lhJ+P5ds=
56,16,i/o8e7NbFEaG9oM4yeODhz0VdIQ=,hxHoyRfFYG4nq4ZTLl3lhJ+P5ds=
59,16,i/o8e7NbFEaG9oM4yeODhz0VdIQ=,hxHoyRfFYG4nq4ZTLl3lhJ+P5ds=
50,20,i/o8e7NbFEaG9oM4yeODhz0VdIQ=,8bhoZXSdY1QBILLzaZMsJoKW6Zw=
52,17,i/o8e7NbFEaG9oM4yeODhz0VdIQ=,+apMdXhqia+Xe3oDLLiJRIPWbCc=
53,21,i/o8e7NbFEaG9oM4yeODhz0VdIQ=,Tp7cUy+EaRSRSyobfbGjPGU21ww=
53,20,i/o8e7NbFEaG9oM4yeODhz0VdIQ=,Tp7cUy+EaRSRSyobfbGjPGU21ww=
48,22,i/o8e7NbFEaG9oM4yeODhz0VdIQ=,8bhoZXSdY1QBILLzaZMsJoKW6Zw=
52,19,i/o8e7NbFEaG9oM4yeODhz0VdIQ=,+apMdXhqia+Xe3oDLLiJRIPWbCc=
51,20,i/o8e7NbFEaG9oM4yeODhz0VdIQ=,8bhoZXSdY1QBILLzaZMsJoKW6Zw=
54,17,i/o8e7NbFEaG9oM4yeODhz0VdIQ=,+apMdXhqia+Xe3oDLLiJRIPWbCc=
50,22,i/o8e7NbFEaG9oM4yeODhz0VdIQ=,8bhoZXSdY1QBILLzaZMsJoKW6Zw=
54,16,i/o8e7NbFEaG9oM4yeODhz0VdIQ=,+apMdXhqia+Xe3oDLLiJRIPWbCc=
49,23,i/o8e7NbFEaG9oM4yeODhz0VdIQ=,8bhoZXSdY1QBILLzaZMsJoKW6Zw=
50,21,i/o8e7NbFEaG9oM4yeODhz0VdIQ=,8bhoZXSdY1QBILLzaZMsJoKW6Zw=
53,19,i/o8e7NbFEaG9oM4yeODhz0VdIQ=,+apMdXhqia+Xe3oDLLiJRIPWbCc=
52,18,i/o8e7NbFEaG9oM4yeODhz0VdIQ=,+apMdXhqia+Xe3oDLLiJRIPWbCc=
51,21,i/o8e7NbFEaG9oM4yeODhz0VdIQ=,8bhoZXSdY1QBILLzaZMsJoKW6Zw=
52,21,i/o8e7NbFEaG9oM4yeODhz0VdIQ=,Tp7cUy+EaRSRSyobfbGjPGU21ww=
48,23,i/o8e7NbFEaG9oM4yeODhz0VdIQ=,8bhoZXSdY1QBILLzaZMsJoKW6Zw=
49,22,i/o8e7NbFEaG9oM4yeODhz0VdIQ=,8bhoZXSdY1QBILLzaZMsJoKW6Zw=
55,16,i/o8e7NbFEaG9oM4yeODhz0VdIQ=,+apMdXhqia+Xe3oDLLiJRIPWbCc=
52,20,i/o8e7NbFEaG9oM4yeODhz0VdIQ=,Tp7cUy+EaRSRSyobfbGjPGU21ww=
57,13,i/o8e7NbFEaG9oM4yeODhz0VdIQ=,MGbXIDWkcub6fs378SOHw8U8ZdI=
61,9,i/o8e7NbFEaG9oM4yeODhz0VdIQ=,Z29I727WMSVhdm7XcWo/3gAtTHk=
62,10,i/o8e7NbFEaG9oM4yeODhz0VdIQ=,Z29I727WMSVhdm7XcWo/3gAtTHk=
62,9,i/o8e7NbFEaG9oM4yeODhz0VdIQ=,Z29I727WMSVhdm7XcWo/3gAtTHk=
61,10,i/o8e7NbFEaG9oM4yeODhz0VdIQ=,Z29I727WMSVhdm7XcWo/3gAtTHk=
62,12,i/o8e7NbFEaG9oM4yeODhz0VdIQ=,wNhaL6olQckN2RisRpg0RoE+n50=
62,11,i/o8e7NbFEaG9oM4yeODhz0VdIQ=,Z29I727WMSVhdm7XcWo/3gAtTHk=
62,14,i/o8e7NbFEaG9oM4yeODhz0VdIQ=,wNhaL6olQckN2RisRpg0RoE+n50=
61,14,i/o8e7NbFEaG9oM4yeODhz0VdIQ=,wNhaL6olQckN2RisRpg0RoE+n50=
60,14,i/o8e7NbFEaG9oM4yeODhz0VdIQ=,wNhaL6olQckN2RisRpg0RoE+n50=
62,13,i/o8e7NbFEaG9oM4yeODhz0VdIQ=,wNhaL6olQckN2RisRpg0RoE+n50=
61,13,i/o8e7NbFEaG9oM4yeODhz0VdIQ=,wNhaL6olQckN2RisRpg0RoE+n50=
59,11,i/o8e7NbFEaG9oM4yeODhz0VdIQ=,dd+cwPfdchzY6qNuaPWmXIcFXMc=
58,10,i/o8e7NbFEaG9oM4yeODhz0VdIQ=,dd+cwPfdchzY6qNuaPWmXIcFXMc=
57,10,i/o8e7NbFEaG9oM4yeODhz0VdIQ=,dd+cwPfdchzY6qNuaPWmXIcFXMc=
57,9,i/o8e7NbFEaG9oM4yeODhz0VdIQ=,dd+cwPfdchzY6qNuaPWmXIcFXMc=
56,10,i/o8e7NbFEaG9oM4yeODhz0VdIQ=,dd+cwPfdchzY6qNuaPWmXIcFXMc=
56,9,i/o8e7NbFEaG9oM4yeODhz0VdIQ=,dd+cwPfdchzY6qNuaPWmXIcFXMc=
58,12,i/o8e7NbFEaG9oM4yeODhz0VdIQ=,MGbXIDWkcub6fs378SOHw8U8ZdI=
58,11,i/o8e7NbFEaG9oM4yeODhz0VdIQ=,dd+cwPfdchzY6qNuaPWmXIcFXMc=
57,11,i/o8e7NbFEaG9oM4yeODhz0VdIQ=,dd+cwPfdchzY6qNuaPWmXIcFXMc=
59,12,i/o8e7NbFEaG9oM4yeODhz0VdIQ=,MGbXIDWkcub6fs378SOHw8U8ZdI=
59,10,i/o8e7NbFEaG9oM4yeODhz0VdIQ=,dd+cwPfdchzY6qNuaPWmXIcFXMc=
58,13,i/o8e7NbFEaG9oM4yeODhz0VdIQ=,MGbXIDWkcub6fs378SOHw8U8ZdI=
57,12,i/o8e7NbFEaG9oM4yeODhz0VdIQ=,MGbXIDWkcub6fs378SOHw8U8ZdI=
62,8,i/o8e7NbFEaG9oM4yeODhz0VdIQ=,Z29I727WMSVhdm7XcWo/3gAtTHk=
61,8,i/o8e7NbFEaG9oM4yeODhz0VdIQ=,Z29I727WMSVhdm7XcWo/3gAtTHk=
59,13,i/o8e7NbFEaG9oM4yeODhz0VdIQ=,MGbXIDWkcub6fs378SOHw8U8ZdI=
61,12,i/o8e7NbFEaG9oM4yeODhz0VdIQ=,wNhaL6olQckN2RisRpg0RoE+n50=
60,8,i/o8e7NbFEaG9oM4yeODhz0VdIQ=,Z29I727WMSVhdm7XcWo/3gAtTHk=
58,6,i/o8e7NbFEaG9oM4yeODhz0VdIQ=,8EkzS5CzVxC5PJ1gtmkzjxB9trQ=
58,5,i/o8e7NbFEaG9oM4yeODhz0VdIQ=,8EkzS5CzVxC5PJ1gtmkzjxB9trQ=
61,11,i/o8e7NbFEaG9oM4yeODhz0VdIQ=,Z29I727WMSVhdm7XcWo/3gAtTHk=
57,5,i/o8e7NbFEaG9oM4yeODhz0VdIQ=,8EkzS5CzVxC5PJ1gtmkzjxB9trQ=
58,4,i/o8e7NbFEaG9oM4yeODhz0VdIQ=,8EkzS5CzVxC5PJ1gtmkzjxB9trQ=
57,4,i/o8e7NbFEaG9oM4yeODhz0VdIQ=,8EkzS5CzVxC5PJ1gtmkzjxB9trQ=
59,7,i/o8e7NbFEaG9oM4yeODhz0VdIQ=,8EkzS5CzVxC5PJ1gtmkzjxB9trQ=
58,7,i/o8e7NbFEaG9oM4yeODhz0VdIQ=,8EkzS5CzVxC5PJ1gtmkzjxB9trQ=
59,5,i/o8e7NbFEaG9oM4yeODhz0VdIQ=,8EkzS5CzVxC5PJ1gtmkzjxB9trQ=
59,6,i/o8e7NbFEaG9oM4yeODhz0VdIQ=,8EkzS5CzVxC5PJ1gtmkzjxB9trQ=
60,9,i/o8e7NbFEaG9oM4yeODhz0VdIQ=,Z29I727WMSVhdm7XcWo/3gAtTHk=
59,8,i/o8e7NbFEaG9oM4yeODhz0VdIQ=,dd+cwPfdchzY6qNuaPWmXIcFXMc=
60,10,i/o8e7NbFEaG9oM4yeODhz0VdIQ=,Z29I727WMSVhdm7XcWo/3gAtTHk=
60,13,i/o8e7NbFEaG9oM4yeODhz0VdIQ=,wNhaL6olQckN2RisRpg0RoE+n50=
60,11,i/o8e7NbFEaG9oM4yeODhz0VdIQ=,Z29I727WMSVhdm7XcWo/3gAtTHk=
56,14,i/o8e7NbFEaG9oM4yeODhz0VdIQ=,MGbXIDWkcub6fs378SOHw8U8ZdI=
56,11,i/o8e7NbFEaG9oM4yeODhz0VdIQ=,dd+cwPfdchzY6qNuaPWmXIcFXMc=
56,12,i/o8e7NbFEaG9oM4yeODhz0VdIQ=,MGbXIDWkcub6fs378SOHw8U8ZdI=
52,12,i/o8e7NbFEaG9oM4yeODhz0VdIQ=,vdxOKo6GVkTQXK+mOcvDC/lt7X4=
52,13,i/o8e7NbFEaG9oM4yeODhz0VdIQ=,vdxOKo6GVkTQXK+mOcvDC/lt7X4=
53,12,i/o8e7NbFEaG9oM4yeODhz0VdIQ=,vdxOKo6GVkTQXK+mOcvDC/lt7X4=
53,13,i/o8e7NbFEaG9oM4yeODhz0VdIQ=,vdxOKo6GVkTQXK+mOcvDC/lt7X4=
54,13,i/o8e7NbFEaG9oM4yeODhz0VdIQ=,vdxOKo6GVkTQXK+mOcvDC/lt7X4=
54,14,i/o8e7NbFEaG9oM4yeODhz0VdIQ=,vdxOKo6GVkTQXK+mOcvDC/lt7X4=
54,12,i/o8e7NbFEaG9oM4yeODhz0VdIQ=,vdxOKo6GVkTQXK+mOcvDC/lt7X4=
56,13,i/o8e7NbFEaG9oM4yeODhz0VdIQ=,MGbXIDWkcub6fs378SOHw8U8ZdI=
55,13,i/o8e7NbFEaG9oM4yeODhz0VdIQ=,vdxOKo6GVkTQXK+mOcvDC/lt7X4=
55,14,i/o8e7NbFEaG9oM4yeODhz0VdIQ=,vdxOKo6GVkTQXK+mOcvDC/lt7X4=
52,14,i/o8e7NbFEaG9oM4yeODhz0VdIQ=,vdxOKo6GVkTQXK+mOcvDC/lt7X4=
55,12,i/o8e7NbFEaG9oM4yeODhz0VdIQ=,vdxOKo6GVkTQXK+mOcvDC/lt7X4=
53,14,i/o8e7NbFEaG9oM4yeODhz0VdIQ=,vdxOKo6GVkTQXK+mOcvDC/lt7X4=
58,9,i/o8e7NbFEaG9oM4yeODhz0VdIQ=,dd+cwPfdchzY6qNuaPWmXIcFXMc=
58,8,i/o8e7NbFEaG9oM4yeODhz0VdIQ=,dd+cwPfdchzY6qNuaPWmXIcFXMc=
59,9,i/o8e7NbFEaG9oM4yeODhz0VdIQ=,dd+cwPfdchzY6qNuaPWmXIcFXMc=
60,12,i/o8e7NbFEaG9oM4yeODhz0VdIQ=,wNhaL6olQckN2RisRpg0RoE+n50=
59,15,i/o8e7NbFEaG9oM4yeODhz0VdIQ=,MGbXIDWkcub6fs378SOHw8U8ZdI=
58,15,i/o8e7NbFEaG9oM4yeODhz0VdIQ=,MGbXIDWkcub6fs378SOHw8U8ZdI=
60,15,i/o8e7NbFEaG9oM4yeODhz0VdIQ=,wNhaL6olQckN2RisRpg0RoE+n50=
61,15,i/o8e7NbFEaG9oM4yeODhz0VdIQ=,wNhaL6olQckN2RisRpg0RoE+n50=
62,15,i/o8e7NbFEaG9oM4yeODhz0VdIQ=,wNhaL6olQckN2RisRpg0RoE+n50=
63,9,i/o8e7NbFEaG9oM4yeODhz0VdIQ=,Z29I727WMSVhdm7XcWo/3gAtTHk=
63,10,i/o8e7NbFEaG9oM4yeODhz0VdIQ=,Z29I727WMSVhdm7XcWo/3gAtTHk=
63,8,i/o8e7NbFEaG9oM4yeODhz0VdIQ=,Z29I727WMSVhdm7XcWo/3gAtTHk=
63,12,i/o8e7NbFEaG9oM4yeODhz0VdIQ=,wNhaL6olQckN2RisRpg0RoE+n50=
63,13,i/o8e7NbFEaG9oM4yeODhz0VdIQ=,wNhaL6olQckN2RisRpg0RoE+n50=
63,14,i/o8e7NbFEaG9oM4yeODhz0VdIQ=,wNhaL6olQckN2RisRpg0RoE+n50=
63,11,i/o8e7NbFEaG9oM4yeODhz0VdIQ=,Z29I727WMSVhdm7XcWo/3gAtTHk=
63,15,i/o8e7NbFEaG9oM4yeODhz0VdIQ=,wNhaL6olQckN2RisRpg0RoE+n50=
59,4,i/o8e7NbFEaG9oM4yeODhz0VdIQ=,8EkzS5CzVxC5PJ1gtmkzjxB9trQ=
59,14,i/o8e7NbFEaG9oM4yeODhz0VdIQ=,MGbXIDWkcub6fs378SOHw8U8ZdI=
52,15,i/o8e7NbFEaG9oM4yeODhz0VdIQ=,vdxOKo6GVkTQXK+mOcvDC/lt7X4=
53,15,i/o8e7NbFEaG9oM4yeODhz0VdIQ=,vdxOKo6GVkTQXK+mOcvDC/lt7X4=
54,15,i/o8e7NbFEaG9oM4yeODhz0VdIQ=,vdxOKo6GVkTQXK+mOcvDC/lt7X4=
57,15,i/o8e7NbFEaG9oM4yeODhz0VdIQ=,MGbXIDWkcub6fs378SOHw8U8ZdI=
54,0,i/o8e7NbFEaG9oM4yeODhz0VdIQ=,mCwVWdNb0X2ZcbuhF0MJBwzyGcQ=
55,0,i/o8e7NbFEaG9oM4yeODhz0VdIQ=,mCwVWdNb0X2ZcbuhF0MJBwzyGcQ=
55,1,i/o8e7NbFEaG9oM4yeODhz0VdIQ=,mCwVWdNb0X2ZcbuhF0MJBwzyGcQ=
55,2,i/o8e7NbFEaG9oM4yeODhz0VdIQ=,mCwVWdNb0X2ZcbuhF0MJBwzyGcQ=
54,1,i/o8e7NbFEaG9oM4yeODhz0VdIQ=,mCwVWdNb0X2ZcbuhF0MJBwzyGcQ=
54,2,i/o8e7NbFEaG9oM4yeODhz0VdIQ=,mCwVWdNb0X2ZcbuhF0MJBwzyGcQ=
55,15,i/o8e7NbFEaG9oM4yeODhz0VdIQ=,vdxOKo6GVkTQXK+mOcvDC/lt7X4=
52,0,i/o8e7NbFEaG9oM4yeODhz0VdIQ=,mCwVWdNb0X2ZcbuhF0MJBwzyGcQ=
57,14,i/o8e7NbFEaG9oM4yeODhz0VdIQ=,MGbXIDWkcub6fs378SOHw8U8ZdI=
56,15,i/o8e7NbFEaG9oM4yeODhz0VdIQ=,MGbXIDWkcub6fs378SOHw8U8ZdI=
52,1,i/o8e7NbFEaG9oM4yeODhz0VdIQ=,mCwVWdNb0X2ZcbuhF0MJBwzyGcQ=
58,14,i/o8e7NbFEaG9oM4yeODhz0VdIQ=,MGbXIDWkcub6fs378SOHw8U8ZdI=
53,0,i/o8e7NbFEaG9oM4yeODhz0VdIQ=,mCwVWdNb0X2ZcbuhF0MJBwzyGcQ=
53,1,i/o8e7NbFEaG9oM4yeODhz0VdIQ=,mCwVWdNb0X2ZcbuhF0MJBwzyGcQ=
56,4,i/o8e7NbFEaG9oM4yeODhz0VdIQ=,8EkzS5CzVxC5PJ1gtmkzjxB9trQ=
53,3,i/o8e7NbFEaG9oM4yeODhz0VdIQ=,mCwVWdNb0X2ZcbuhF0MJBwzyGcQ=
55,4,i/o8e7NbFEaG9oM4yeODhz0VdIQ=,uuq02i0ExIaOA7fVXDzsIZiGUAk=
54,3,i/o8e7NbFEaG9oM4yeODhz0VdIQ=,mCwVWdNb0X2ZcbuhF0MJBwzyGcQ=
53,7,i/o8e7NbFEaG9oM4yeODhz0VdIQ=,uuq02i0ExIaOA7fVXDzsIZiGUAk=
55,3,i/o8e7NbFEaG9oM4yeODhz0VdIQ=,mCwVWdNb0X2ZcbuhF0MJBwzyGcQ=
55,5,i/o8e7NbFEaG9oM4yeODhz0VdIQ=,uuq02i0ExIaOA7fVXDzsIZiGUAk=
56,5,i/o8e7NbFEaG9oM4yeODhz0VdIQ=,8EkzS5CzVxC5PJ1gtmkzjxB9trQ=
56,8,i/o8e7NbFEaG9oM4yeODhz0VdIQ=,dd+cwPfdchzY6qNuaPWmXIcFXMc=
56,6,i/o8e7NbFEaG9oM4yeODhz0VdIQ=,8EkzS5CzVxC5PJ1gtmkzjxB9trQ=
52,7,i/o8e7NbFEaG9oM4yeODhz0VdIQ=,uuq02i0ExIaOA7fVXDzsIZiGUAk=
57,8,i/o8e7NbFEaG9oM4yeODhz0VdIQ=,dd+cwPfdchzY6qNuaPWmXIcFXMc=
57,7,i/o8e7NbFEaG9oM4yeODhz0VdIQ=,8EkzS5CzVxC5PJ1gtmkzjxB9trQ=
54,5,i/o8e7NbFEaG9oM4yeODhz0VdIQ=,uuq02i0ExIaOA7fVXDzsIZiGUAk=
53,2,i/o8e7NbFEaG9oM4yeODhz0VdIQ=,mCwVWdNb0X2ZcbuhF0MJBwzyGcQ=
57,6,i/o8e7NbFEaG9oM4yeODhz0VdIQ=,8EkzS5CzVxC5PJ1gtmkzjxB9trQ=
53,6,i/o8e7NbFEaG9oM4yeODhz0VdIQ=,uuq02i0ExIaOA7fVXDzsIZiGUAk=
55,6,i/o8e7NbFEaG9oM4yeODhz0VdIQ=,uuq02i0ExIaOA7fVXDzsIZiGUAk=
52,2,i/o8e7NbFEaG9oM4yeODhz0VdIQ=,mCwVWdNb0X2ZcbuhF0MJBwzyGcQ=
54,4,i/o8e7NbFEaG9oM4yeODhz0VdIQ=,uuq02i0ExIaOA7fVXDzsIZiGUAk=
52,4,i/o8e7NbFEaG9oM4yeODhz0VdIQ=,uuq02i0ExIaOA7fVXDzsIZiGUAk=
54,7,i/o8e7NbFEaG9oM4yeODhz0VdIQ=,uuq02i0ExIaOA7fVXDzsIZiGUAk=
56,7,i/o8e7NbFEaG9oM4yeODhz0VdIQ=,8EkzS5CzVxC5PJ1gtmkzjxB9trQ=
54,6,i/o8e7NbFEaG9oM4yeODhz0VdIQ=,uuq02i0ExIaOA7fVXDzsIZiGUAk=
55,7,i/o8e7NbFEaG9oM4yeODhz0VdIQ=,uuq02i0ExIaOA7fVXDzsIZiGUAk=
52,3,i/o8e7NbFEaG9oM4yeODhz0VdIQ=,mCwVWdNb0X2ZcbuhF0MJBwzyGcQ=
53,5,i/o8e7NbFEaG9oM4yeODhz0VdIQ=,uuq02i0ExIaOA7fVXDzsIZiGUAk=
52,5,i/o8e7NbFEaG9oM4yeODhz0VdIQ=,uuq02i0ExIaOA7fVXDzsIZiGUAk=
52,6,i/o8e7NbFEaG9oM4yeODhz0VdIQ=,uuq02i0ExIaOA7fVXDzsIZiGUAk=
53,4,i/o8e7NbFEaG9oM4yeODhz0VdIQ=,uuq02i0ExIaOA7fVXDzsIZiGUAk=
