65,-39,PPCMgcVcjGV+Lq7tmUAkDNgT20o=,QR96nPVs/ucBZscTZq54ZRY7VhM=
70,-34,PPCMgcVcjGV+Lq7tmUAkDNgT20o=,QR96nPVs/ucBZscTZq54ZRY7VhM=
69,-34,PPCMgcVcjGV+Lq7tmUAkDNgT20o=,QR96nPVs/ucBZscTZq54ZRY7VhM=
68,-34,PPCMgcVcjGV+Lq7tmUAkDNgT20o=,QR96nPVs/ucBZscTZq54ZRY7VhM=
67,-34,PPCMgcVcjGV+Lq7tmUAkDNgT20o=,QR96nPVs/ucBZscTZq54ZRY7VhM=
66,-34,PPCMgcVcjGV+Lq7tmUAkDNgT20o=,QR96nPVs/ucBZscTZq54ZRY7VhM=
67,-38,PPCMgcVcjGV+Lq7tmUAkDNgT20o=,QR96nPVs/ucBZscTZq54ZRY7VhM=
66,-38,PPCMgcVcjGV+Lq7tmUAkDNgT20o=,QR96nPVs/ucBZscTZq54ZRY7VhM=
65,-34,PPCMgcVcjGV+Lq7tmUAkDNgT20o=,QR96nPVs/ucBZscTZq54ZRY7VhM=
70,-35,PPCMgcVcjGV+Lq7tmUAkDNgT20o=,QR96nPVs/ucBZscTZq54ZRY7VhM=
69,-35,PPCMgcVcjGV+Lq7tmUAkDNgT20o=,QR96nPVs/ucBZscTZq54ZRY7VhM=
68,-35,PPCMgcVcjGV+Lq7tmUAkDNgT20o=,QR96nPVs/ucBZscTZq54ZRY7VhM=
67,-35,PPCMgcVcjGV+Lq7tmUAkDNgT20o=,QR96nPVs/ucBZscTZq54ZRY7VhM=
66,-35,PPCMgcVcjGV+Lq7tmUAkDNgT20o=,QR96nPVs/ucBZscTZq54ZRY7VhM=
65,-35,PPCMgcVcjGV+Lq7tmUAkDNgT20o=,QR96nPVs/ucBZscTZq54ZRY7VhM=
70,-36,PPCMgcVcjGV+Lq7tmUAkDNgT20o=,QR96nPVs/ucBZscTZq54ZRY7VhM=
69,-36,PPCMgcVcjGV+Lq7tmUAkDNgT20o=,QR96nPVs/ucBZscTZq54ZRY7VhM=
68,-36,PPCMgcVcjGV+Lq7tmUAkDNgT20o=,QR96nPVs/ucBZscTZq54ZRY7VhM=
67,-36,PPCMgcVcjGV+Lq7tmUAkDNgT20o=,QR96nPVs/ucBZscTZq54ZRY7VhM=
66,-36,PPCMgcVcjGV+Lq7tmUAkDNgT20o=,QR96nPVs/ucBZscTZq54ZRY7VhM=
65,-36,PPCMgcVcjGV+Lq7tmUAkDNgT20o=,QR96nPVs/ucBZscTZq54ZRY7VhM=
70,-37,PPCMgcVcjGV+Lq7tmUAkDNgT20o=,QR96nPVs/ucBZscTZq54ZRY7VhM=
65,-38,PPCMgcVcjGV+Lq7tmUAkDNgT20o=,QR96nPVs/ucBZscTZq54ZRY7VhM=
68,-37,PPCMgcVcjGV+Lq7tmUAkDNgT20o=,QR96nPVs/ucBZscTZq54ZRY7VhM=
67,-37,PPCMgcVcjGV+Lq7tmUAkDNgT20o=,QR96nPVs/ucBZscTZq54ZRY7VhM=
66,-37,PPCMgcVcjGV+Lq7tmUAkDNgT20o=,QR96nPVs/ucBZscTZq54ZRY7VhM=
65,-37,PPCMgcVcjGV+Lq7tmUAkDNgT20o=,QR96nPVs/ucBZscTZq54ZRY7VhM=
67,-39,PPCMgcVcjGV+Lq7tmUAkDNgT20o=,QR96nPVs/ucBZscTZq54ZRY7VhM=
66,-39,PPCMgcVcjGV+Lq7tmUAkDNgT20o=,QR96nPVs/ucBZscTZq54ZRY7VhM=
72,-38,PPCMgcVcjGV+Lq7tmUAkDNgT20o=,rS81MxsPAZPEjJV/Cn8XdNRxDKE=
73,-38,PPCMgcVcjGV+Lq7tmUAkDNgT20o=,rS81MxsPAZPEjJV/Cn8XdNRxDKE=
74,-38,PPCMgcVcjGV+Lq7tmUAkDNgT20o=,rS81MxsPAZPEjJV/Cn8XdNRxDKE=
74,-40,PPCMgcVcjGV+Lq7tmUAkDNgT20o=,rS81MxsPAZPEjJV/Cn8XdNRxDKE=
74,-36,PPCMgcVcjGV+Lq7tmUAkDNgT20o=,rS81MxsPAZPEjJV/Cn8XdNRxDKE=
76,-40,PPCMgcVcjGV+Lq7tmUAkDNgT20o=,rS81MxsPAZPEjJV/Cn8XdNRxDKE=
72,-39,PPCMgcVcjGV+Lq7tmUAkDNgT20o=,rS81MxsPAZPEjJV/Cn8XdNRxDKE=
73,-39,PPCMgcVcjGV+Lq7tmUAkDNgT20o=,rS81MxsPAZPEjJV/Cn8XdNRxDKE=
74,-39,PPCMgcVcjGV+Lq7tmUAkDNgT20o=,rS81MxsPAZPEjJV/Cn8XdNRxDKE=
74,-37,PPCMgcVcjGV+Lq7tmUAkDNgT20o=,rS81MxsPAZPEjJV/Cn8XdNRxDKE=
75,-39,PPCMgcVcjGV+Lq7tmUAkDNgT20o=,rS81MxsPAZPEjJV/Cn8XdNRxDKE=
76,-39,PPCMgcVcjGV+Lq7tmUAkDNgT20o=,rS81MxsPAZPEjJV/Cn8XdNRxDKE=
78,-40,PPCMgcVcjGV+Lq7tmUAkDNgT20o=,rS81MxsPAZPEjJV/Cn8XdNRxDKE=
77,-39,PPCMgcVcjGV+Lq7tmUAkDNgT20o=,rS81MxsPAZPEjJV/Cn8XdNRxDKE=
75,-36,PPCMgcVcjGV+Lq7tmUAkDNgT20o=,rS81MxsPAZPEjJV/Cn8XdNRxDKE=
75,-37,PPCMgcVcjGV+Lq7tmUAkDNgT20o=,rS81MxsPAZPEjJV/Cn8XdNRxDKE=
76,-36,PPCMgcVcjGV+Lq7tmUAkDNgT20o=,rS81MxsPAZPEjJV/Cn8XdNRxDKE=
74,-35,PPCMgcVcjGV+Lq7tmUAkDNgT20o=,rS81MxsPAZPEjJV/Cn8XdNRxDKE=
76,-37,PPCMgcVcjGV+Lq7tmUAkDNgT20o=,rS81MxsPAZPEjJV/Cn8XdNRxDKE=
76,-35,PPCMgcVcjGV+Lq7tmUAkDNgT20o=,rS81MxsPAZPEjJV/Cn8XdNRxDKE=
76,-34,PPCMgcVcjGV+Lq7tmUAkDNgT20o=,rS81MxsPAZPEjJV/Cn8XdNRxDKE=
77,-36,PPCMgcVcjGV+Lq7tmUAkDNgT20o=,rS81MxsPAZPEjJV/Cn8XdNRxDKE=
77,-34,PPCMgcVcjGV+Lq7tmUAkDNgT20o=,rS81MxsPAZPEjJV/Cn8XdNRxDKE=
77,-35,PPCMgcVcjGV+Lq7tmUAkDNgT20o=,rS81MxsPAZPEjJV/Cn8XdNRxDKE=
78,-36,PPCMgcVcjGV+Lq7tmUAkDNgT20o=,rS81MxsPAZPEjJV/Cn8XdNRxDKE=
77,-37,PPCMgcVcjGV+Lq7tmUAkDNgT20o=,rS81MxsPAZPEjJV/Cn8XdNRxDKE=
78,-37,PPCMgcVcjGV+Lq7tmUAkDNgT20o=,rS81MxsPAZPEjJV/Cn8XdNRxDKE=
78,-35,PPCMgcVcjGV+Lq7tmUAkDNgT20o=,rS81MxsPAZPEjJV/Cn8XdNRxDKE=
78,-34,PPCMgcVcjGV+Lq7tmUAkDNgT20o=,rS81MxsPAZPEjJV/Cn8XdNRxDKE=
72,-34,PPCMgcVcjGV+Lq7tmUAkDNgT20o=,rS81MxsPAZPEjJV/Cn8XdNRxDKE=
73,-40,PPCMgcVcjGV+Lq7tmUAkDNgT20o=,rS81MxsPAZPEjJV/Cn8XdNRxDKE=
75,-38,PPCMgcVcjGV+Lq7tmUAkDNgT20o=,rS81MxsPAZPEjJV/Cn8XdNRxDKE=
76,-38,PPCMgcVcjGV+Lq7tmUAkDNgT20o=,rS81MxsPAZPEjJV/Cn8XdNRxDKE=
71,-39,PPCMgcVcjGV+Lq7tmUAkDNgT20o=,QR96nPVs/ucBZscTZq54ZRY7VhM=
77,-38,PPCMgcVcjGV+Lq7tmUAkDNgT20o=,rS81MxsPAZPEjJV/Cn8XdNRxDKE=
75,-40,PPCMgcVcjGV+Lq7tmUAkDNgT20o=,rS81MxsPAZPEjJV/Cn8XdNRxDKE=
77,-40,PPCMgcVcjGV+Lq7tmUAkDNgT20o=,rS81MxsPAZPEjJV/Cn8XdNRxDKE=
78,-39,PPCMgcVcjGV+Lq7tmUAkDNgT20o=,rS81MxsPAZPEjJV/Cn8XdNRxDKE=
71,-37,PPCMgcVcjGV+Lq7tmUAkDNgT20o=,QR96nPVs/ucBZscTZq54ZRY7VhM=
78,-38,PPCMgcVcjGV+Lq7tmUAkDNgT20o=,rS81MxsPAZPEjJV/Cn8XdNRxDKE=
71,-36,PPCMgcVcjGV+Lq7tmUAkDNgT20o=,QR96nPVs/ucBZscTZq54ZRY7VhM=
71,-35,PPCMgcVcjGV+Lq7tmUAkDNgT20o=,QR96nPVs/ucBZscTZq54ZRY7VhM=
71,-38,PPCMgcVcjGV+Lq7tmUAkDNgT20o=,QR96nPVs/ucBZscTZq54ZRY7VhM=
71,-34,PPCMgcVcjGV+Lq7tmUAkDNgT20o=,QR96nPVs/ucBZscTZq54ZRY7VhM=
66,-33,PPCMgcVcjGV+Lq7tmUAkDNgT20o=,QR96nPVs/ucBZscTZq54ZRY7VhM=
65,-33,PPCMgcVcjGV+Lq7tmUAkDNgT20o=,QR96nPVs/ucBZscTZq54ZRY7VhM=
67,-33,PPCMgcVcjGV+Lq7tmUAkDNgT20o=,QR96nPVs/ucBZscTZq54ZRY7VhM=
68,-33,PPCMgcVcjGV+Lq7tmUAkDNgT20o=,QR96nPVs/ucBZscTZq54ZRY7VhM=
69,-33,PPCMgcVcjGV+Lq7tmUAkDNgT20o=,QR96nPVs/ucBZscTZq54ZRY7VhM=
70,-33,PPCMgcVcjGV+Lq7tmUAkDNgT20o=,QR96nPVs/ucBZscTZq54ZRY7VhM=
71,-33,PPCMgcVcjGV+Lq7tmUAkDNgT20o=,QR96nPVs/ucBZscTZq54ZRY7VhM=
77,-33,PPCMgcVcjGV+Lq7tmUAkDNgT20o=,rS81MxsPAZPEjJV/Cn8XdNRxDKE=
75,-34,PPCMgcVcjGV+Lq7tmUAkDNgT20o=,rS81MxsPAZPEjJV/Cn8XdNRxDKE=
73,-33,PPCMgcVcjGV+Lq7tmUAkDNgT20o=,rS81MxsPAZPEjJV/Cn8XdNRxDKE=
72,-33,PPCMgcVcjGV+Lq7tmUAkDNgT20o=,rS81MxsPAZPEjJV/Cn8XdNRxDKE=
75,-35,PPCMgcVcjGV+Lq7tmUAkDNgT20o=,rS81MxsPAZPEjJV/Cn8XdNRxDKE=
73,-34,PPCMgcVcjGV+Lq7tmUAkDNgT20o=,rS81MxsPAZPEjJV/Cn8XdNRxDKE=
74,-33,PPCMgcVcjGV+Lq7tmUAkDNgT20o=,rS81MxsPAZPEjJV/Cn8XdNRxDKE=
72,-35,PPCMgcVcjGV+Lq7tmUAkDNgT20o=,rS81MxsPAZPEjJV/Cn8XdNRxDKE=
74,-34,PPCMgcVcjGV+Lq7tmUAkDNgT20o=,rS81MxsPAZPEjJV/Cn8XdNRxDKE=
73,-35,PPCMgcVcjGV+Lq7tmUAkDNgT20o=,rS81MxsPAZPEjJV/Cn8XdNRxDKE=
75,-33,PPCMgcVcjGV+Lq7tmUAkDNgT20o=,rS81MxsPAZPEjJV/Cn8XdNRxDKE=
64,-39,PPCMgcVcjGV+Lq7tmUAkDNgT20o=,QR96nPVs/ucBZscTZq54ZRY7VhM=
73,-36,PPCMgcVcjGV+Lq7tmUAkDNgT20o=,rS81MxsPAZPEjJV/Cn8XdNRxDKE=
64,-37,PPCMgcVcjGV+Lq7tmUAkDNgT20o=,QR96nPVs/ucBZscTZq54ZRY7VhM=
64,-36,PPCMgcVcjGV+Lq7tmUAkDNgT20o=,QR96nPVs/ucBZscTZq54ZRY7VhM=
64,-38,PPCMgcVcjGV+Lq7tmUAkDNgT20o=,QR96nPVs/ucBZscTZq54ZRY7VhM=
64,-35,PPCMgcVcjGV+Lq7tmUAkDNgT20o=,QR96nPVs/ucBZscTZq54ZRY7VhM=
64,-34,PPCMgcVcjGV+Lq7tmUAkDNgT20o=,QR96nPVs/ucBZscTZq54ZRY7VhM=
79,-36,PPCMgcVcjGV+Lq7tmUAkDNgT20o=,rS81MxsPAZPEjJV/Cn8XdNRxDKE=
79,-34,PPCMgcVcjGV+Lq7tmUAkDNgT20o=,rS81MxsPAZPEjJV/Cn8XdNRxDKE=
79,-37,PPCMgcVcjGV+Lq7tmUAkDNgT20o=,rS81MxsPAZPEjJV/Cn8XdNRxDKE=
79,-35,PPCMgcVcjGV+Lq7tmUAkDNgT20o=,rS81MxsPAZPEjJV/Cn8XdNRxDKE=
79,-39,PPCMgcVcjGV+Lq7tmUAkDNgT20o=,rS81MxsPAZPEjJV/Cn8XdNRxDKE=
79,-38,PPCMgcVcjGV+Lq7tmUAkDNgT20o=,rS81MxsPAZPEjJV/Cn8XdNRxDKE=
79,-40,PPCMgcVcjGV+Lq7tmUAkDNgT20o=,rS81MxsPAZPEjJV/Cn8XdNRxDKE=
72,-36,PPCMgcVcjGV+Lq7tmUAkDNgT20o=,rS81MxsPAZPEjJV/Cn8XdNRxDKE=
76,-33,PPCMgcVcjGV+Lq7tmUAkDNgT20o=,rS81MxsPAZPEjJV/Cn8XdNRxDKE=
79,-33,PPCMgcVcjGV+Lq7tmUAkDNgT20o=,rS81MxsPAZPEjJV/Cn8XdNRxDKE=
64,-42,PPCMgcVcjGV+Lq7tmUAkDNgT20o=,O30feBH5CQZVPNT3zlDBlDTGn8I=
65,-42,PPCMgcVcjGV+Lq7tmUAkDNgT20o=,O30feBH5CQZVPNT3zlDBlDTGn8I=
66,-42,PPCMgcVcjGV+Lq7tmUAkDNgT20o=,O30feBH5CQZVPNT3zlDBlDTGn8I=
67,-42,PPCMgcVcjGV+Lq7tmUAkDNgT20o=,O30feBH5CQZVPNT3zlDBlDTGn8I=
71,-43,PPCMgcVcjGV+Lq7tmUAkDNgT20o=,O30feBH5CQZVPNT3zlDBlDTGn8I=
66,-43,PPCMgcVcjGV+Lq7tmUAkDNgT20o=,O30feBH5CQZVPNT3zlDBlDTGn8I=
67,-43,PPCMgcVcjGV+Lq7tmUAkDNgT20o=,O30feBH5CQZVPNT3zlDBlDTGn8I=
65,-43,PPCMgcVcjGV+Lq7tmUAkDNgT20o=,O30feBH5CQZVPNT3zlDBlDTGn8I=
64,-43,PPCMgcVcjGV+Lq7tmUAkDNgT20o=,O30feBH5CQZVPNT3zlDBlDTGn8I=
71,-44,PPCMgcVcjGV+Lq7tmUAkDNgT20o=,O30feBH5CQZVPNT3zlDBlDTGn8I=
70,-44,PPCMgcVcjGV+Lq7tmUAkDNgT20o=,O30feBH5CQZVPNT3zlDBlDTGn8I=
72,-40,PPCMgcVcjGV+Lq7tmUAkDNgT20o=,rS81MxsPAZPEjJV/Cn8XdNRxDKE=
67,-44,PPCMgcVcjGV+Lq7tmUAkDNgT20o=,O30feBH5CQZVPNT3zlDBlDTGn8I=
66,-44,PPCMgcVcjGV+Lq7tmUAkDNgT20o=,O30feBH5CQZVPNT3zlDBlDTGn8I=
65,-44,PPCMgcVcjGV+Lq7tmUAkDNgT20o=,O30feBH5CQZVPNT3zlDBlDTGn8I=
78,-33,PPCMgcVcjGV+Lq7tmUAkDNgT20o=,rS81MxsPAZPEjJV/Cn8XdNRxDKE=
71,-45,PPCMgcVcjGV+Lq7tmUAkDNgT20o=,O30feBH5CQZVPNT3zlDBlDTGn8I=
64,-44,PPCMgcVcjGV+Lq7tmUAkDNgT20o=,O30feBH5CQZVPNT3zlDBlDTGn8I=
70,-45,PPCMgcVcjGV+Lq7tmUAkDNgT20o=,O30feBH5CQZVPNT3zlDBlDTGn8I=
71,-40,PPCMgcVcjGV+Lq7tmUAkDNgT20o=,QR96nPVs/ucBZscTZq54ZRY7VhM=
70,-40,PPCMgcVcjGV+Lq7tmUAkDNgT20o=,QR96nPVs/ucBZscTZq54ZRY7VhM=
69,-45,PPCMgcVcjGV+Lq7tmUAkDNgT20o=,O30feBH5CQZVPNT3zlDBlDTGn8I=
73,-37,PPCMgcVcjGV+Lq7tmUAkDNgT20o=,rS81MxsPAZPEjJV/Cn8XdNRxDKE=
69,-37,PPCMgcVcjGV+Lq7tmUAkDNgT20o=,QR96nPVs/ucBZscTZq54ZRY7VhM=
70,-43,PPCMgcVcjGV+Lq7tmUAkDNgT20o=,O30feBH5CQZVPNT3zlDBlDTGn8I=
72,-37,PPCMgcVcjGV+Lq7tmUAkDNgT20o=,rS81MxsPAZPEjJV/Cn8XdNRxDKE=
68,-38,PPCMgcVcjGV+Lq7tmUAkDNgT20o=,QR96nPVs/ucBZscTZq54ZRY7VhM=
67,-45,PPCMgcVcjGV+Lq7tmUAkDNgT20o=,O30feBH5CQZVPNT3zlDBlDTGn8I=
66,-45,PPCMgcVcjGV+Lq7tmUAkDNgT20o=,O30feBH5CQZVPNT3zlDBlDTGn8I=
67,-40,PPCMgcVcjGV+Lq7tmUAkDNgT20o=,QR96nPVs/ucBZscTZq54ZRY7VhM=
65,-45,PPCMgcVcjGV+Lq7tmUAkDNgT20o=,O30feBH5CQZVPNT3zlDBlDTGn8I=
66,-40,PPCMgcVcjGV+Lq7tmUAkDNgT20o=,QR96nPVs/ucBZscTZq54ZRY7VhM=
64,-45,PPCMgcVcjGV+Lq7tmUAkDNgT20o=,O30feBH5CQZVPNT3zlDBlDTGn8I=
68,-43,PPCMgcVcjGV+Lq7tmUAkDNgT20o=,O30feBH5CQZVPNT3zlDBlDTGn8I=
65,-40,PPCMgcVcjGV+Lq7tmUAkDNgT20o=,QR96nPVs/ucBZscTZq54ZRY7VhM=
71,-46,PPCMgcVcjGV+Lq7tmUAkDNgT20o=,O30feBH5CQZVPNT3zlDBlDTGn8I=
64,-40,PPCMgcVcjGV+Lq7tmUAkDNgT20o=,QR96nPVs/ucBZscTZq54ZRY7VhM=
70,-46,PPCMgcVcjGV+Lq7tmUAkDNgT20o=,O30feBH5CQZVPNT3zlDBlDTGn8I=
69,-44,PPCMgcVcjGV+Lq7tmUAkDNgT20o=,O30feBH5CQZVPNT3zlDBlDTGn8I=
71,-41,PPCMgcVcjGV+Lq7tmUAkDNgT20o=,O30feBH5CQZVPNT3zlDBlDTGn8I=
67,-46,PPCMgcVcjGV+Lq7tmUAkDNgT20o=,O30feBH5CQZVPNT3zlDBlDTGn8I=
68,-46,PPCMgcVcjGV+Lq7tmUAkDNgT20o=,O30feBH5CQZVPNT3zlDBlDTGn8I=
68,-45,PPCMgcVcjGV+Lq7tmUAkDNgT20o=,O30feBH5CQZVPNT3zlDBlDTGn8I=
68,-40,PPCMgcVcjGV+Lq7tmUAkDNgT20o=,QR96nPVs/ucBZscTZq54ZRY7VhM=
69,-46,PPCMgcVcjGV+Lq7tmUAkDNgT20o=,O30feBH5CQZVPNT3zlDBlDTGn8I=
68,-39,PPCMgcVcjGV+Lq7tmUAkDNgT20o=,QR96nPVs/ucBZscTZq54ZRY7VhM=
70,-39,PPCMgcVcjGV+Lq7tmUAkDNgT20o=,QR96nPVs/ucBZscTZq54ZRY7VhM=
71,-47,PPCMgcVcjGV+Lq7tmUAkDNgT20o=,O30feBH5CQZVPNT3zlDBlDTGn8I=
67,-41,PPCMgcVcjGV+Lq7tmUAkDNgT20o=,O30feBH5CQZVPNT3zlDBlDTGn8I=
66,-41,PPCMgcVcjGV+Lq7tmUAkDNgT20o=,O30feBH5CQZVPNT3zlDBlDTGn8I=
66,-46,PPCMgcVcjGV+Lq7tmUAkDNgT20o=,O30feBH5CQZVPNT3zlDBlDTGn8I=
70,-47,PPCMgcVcjGV+Lq7tmUAkDNgT20o=,O30feBH5CQZVPNT3zlDBlDTGn8I=
65,-41,PPCMgcVcjGV+Lq7tmUAkDNgT20o=,O30feBH5CQZVPNT3zlDBlDTGn8I=
64,-41,PPCMgcVcjGV+Lq7tmUAkDNgT20o=,O30feBH5CQZVPNT3zlDBlDTGn8I=
69,-40,PPCMgcVcjGV+Lq7tmUAkDNgT20o=,QR96nPVs/ucBZscTZq54ZRY7VhM=
69,-39,PPCMgcVcjGV+Lq7tmUAkDNgT20o=,QR96nPVs/ucBZscTZq54ZRY7VhM=
64,-46,PPCMgcVcjGV+Lq7tmUAkDNgT20o=,O30feBH5CQZVPNT3zlDBlDTGn8I=
70,-38,PPCMgcVcjGV+Lq7tmUAkDNgT20o=,QR96nPVs/ucBZscTZq54ZRY7VhM=
71,-42,PPCMgcVcjGV+Lq7tmUAkDNgT20o=,O30feBH5CQZVPNT3zlDBlDTGn8I=
70,-41,PPCMgcVcjGV+Lq7tmUAkDNgT20o=,O30feBH5CQZVPNT3zlDBlDTGn8I=
64,-47,PPCMgcVcjGV+Lq7tmUAkDNgT20o=,O30feBH5CQZVPNT3zlDBlDTGn8I=
68,-44,PPCMgcVcjGV+Lq7tmUAkDNgT20o=,O30feBH5CQZVPNT3zlDBlDTGn8I=
71,-48,PPCMgcVcjGV+Lq7tmUAkDNgT20o=,O30feBH5CQZVPNT3zlDBlDTGn8I=
68,-47,PPCMgcVcjGV+Lq7tmUAkDNgT20o=,O30feBH5CQZVPNT3zlDBlDTGn8I=
70,-48,PPCMgcVcjGV+Lq7tmUAkDNgT20o=,O30feBH5CQZVPNT3zlDBlDTGn8I=
68,-42,PPCMgcVcjGV+Lq7tmUAkDNgT20o=,O30feBH5CQZVPNT3zlDBlDTGn8I=
65,-46,PPCMgcVcjGV+Lq7tmUAkDNgT20o=,O30feBH5CQZVPNT3zlDBlDTGn8I=
69,-48,PPCMgcVcjGV+Lq7tmUAkDNgT20o=,O30feBH5CQZVPNT3zlDBlDTGn8I=
64,-48,PPCMgcVcjGV+Lq7tmUAkDNgT20o=,O30feBH5CQZVPNT3zlDBlDTGn8I=
67,-47,PPCMgcVcjGV+Lq7tmUAkDNgT20o=,O30feBH5CQZVPNT3zlDBlDTGn8I=
69,-47,PPCMgcVcjGV+Lq7tmUAkDNgT20o=,O30feBH5CQZVPNT3zlDBlDTGn8I=
69,-38,PPCMgcVcjGV+Lq7tmUAkDNgT20o=,QR96nPVs/ucBZscTZq54ZRY7VhM=
68,-41,PPCMgcVcjGV+Lq7tmUAkDNgT20o=,O30feBH5CQZVPNT3zlDBlDTGn8I=
70,-42,PPCMgcVcjGV+Lq7tmUAkDNgT20o=,O30feBH5CQZVPNT3zlDBlDTGn8I=
65,-48,PPCMgcVcjGV+Lq7tmUAkDNgT20o=,O30feBH5CQZVPNT3zlDBlDTGn8I=
65,-47,PPCMgcVcjGV+Lq7tmUAkDNgT20o=,O30feBH5CQZVPNT3zlDBlDTGn8I=
64,-33,PPCMgcVcjGV+Lq7tmUAkDNgT20o=,QR96nPVs/ucBZscTZq54ZRY7VhM=
69,-41,PPCMgcVcjGV+Lq7tmUAkDNgT20o=,O30feBH5CQZVPNT3zlDBlDTGn8I=
69,-43,PPCMgcVcjGV+Lq7tmUAkDNgT20o=,O30feBH5CQZVPNT3zlDBlDTGn8I=
68,-48,PPCMgcVcjGV+Lq7tmUAkDNgT20o=,O30feBH5CQZVPNT3zlDBlDTGn8I=
67,-48,PPCMgcVcjGV+Lq7tmUAkDNgT20o=,O30feBH5CQZVPNT3zlDBlDTGn8I=
66,-47,PPCMgcVcjGV+Lq7tmUAkDNgT20o=,O30feBH5CQZVPNT3zlDBlDTGn8I=
66,-48,PPCMgcVcjGV+Lq7tmUAkDNgT20o=,O30feBH5CQZVPNT3zlDBlDTGn8I=
69,-42,PPCMgcVcjGV+Lq7tmUAkDNgT20o=,O30feBH5CQZVPNT3zlDBlDTGn8I=
66,-64,2BhTL4XWzbpIpGoEPxAzwftjkG4=,Fh5GbOjTf9x/MyueEtQAvbVC5A8=
71,-61,2BhTL4XWzbpIpGoEPxAzwftjkG4=,Fh5GbOjTf9x/MyueEtQAvbVC5A8=
70,-61,2BhTL4XWzbpIpGoEPxAzwftjkG4=,Fh5GbOjTf9x/MyueEtQAvbVC5A8=
71,-62,2BhTL4XWzbpIpGoEPxAzwftjkG4=,Fh5GbOjTf9x/MyueEtQAvbVC5A8=
69,-58,2BhTL4XWzbpIpGoEPxAzwftjkG4=,Fh5GbOjTf9x/MyueEtQAvbVC5A8=
70,-62,2BhTL4XWzbpIpGoEPxAzwftjkG4=,Fh5GbOjTf9x/MyueEtQAvbVC5A8=
68,-58,2BhTL4XWzbpIpGoEPxAzwftjkG4=,Fh5GbOjTf9x/MyueEtQAvbVC5A8=
67,-59,2BhTL4XWzbpIpGoEPxAzwftjkG4=,Fh5GbOjTf9x/MyueEtQAvbVC5A8=
69,-61,2BhTL4XWzbpIpGoEPxAzwftjkG4=,Fh5GbOjTf9x/MyueEtQAvbVC5A8=
67,-58,2BhTL4XWzbpIpGoEPxAzwftjkG4=,Fh5GbOjTf9x/MyueEtQAvbVC5A8=
68,-61,2BhTL4XWzbpIpGoEPxAzwftjkG4=,Fh5GbOjTf9x/MyueEtQAvbVC5A8=
65,-60,2BhTL4XWzbpIpGoEPxAzwftjkG4=,Fh5GbOjTf9x/MyueEtQAvbVC5A8=
69,-62,2BhTL4XWzbpIpGoEPxAzwftjkG4=,Fh5GbOjTf9x/MyueEtQAvbVC5A8=
69,-63,2BhTL4XWzbpIpGoEPxAzwftjkG4=,Fh5GbOjTf9x/MyueEtQAvbVC5A8=
64,-64,2BhTL4XWzbpIpGoEPxAzwftjkG4=,Fh5GbOjTf9x/MyueEtQAvbVC5A8=
68,-63,2BhTL4XWzbpIpGoEPxAzwftjkG4=,Fh5GbOjTf9x/MyueEtQAvbVC5A8=
68,-62,2BhTL4XWzbpIpGoEPxAzwftjkG4=,Fh5GbOjTf9x/MyueEtQAvbVC5A8=
71,-59,2BhTL4XWzbpIpGoEPxAzwftjkG4=,Fh5GbOjTf9x/MyueEtQAvbVC5A8=
65,-64,2BhTL4XWzbpIpGoEPxAzwftjkG4=,Fh5GbOjTf9x/MyueEtQAvbVC5A8=
71,-58,2BhTL4XWzbpIpGoEPxAzwftjkG4=,Fh5GbOjTf9x/MyueEtQAvbVC5A8=
70,-58,2BhTL4XWzbpIpGoEPxAzwftjkG4=,Fh5GbOjTf9x/MyueEtQAvbVC5A8=
67,-63,2BhTL4XWzbpIpGoEPxAzwftjkG4=,Fh5GbOjTf9x/MyueEtQAvbVC5A8=
66,-61,2BhTL4XWzbpIpGoEPxAzwftjkG4=,Fh5GbOjTf9x/MyueEtQAvbVC5A8=
65,-61,2BhTL4XWzbpIpGoEPxAzwftjkG4=,Fh5GbOjTf9x/MyueEtQAvbVC5A8=
70,-59,2BhTL4XWzbpIpGoEPxAzwftjkG4=,Fh5GbOjTf9x/MyueEtQAvbVC5A8=
65,-62,2BhTL4XWzbpIpGoEPxAzwftjkG4=,Fh5GbOjTf9x/MyueEtQAvbVC5A8=
64,-59,2BhTL4XWzbpIpGoEPxAzwftjkG4=,Fh5GbOjTf9x/MyueEtQAvbVC5A8=
64,-62,2BhTL4XWzbpIpGoEPxAzwftjkG4=,Fh5GbOjTf9x/MyueEtQAvbVC5A8=
71,-60,2BhTL4XWzbpIpGoEPxAzwftjkG4=,Fh5GbOjTf9x/MyueEtQAvbVC5A8=
71,-63,2BhTL4XWzbpIpGoEPxAzwftjkG4=,Fh5GbOjTf9x/MyueEtQAvbVC5A8=
69,-60,2BhTL4XWzbpIpGoEPxAzwftjkG4=,Fh5GbOjTf9x/MyueEtQAvbVC5A8=
64,-60,2BhTL4XWzbpIpGoEPxAzwftjkG4=,Fh5GbOjTf9x/MyueEtQAvbVC5A8=
70,-60,2BhTL4XWzbpIpGoEPxAzwftjkG4=,Fh5GbOjTf9x/MyueEtQAvbVC5A8=
69,-59,2BhTL4XWzbpIpGoEPxAzwftjkG4=,Fh5GbOjTf9x/MyueEtQAvbVC5A8=
68,-59,2BhTL4XWzbpIpGoEPxAzwftjkG4=,Fh5GbOjTf9x/MyueEtQAvbVC5A8=
70,-63,2BhTL4XWzbpIpGoEPxAzwftjkG4=,Fh5GbOjTf9x/MyueEtQAvbVC5A8=
66,-62,2BhTL4XWzbpIpGoEPxAzwftjkG4=,Fh5GbOjTf9x/MyueEtQAvbVC5A8=
64,-61,2BhTL4XWzbpIpGoEPxAzwftjkG4=,Fh5GbOjTf9x/MyueEtQAvbVC5A8=
65,-63,2BhTL4XWzbpIpGoEPxAzwftjkG4=,Fh5GbOjTf9x/MyueEtQAvbVC5A8=
64,-63,2BhTL4XWzbpIpGoEPxAzwftjkG4=,Fh5GbOjTf9x/MyueEtQAvbVC5A8=
70,-64,2BhTL4XWzbpIpGoEPxAzwftjkG4=,Fh5GbOjTf9x/MyueEtQAvbVC5A8=
71,-64,2BhTL4XWzbpIpGoEPxAzwftjkG4=,Fh5GbOjTf9x/MyueEtQAvbVC5A8=
68,-64,2BhTL4XWzbpIpGoEPxAzwftjkG4=,Fh5GbOjTf9x/MyueEtQAvbVC5A8=
69,-64,2BhTL4XWzbpIpGoEPxAzwftjkG4=,Fh5GbOjTf9x/MyueEtQAvbVC5A8=
66,-63,2BhTL4XWzbpIpGoEPxAzwftjkG4=,Fh5GbOjTf9x/MyueEtQAvbVC5A8=
67,-61,2BhTL4XWzbpIpGoEPxAzwftjkG4=,Fh5GbOjTf9x/MyueEtQAvbVC5A8=
71,-55,2BhTL4XWzbpIpGoEPxAzwftjkG4=,vbXVveO0AYZI6w+N+nFjNWoIYp4=
70,-57,2BhTL4XWzbpIpGoEPxAzwftjkG4=,Fh5GbOjTf9x/MyueEtQAvbVC5A8=
71,-57,2BhTL4XWzbpIpGoEPxAzwftjkG4=,Fh5GbOjTf9x/MyueEtQAvbVC5A8=
66,-55,2BhTL4XWzbpIpGoEPxAzwftjkG4=,vbXVveO0AYZI6w+N+nFjNWoIYp4=
69,-54,2BhTL4XWzbpIpGoEPxAzwftjkG4=,vbXVveO0AYZI6w+N+nFjNWoIYp4=
70,-54,2BhTL4XWzbpIpGoEPxAzwftjkG4=,vbXVveO0AYZI6w+N+nFjNWoIYp4=
71,-54,2BhTL4XWzbpIpGoEPxAzwftjkG4=,vbXVveO0AYZI6w+N+nFjNWoIYp4=
69,-53,2BhTL4XWzbpIpGoEPxAzwftjkG4=,vbXVveO0AYZI6w+N+nFjNWoIYp4=
70,-53,2BhTL4XWzbpIpGoEPxAzwftjkG4=,vbXVveO0AYZI6w+N+nFjNWoIYp4=
71,-53,2BhTL4XWzbpIpGoEPxAzwftjkG4=,vbXVveO0AYZI6w+N+nFjNWoIYp4=
69,-52,2BhTL4XWzbpIpGoEPxAzwftjkG4=,vbXVveO0AYZI6w+N+nFjNWoIYp4=
70,-52,2BhTL4XWzbpIpGoEPxAzwftjkG4=,vbXVveO0AYZI6w+N+nFjNWoIYp4=
71,-52,2BhTL4XWzbpIpGoEPxAzwftjkG4=,vbXVveO0AYZI6w+N+nFjNWoIYp4=
66,-51,2BhTL4XWzbpIpGoEPxAzwftjkG4=,vbXVveO0AYZI6w+N+nFjNWoIYp4=
68,-51,2BhTL4XWzbpIpGoEPxAzwftjkG4=,vbXVveO0AYZI6w+N+nFjNWoIYp4=
69,-51,2BhTL4XWzbpIpGoEPxAzwftjkG4=,vbXVveO0AYZI6w+N+nFjNWoIYp4=
71,-51,2BhTL4XWzbpIpGoEPxAzwftjkG4=,vbXVveO0AYZI6w+N+nFjNWoIYp4=
70,-51,2BhTL4XWzbpIpGoEPxAzwftjkG4=,vbXVveO0AYZI6w+N+nFjNWoIYp4=
67,-50,2BhTL4XWzbpIpGoEPxAzwftjkG4=,vbXVveO0AYZI6w+N+nFjNWoIYp4=
67,-55,2BhTL4XWzbpIpGoEPxAzwftjkG4=,vbXVveO0AYZI6w+N+nFjNWoIYp4=
68,-50,2BhTL4XWzbpIpGoEPxAzwftjkG4=,vbXVveO0AYZI6w+N+nFjNWoIYp4=
69,-50,2BhTL4XWzbpIpGoEPxAzwftjkG4=,vbXVveO0AYZI6w+N+nFjNWoIYp4=
66,-56,2BhTL4XWzbpIpGoEPxAzwftjkG4=,vbXVveO0AYZI6w+N+nFjNWoIYp4=
70,-50,2BhTL4XWzbpIpGoEPxAzwftjkG4=,vbXVveO0AYZI6w+N+nFjNWoIYp4=
71,-50,2BhTL4XWzbpIpGoEPxAzwftjkG4=,vbXVveO0AYZI6w+N+nFjNWoIYp4=
71,-56,2BhTL4XWzbpIpGoEPxAzwftjkG4=,vbXVveO0AYZI6w+N+nFjNWoIYp4=
68,-49,2BhTL4XWzbpIpGoEPxAzwftjkG4=,vbXVveO0AYZI6w+N+nFjNWoIYp4=
69,-49,2BhTL4XWzbpIpGoEPxAzwftjkG4=,vbXVveO0AYZI6w+N+nFjNWoIYp4=
70,-49,2BhTL4XWzbpIpGoEPxAzwftjkG4=,vbXVveO0AYZI6w+N+nFjNWoIYp4=
71,-49,2BhTL4XWzbpIpGoEPxAzwftjkG4=,vbXVveO0AYZI6w+N+nFjNWoIYp4=
65,-57,2BhTL4XWzbpIpGoEPxAzwftjkG4=,Fh5GbOjTf9x/MyueEtQAvbVC5A8=
68,-55,2BhTL4XWzbpIpGoEPxAzwftjkG4=,vbXVveO0AYZI6w+N+nFjNWoIYp4=
67,-56,2BhTL4XWzbpIpGoEPxAzwftjkG4=,vbXVveO0AYZI6w+N+nFjNWoIYp4=
68,-56,2BhTL4XWzbpIpGoEPxAzwftjkG4=,vbXVveO0AYZI6w+N+nFjNWoIYp4=
67,-57,2BhTL4XWzbpIpGoEPxAzwftjkG4=,Fh5GbOjTf9x/MyueEtQAvbVC5A8=
69,-55,2BhTL4XWzbpIpGoEPxAzwftjkG4=,vbXVveO0AYZI6w+N+nFjNWoIYp4=
68,-57,2BhTL4XWzbpIpGoEPxAzwftjkG4=,Fh5GbOjTf9x/MyueEtQAvbVC5A8=
70,-56,2BhTL4XWzbpIpGoEPxAzwftjkG4=,vbXVveO0AYZI6w+N+nFjNWoIYp4=
70,-55,2BhTL4XWzbpIpGoEPxAzwftjkG4=,vbXVveO0AYZI6w+N+nFjNWoIYp4=
69,-57,2BhTL4XWzbpIpGoEPxAzwftjkG4=,Fh5GbOjTf9x/MyueEtQAvbVC5A8=
66,-57,2BhTL4XWzbpIpGoEPxAzwftjkG4=,Fh5GbOjTf9x/MyueEtQAvbVC5A8=
69,-56,2BhTL4XWzbpIpGoEPxAzwftjkG4=,vbXVveO0AYZI6w+N+nFjNWoIYp4=
64,-55,2BhTL4XWzbpIpGoEPxAzwftjkG4=,vbXVveO0AYZI6w+N+nFjNWoIYp4=
67,-60,2BhTL4XWzbpIpGoEPxAzwftjkG4=,Fh5GbOjTf9x/MyueEtQAvbVC5A8=
68,-54,2BhTL4XWzbpIpGoEPxAzwftjkG4=,vbXVveO0AYZI6w+N+nFjNWoIYp4=
67,-64,2BhTL4XWzbpIpGoEPxAzwftjkG4=,Fh5GbOjTf9x/MyueEtQAvbVC5A8=
64,-56,2BhTL4XWzbpIpGoEPxAzwftjkG4=,vbXVveO0AYZI6w+N+nFjNWoIYp4=
64,-53,2BhTL4XWzbpIpGoEPxAzwftjkG4=,vbXVveO0AYZI6w+N+nFjNWoIYp4=
65,-55,2BhTL4XWzbpIpGoEPxAzwftjkG4=,vbXVveO0AYZI6w+N+nFjNWoIYp4=
66,-54,2BhTL4XWzbpIpGoEPxAzwftjkG4=,vbXVveO0AYZI6w+N+nFjNWoIYp4=
67,-54,2BhTL4XWzbpIpGoEPxAzwftjkG4=,vbXVveO0AYZI6w+N+nFjNWoIYp4=
66,-60,2BhTL4XWzbpIpGoEPxAzwftjkG4=,Fh5GbOjTf9x/MyueEtQAvbVC5A8=
65,-56,2BhTL4XWzbpIpGoEPxAzwftjkG4=,vbXVveO0AYZI6w+N+nFjNWoIYp4=
64,-57,2BhTL4XWzbpIpGoEPxAzwftjkG4=,Fh5GbOjTf9x/MyueEtQAvbVC5A8=
68,-53,2BhTL4XWzbpIpGoEPxAzwftjkG4=,vbXVveO0AYZI6w+N+nFjNWoIYp4=
64,-54,2BhTL4XWzbpIpGoEPxAzwftjkG4=,vbXVveO0AYZI6w+N+nFjNWoIYp4=
67,-53,2BhTL4XWzbpIpGoEPxAzwftjkG4=,vbXVveO0AYZI6w+N+nFjNWoIYp4=
65,-54,2BhTL4XWzbpIpGoEPxAzwftjkG4=,vbXVveO0AYZI6w+N+nFjNWoIYp4=
64,-58,2BhTL4XWzbpIpGoEPxAzwftjkG4=,Fh5GbOjTf9x/MyueEtQAvbVC5A8=
68,-60,2BhTL4XWzbpIpGoEPxAzwftjkG4=,Fh5GbOjTf9x/MyueEtQAvbVC5A8=
68,-52,2BhTL4XWzbpIpGoEPxAzwftjkG4=,vbXVveO0AYZI6w+N+nFjNWoIYp4=
66,-59,2BhTL4XWzbpIpGoEPxAzwftjkG4=,Fh5GbOjTf9x/MyueEtQAvbVC5A8=
67,-62,2BhTL4XWzbpIpGoEPxAzwftjkG4=,Fh5GbOjTf9x/MyueEtQAvbVC5A8=
66,-53,2BhTL4XWzbpIpGoEPxAzwftjkG4=,vbXVveO0AYZI6w+N+nFjNWoIYp4=
65,-58,2BhTL4XWzbpIpGoEPxAzwftjkG4=,Fh5GbOjTf9x/MyueEtQAvbVC5A8=
67,-51,2BhTL4XWzbpIpGoEPxAzwftjkG4=,vbXVveO0AYZI6w+N+nFjNWoIYp4=
65,-53,2BhTL4XWzbpIpGoEPxAzwftjkG4=,vbXVveO0AYZI6w+N+nFjNWoIYp4=
67,-52,2BhTL4XWzbpIpGoEPxAzwftjkG4=,vbXVveO0AYZI6w+N+nFjNWoIYp4=
65,-59,2BhTL4XWzbpIpGoEPxAzwftjkG4=,Fh5GbOjTf9x/MyueEtQAvbVC5A8=
66,-52,2BhTL4XWzbpIpGoEPxAzwftjkG4=,vbXVveO0AYZI6w+N+nFjNWoIYp4=
65,-52,2BhTL4XWzbpIpGoEPxAzwftjkG4=,vbXVveO0AYZI6w+N+nFjNWoIYp4=
66,-50,2BhTL4XWzbpIpGoEPxAzwftjkG4=,vbXVveO0AYZI6w+N+nFjNWoIYp4=
64,-52,2BhTL4XWzbpIpGoEPxAzwftjkG4=,vbXVveO0AYZI6w+N+nFjNWoIYp4=
64,-51,2BhTL4XWzbpIpGoEPxAzwftjkG4=,vbXVveO0AYZI6w+N+nFjNWoIYp4=
65,-51,2BhTL4XWzbpIpGoEPxAzwftjkG4=,vbXVveO0AYZI6w+N+nFjNWoIYp4=
65,-50,2BhTL4XWzbpIpGoEPxAzwftjkG4=,vbXVveO0AYZI6w+N+nFjNWoIYp4=
64,-50,2BhTL4XWzbpIpGoEPxAzwftjkG4=,vbXVveO0AYZI6w+N+nFjNWoIYp4=
66,-58,2BhTL4XWzbpIpGoEPxAzwftjkG4=,Fh5GbOjTf9x/MyueEtQAvbVC5A8=
64,-49,2BhTL4XWzbpIpGoEPxAzwftjkG4=,vbXVveO0AYZI6w+N+nFjNWoIYp4=
67,-49,2BhTL4XWzbpIpGoEPxAzwftjkG4=,vbXVveO0AYZI6w+N+nFjNWoIYp4=
66,-49,2BhTL4XWzbpIpGoEPxAzwftjkG4=,vbXVveO0AYZI6w+N+nFjNWoIYp4=
65,-49,2BhTL4XWzbpIpGoEPxAzwftjkG4=,vbXVveO0AYZI6w+N+nFjNWoIYp4=
